time,name,user_id,guild_id,bot_id
2023-07-29 18:04:08,Summoner,383358222972616705,608967318789160970,938487470339801169
2023-07-29 18:44:10,InfoMatches,383358222972616705,608967318789160970,938487470339801169
2023-07-29 18:45:29,infomatchesSlash,383358222972616705,608967318789160970,938487470339801169
2023-07-29 18:53:27,InfoMatches,383358222972616705,608967318789160970,938487470339801169
2023-07-29 18:53:53,InfoMatches,383358222972616705,608967318789160970,938487470339801169
2023-07-29 19:25:28,Summoner,383358222972616705,608967318789160970,938487470339801169
2023-07-29 20:25:32,GameRank,383358222972616705,608967318789160970,938487470339801169
2023-07-29 21:24:26,InfoMatches,383358222972616705,608967318789160970,938487470339801169
2023-07-29 21:24:36,Summoner,383358222972616705,608967318789160970,938487470339801169
2023-07-29 21:31:12,championSlash,383358222972616705,608967318789160970,938487470339801169
2023-07-30 10:52:28,InfoMatches,383358222972616705,608967318789160970,938487470339801169
2023-07-30 14:13:29,Summoner,383358222972616705,608967318789160970,938487470339801169
2023-07-30 14:15:19,Summoner,383358222972616705,608967318789160970,938487470339801169
2023-07-30 15:32:35,GameRank,383358222972616705,608967318789160970,938487470339801169
2023-07-30 21:38:24,GameRank,383358222972616705,608967318789160970,938487470339801169
2023-07-31 13:38:24,Query,383358222972616705,608967318789160970,938487470339801169
2023-07-31 14:16:46,InfoMatches,383358222972616705,608967318789160970,938487470339801169
2023-07-31 14:17:05,InfoMatches,383358222972616705,608967318789160970,938487470339801169
2023-07-31 20:22:36,GameRank,383358222972616705,608967318789160970,938487470339801169
2023-07-31 22:39:38,Summoner,383358222972616705,608967318789160970,938487470339801169
2023-07-31 22:39:49,Summoner,383358222972616705,608967318789160970,938487470339801169
2023-07-31 22:47:57,GameRank,383358222972616705,608967318789160970,938487470339801169
2023-07-31 22:48:05,GameRank,383358222972616705,608967318789160970,938487470339801169
2023-08-01 23:04:41,Summoner,383358222972616705,608967318789160970,938487470339801169
2023-08-02 16:57:38,PlaySound,707479292644163604,474935164451946506,938487470339801169
2023-08-04 10:14:18,PlaySound,707479292644163604,474935164451946506,938487470339801169
2023-08-04 10:14:31,PlaySound,707479292644163604,474935164451946506,938487470339801169
2023-08-04 10:14:51,PlaySound,707479292644163604,474935164451946506,938487470339801169
2023-08-04 10:15:13,PlaySound,707479292644163604,474935164451946506,938487470339801169
2023-08-04 10:15:34,PlaySound,707479292644163604,474935164451946506,938487470339801169
2023-08-04 10:15:38,PlaySound,707479292644163604,474935164451946506,938487470339801169
2023-08-04 10:15:42,PlaySound,707479292644163604,474935164451946506,938487470339801169
2023-08-04 10:16:38,PlaySound,707479292644163604,474935164451946506,938487470339801169
2023-08-04 10:17:01,PlaySound,707479292644163604,474935164451946506,938487470339801169
2023-08-04 10:17:05,PlaySound,707479292644163604,474935164451946506,938487470339801169
2023-08-04 10:17:23,TTS,707479292644163604,474935164451946506,938487470339801169
2023-08-04 10:17:24,TTS,440489230968553472,474935164451946506,938487470339801169
2023-08-04 10:17:29,TTS,440489230968553472,474935164451946506,938487470339801169
2023-08-04 10:17:36,TTS,440489230968553472,474935164451946506,938487470339801169
2023-08-04 10:17:39,TTS,440489230968553472,474935164451946506,938487470339801169
2023-08-04 10:17:42,TTS,440489230968553472,474935164451946506,938487470339801169
2023-08-04 10:17:45,TTS,707479292644163604,474935164451946506,938487470339801169
2023-08-04 10:17:49,TTS,440489230968553472,474935164451946506,938487470339801169
2023-08-04 10:17:57,TTS,440489230968553472,474935164451946506,938487470339801169
2023-08-04 10:17:59,TTS,440489230968553472,474935164451946506,938487470339801169
2023-08-04 10:18:05,PlaySound,707479292644163604,474935164451946506,938487470339801169
2023-08-04 10:18:05,TTS,440489230968553472,474935164451946506,938487470339801169
2023-08-04 10:18:12,TTS,440489230968553472,474935164451946506,938487470339801169
2023-08-04 10:18:13,TTS,707479292644163604,474935164451946506,938487470339801169
2023-08-04 10:18:37,TTS,707479292644163604,474935164451946506,938487470339801169
2023-08-04 10:19:13,PlayYoutube,440489230968553472,474935164451946506,938487470339801169
2023-08-04 10:19:21,PlayYoutube,440489230968553472,474935164451946506,938487470339801169
2023-08-04 10:19:35,Stop,440489230968553472,474935164451946506,938487470339801169
2023-08-04 10:19:38,TTS,707479292644163604,474935164451946506,938487470339801169
2023-08-04 10:19:50,PlayYoutube,440489230968553472,474935164451946506,938487470339801169
2023-08-04 10:20:51,PlaySound,707479292644163604,474935164451946506,938487470339801169
2023-08-04 10:21:15,PlayYoutube,440489230968553472,474935164451946506,938487470339801169
2023-08-04 10:22:51,PlayYoutube,707479292644163604,474935164451946506,938487470339801169
2023-08-04 10:23:06,PlayYoutube,707479292644163604,474935164451946506,938487470339801169
2023-08-04 10:23:24,Stop,440489230968553472,474935164451946506,938487470339801169
2023-08-04 10:35:36,PlayYoutube,707479292644163604,474935164451946506,938487470339801169
2023-08-04 10:36:08,Stop,707479292644163604,474935164451946506,938487470339801169
2023-08-04 14:17:14,Query,383358222972616705,474935164451946506,938487470339801169
2023-08-04 16:30:00,InfoMatches,383358222972616705,474935164451946506,938487470339801169
2023-08-05 08:59:32,Help,383358222972616705,474935164451946506,938487470339801169
2023-08-05 17:51:18,stopSlash,857323723845533728,983324272627974144,938487470339801169
2023-08-05 17:51:30,playSlash,857323723845533728,983324272627974144,938487470339801169
2023-08-05 17:53:20,playSlash,398851847886077962,983324272627974144,938487470339801169
2023-08-05 17:55:13,playSlash,857323723845533728,983324272627974144,938487470339801169
2023-08-05 17:55:38,playSlash,857323723845533728,983324272627974144,938487470339801169
2023-08-05 17:56:21,playSlash,857323723845533728,983324272627974144,938487470339801169
2023-08-05 17:57:44,playSlash,857323723845533728,983324272627974144,938487470339801169
2023-08-05 17:58:16,playSlash,857323723845533728,983324272627974144,938487470339801169
2023-08-05 18:00:05,playSlash,857323723845533728,983324272627974144,938487470339801169
2023-08-05 18:01:42,stopSlash,857323723845533728,983324272627974144,938487470339801169
2023-08-05 18:03:47,playSlash,857323723845533728,983324272627974144,938487470339801169
2023-08-05 18:11:07,playSlash,857323723845533728,983324272627974144,938487470339801169
2023-08-05 18:11:22,playSlash,857323723845533728,983324272627974144,938487470339801169
2023-08-05 18:11:37,playSlash,857323723845533728,983324272627974144,938487470339801169
2023-08-05 18:11:58,playSlash,398851847886077962,983324272627974144,938487470339801169
2023-08-05 18:12:03,playSlash,857323723845533728,983324272627974144,938487470339801169
2023-08-05 18:13:24,playSlash,857323723845533728,983324272627974144,938487470339801169
2023-08-05 18:17:02,playSlash,857323723845533728,983324272627974144,938487470339801169
2023-08-05 18:18:38,playSlash,857323723845533728,983324272627974144,938487470339801169
2023-08-05 18:33:42,playSlash,857323723845533728,983324272627974144,938487470339801169
2023-08-05 18:33:54,playSlash,857323723845533728,983324272627974144,938487470339801169
2023-08-06 17:21:34,PlayYoutube,440489230968553472,474935164451946506,938487470339801169
2023-08-06 17:21:44,PlayYoutube,440489230968553472,474935164451946506,938487470339801169
2023-08-06 17:21:53,PlayYoutube,440489230968553472,474935164451946506,938487470339801169
2023-08-06 17:22:14,PlaySound,707479292644163604,474935164451946506,938487470339801169
2023-08-06 17:22:28,PlaySound,707479292644163604,474935164451946506,938487470339801169
2023-08-06 17:23:06,TTS,707479292644163604,474935164451946506,938487470339801169
2023-08-06 17:23:07,PlayYoutube,440489230968553472,474935164451946506,938487470339801169
2023-08-06 17:23:20,TTS,707479292644163604,474935164451946506,938487470339801169
2023-08-06 17:23:28,TTS,707479292644163604,474935164451946506,938487470339801169
2023-08-06 17:23:37,TTS,440489230968553472,474935164451946506,938487470339801169
2023-08-06 17:23:47,TTS,440489230968553472,474935164451946506,938487470339801169
2023-08-06 17:23:49,PlaySound,707479292644163604,474935164451946506,938487470339801169
2023-08-06 17:23:52,TTS,440489230968553472,474935164451946506,938487470339801169
2023-08-06 17:23:54,TTS,707479292644163604,474935164451946506,938487470339801169
2023-08-06 17:23:58,TTS,440489230968553472,474935164451946506,938487470339801169
2023-08-06 17:24:09,TTS,440489230968553472,474935164451946506,938487470339801169
2023-08-06 17:24:22,TTS,707479292644163604,474935164451946506,938487470339801169
2023-08-06 17:24:52,TTS,440489230968553472,474935164451946506,938487470339801169
2023-08-06 17:25:12,TTS,440489230968553472,474935164451946506,938487470339801169
2023-08-06 17:25:34,TTS,440489230968553472,474935164451946506,938487470339801169
2023-08-06 17:25:40,TTS,440489230968553472,474935164451946506,938487470339801169
2023-08-07 07:42:36,InfoMatches,383358222972616705,474935164451946506,938487470339801169
2023-08-07 14:08:34,LastMatches,383358222972616705,474935164451946506,938487470339801169
2023-08-07 20:36:25,GameRank,383358222972616705,474935164451946506,938487470339801169
2023-08-09 22:32:50,playSlash,398851847886077962,983324272627974144,938487470339801169
2023-08-09 22:36:37,playSlash,398851847886077962,983324272627974144,938487470339801169
2023-08-10 18:49:17,PlayYoutube,440489230968553472,474935164451946506,938487470339801169
2023-08-10 18:50:06,PlayYoutube,440489230968553472,474935164451946506,938487470339801169
2023-08-10 18:50:14,Stop,440489230968553472,474935164451946506,938487470339801169
2023-08-10 18:59:00,PlayYoutube,440489230968553472,474935164451946506,938487470339801169
2023-08-10 18:59:26,PlayYoutube,440489230968553472,474935164451946506,938487470339801169
2023-08-10 19:02:30,PlayYoutube,440489230968553472,474935164451946506,938487470339801169
2023-08-10 19:03:08,PlayYoutube,440489230968553472,474935164451946506,938487470339801169
2023-08-10 19:03:40,PlayYoutube,440489230968553472,474935164451946506,938487470339801169
2023-08-10 19:03:46,Stop,440489230968553472,474935164451946506,938487470339801169
2023-08-10 19:03:50,PlayYoutube,440489230968553472,474935164451946506,938487470339801169
2023-08-12 13:36:15,PlaySound,707479292644163604,474935164451946506,938487470339801169
2023-08-13 08:54:24,Leaderboard,383358222972616705,474935164451946506,938487470339801169
2023-08-14 23:33:12,Summoner,383358222972616705,474935164451946506,938487470339801169
2023-08-14 23:33:21,Summoner,383358222972616705,474935164451946506,938487470339801169
2023-08-15 19:32:16,Summoner,383358222972616705,474935164451946506,938487470339801169
2023-08-15 19:32:30,Summoner,383358222972616705,474935164451946506,938487470339801169
2023-08-15 19:32:39,Summoner,383358222972616705,474935164451946506,938487470339801169
2023-08-18 11:31:35,Summoner,383358222972616705,474935164451946506,938487470339801169
2023-08-18 11:31:46,Summoner,383358222972616705,474935164451946506,938487470339801169
2023-08-18 15:55:29,helpSlash,383358222972616705,474935164451946506,938487470339801169
2023-08-20 13:03:18,playSlash,398851847886077962,983324272627974144,938487470339801169
2023-08-20 13:06:46,playSlash,398851847886077962,983324272627974144,938487470339801169
2023-08-21 12:41:09,Upload,383358222972616705,474935164451946506,938487470339801169
2023-08-21 12:41:25,PlaySound,383358222972616705,474935164451946506,938487470339801169
2023-08-21 12:46:41,PlaySound,707479292644163604,474935164451946506,938487470339801169
2023-08-21 12:46:50,PlaySound,383358222972616705,474935164451946506,938487470339801169
2023-08-21 12:47:04,PlaySound,707479292644163604,474935164451946506,938487470339801169
2023-08-21 12:47:17,PlaySound,707479292644163604,474935164451946506,938487470339801169
2023-08-21 12:47:27,Query,383358222972616705,474935164451946506,938487470339801169
2023-08-21 12:47:53,PlaySound,707479292644163604,474935164451946506,938487470339801169
2023-08-21 12:48:04,PlaySound,707479292644163604,474935164451946506,938487470339801169
2023-08-21 12:48:09,Query,383358222972616705,474935164451946506,938487470339801169
2023-08-21 12:48:42,MemberInfo,383358222972616705,474935164451946506,938487470339801169
2023-08-21 12:48:51,PlaySound,707479292644163604,474935164451946506,938487470339801169
2023-08-21 12:49:13,PlaySound,707479292644163604,474935164451946506,938487470339801169
2023-08-21 12:49:27,PlaySound,707479292644163604,474935164451946506,938487470339801169
2023-08-21 12:49:39,PlaySound,707479292644163604,474935164451946506,938487470339801169
2023-08-21 12:49:41,MemberInfo,383358222972616705,474935164451946506,938487470339801169
2023-08-21 12:50:18,MemberInfo,383358222972616705,474935164451946506,938487470339801169
2023-08-21 12:50:43,ListGuild,383358222972616705,474935164451946506,938487470339801169
2023-08-21 12:51:35,PlaySound,707479292644163604,474935164451946506,938487470339801169
2023-08-21 12:52:18,PlaySound,707479292644163604,474935164451946506,938487470339801169
2023-08-21 12:52:25,PlaySound,707479292644163604,474935164451946506,938487470339801169
2023-08-21 12:52:34,PlaySound,707479292644163604,474935164451946506,938487470339801169
2023-08-21 12:52:38,PlaySound,707479292644163604,474935164451946506,938487470339801169
2023-08-21 12:55:25,playSlash,383358222972616705,474935164451946506,938487470339801169
2023-08-21 12:55:30,playSlash,383358222972616705,474935164451946506,938487470339801169
2023-08-21 12:58:30,playSlash,219797089037582337,608967318789160970,938487470339801169
2023-08-21 13:00:23,PlaySound,707479292644163604,474935164451946506,938487470339801169
2023-08-21 13:00:29,PlaySound,707479292644163604,474935164451946506,938487470339801169
2023-08-21 13:00:58,Query,707479292644163604,474935164451946506,938487470339801169
2023-08-21 13:01:42,PlaySound,707479292644163604,474935164451946506,938487470339801169
2023-08-21 13:01:57,Query,383358222972616705,474935164451946506,938487470339801169
2023-08-21 13:02:37,PlaySound,707479292644163604,474935164451946506,938487470339801169
2023-08-21 13:06:13,PlaySound,707479292644163604,474935164451946506,938487470339801169
2023-08-21 13:07:18,PlaySound,707479292644163604,474935164451946506,938487470339801169
2023-08-21 13:07:26,PlaySound,707479292644163604,474935164451946506,938487470339801169
2023-08-21 13:07:52,Query,383358222972616705,474935164451946506,938487470339801169
2023-08-21 13:08:06,PlaySound,707479292644163604,474935164451946506,938487470339801169
2023-08-21 13:10:28,Query,383358222972616705,474935164451946506,938487470339801169
2023-08-21 13:10:53,Query,383358222972616705,474935164451946506,938487470339801169
2023-08-21 13:10:54,PlaySound,707479292644163604,474935164451946506,938487470339801169
2023-08-21 13:11:24,Query,383358222972616705,474935164451946506,938487470339801169
2023-08-21 13:11:27,Query,383358222972616705,474935164451946506,938487470339801169
2023-08-21 13:11:28,Query,383358222972616705,474935164451946506,938487470339801169
2023-08-21 13:12:00,MemberInfo,383358222972616705,474935164451946506,938487470339801169
2023-08-21 13:12:50,Query,383358222972616705,474935164451946506,938487470339801169
2023-08-21 13:13:01,Query,383358222972616705,474935164451946506,938487470339801169
2023-08-21 13:13:36,PlaySound,707479292644163604,474935164451946506,938487470339801169
2023-08-21 13:40:28,PlayYoutube,440489230968553472,474935164451946506,938487470339801169
2023-08-21 13:50:51,PlayYoutube,440489230968553472,474935164451946506,938487470339801169
2023-08-21 13:50:56,Clear,440489230968553472,474935164451946506,938487470339801169
2023-08-21 13:51:07,Stop,440489230968553472,474935164451946506,938487470339801169
2023-08-21 13:51:34,PlayYoutube,707479292644163604,474935164451946506,938487470339801169
2023-08-21 14:06:15,PlaySound,707479292644163604,474935164451946506,938487470339801169
2023-08-23 20:52:57,levelupSlash,383358222972616705,474935164451946506,938487470339801169
2023-08-23 20:53:13,levelupSlash,383358222972616705,474935164451946506,938487470339801169
2023-08-23 20:53:37,levelupSlash,383358222972616705,474935164451946506,938487470339801169
2023-08-23 20:54:14,levelupSlash,383358222972616705,474935164451946506,938487470339801169
2023-08-23 21:32:20,PlaySound,707479292644163604,474935164451946506,938487470339801169
2023-08-23 21:53:06,Clear,383358222972616705,474935164451946506,938487470339801169
2023-08-24 22:38:35,playSlash,398851847886077962,983324272627974144,938487470339801169
2023-08-24 22:40:23,playSlash,398851847886077962,983324272627974144,938487470339801169
2023-08-24 22:42:46,playSlash,398851847886077962,983324272627974144,938487470339801169
2023-08-24 22:43:23,playSlash,398851847886077962,983324272627974144,938487470339801169
2023-08-24 22:44:05,playSlash,398851847886077962,983324272627974144,938487470339801169
2023-08-26 15:33:33,PlaySound,383358222972616705,474935164451946506,938487470339801169
2023-08-26 15:33:36,PlaySound,383358222972616705,474935164451946506,938487470339801169
2023-08-26 15:34:30,Clear,383358222972616705,474935164451946506,938487470339801169
2023-08-26 18:01:00,Help,440489230968553472,474935164451946506,938487470339801169
2023-08-26 18:01:34,PlayYoutube,440489230968553472,474935164451946506,938487470339801169
2023-08-26 18:03:05,PlayYoutube,440489230968553472,474935164451946506,938487470339801169
2023-08-26 18:03:25,Stop,440489230968553472,474935164451946506,938487470339801169
2023-08-26 18:03:33,PlaySound,440489230968553472,474935164451946506,938487470339801169
2023-08-26 18:04:01,PlaySound,383358222972616705,474935164451946506,938487470339801169
2023-08-26 18:04:02,Stop,383358222972616705,474935164451946506,938487470339801169
2023-08-26 20:59:49,PlayYoutube,383358222972616705,474935164451946506,938487470339801169
2023-08-26 21:02:14,PlayYoutube,383358222972616705,474935164451946506,938487470339801169
2023-08-26 21:02:28,PlayYoutube,383358222972616705,474935164451946506,938487470339801169
2023-08-26 21:02:35,Stop,383358222972616705,474935164451946506,938487470339801169
2023-08-27 13:44:35,PlayYoutube,440489230968553472,474935164451946506,938487470339801169
2023-08-27 13:44:42,PlayYoutube,440489230968553472,474935164451946506,938487470339801169
2023-08-27 19:58:34,Clear,440489230968553472,876606568412639272,938487470339801169
2023-08-27 22:08:57,PlaySound,707479292644163604,474935164451946506,938487470339801169
2023-08-29 16:50:53,PlaySound,707479292644163604,474935164451946506,938487470339801169
2023-08-29 16:55:04,Query,440489230968553472,474935164451946506,938487470339801169
2023-08-29 16:55:28,Query,440489230968553472,474935164451946506,938487470339801169
2023-08-29 16:55:37,PlayYoutube,707479292644163604,474935164451946506,938487470339801169
2023-08-29 16:55:54,Query,440489230968553472,474935164451946506,938487470339801169
2023-08-29 16:57:31,MemberInfo,440489230968553472,474935164451946506,938487470339801169
2023-08-29 16:59:03,Query,440489230968553472,474935164451946506,938487470339801169
2023-08-29 16:59:23,Query,440489230968553472,474935164451946506,938487470339801169
2023-08-29 17:02:02,PlayYoutube,440489230968553472,474935164451946506,938487470339801169
2023-08-29 17:02:38,PlayYoutube,440489230968553472,474935164451946506,938487470339801169
2023-08-29 17:02:45,Clear,440489230968553472,474935164451946506,938487470339801169
2023-08-29 18:22:17,PlayYoutube,440489230968553472,474935164451946506,938487470339801169
2023-08-29 18:22:19,Stop,440489230968553472,474935164451946506,938487470339801169
2023-08-29 18:23:42,PlayYoutube,440489230968553472,474935164451946506,938487470339801169
2023-08-29 18:23:44,Stop,440489230968553472,474935164451946506,938487470339801169
2023-08-29 18:23:56,PlayYoutube,440489230968553472,474935164451946506,938487470339801169
2023-08-29 18:23:58,Stop,440489230968553472,474935164451946506,938487470339801169
2023-08-29 18:24:08,PlayYoutube,440489230968553472,474935164451946506,938487470339801169
2023-08-29 18:24:10,Stop,440489230968553472,474935164451946506,938487470339801169
2023-08-29 18:26:11,PlayYoutube,440489230968553472,474935164451946506,938487470339801169
2023-08-29 18:26:13,Stop,440489230968553472,474935164451946506,938487470339801169
2023-08-29 18:26:30,PlayYoutube,440489230968553472,474935164451946506,938487470339801169
2023-08-29 18:26:33,Stop,440489230968553472,474935164451946506,938487470339801169
2023-08-29 18:26:47,PlayYoutube,440489230968553472,474935164451946506,938487470339801169
2023-08-29 18:26:50,Stop,440489230968553472,474935164451946506,938487470339801169
2023-08-31 11:59:29,Help,383358222972616705,608967318789160970,938487470339801169
2023-08-31 21:02:25,MemberInfo,383358222972616705,474935164451946506,938487470339801169
2023-08-31 21:02:54,MemberInfo,383358222972616705,474935164451946506,938487470339801169
2023-08-31 21:03:04,MemberInfo,383358222972616705,474935164451946506,938487470339801169
2023-08-31 21:03:13,MemberInfo,383358222972616705,474935164451946506,938487470339801169
2023-08-31 21:03:42,Query,440489230968553472,474935164451946506,938487470339801169
2023-08-31 21:04:09,Query,383358222972616705,474935164451946506,938487470339801169
2023-08-31 21:04:21,Query,383358222972616705,474935164451946506,938487470339801169
2023-08-31 21:04:56,PlaySound,383358222972616705,474935164451946506,938487470339801169
2023-08-31 21:05:05,PlaySound,383358222972616705,474935164451946506,938487470339801169
2023-08-31 21:05:18,Query,383358222972616705,474935164451946506,938487470339801169
2023-08-31 21:05:49,Query,383358222972616705,474935164451946506,938487470339801169
2023-08-31 21:07:08,Query,383358222972616705,474935164451946506,938487470339801169
2023-08-31 21:07:27,Query,383358222972616705,474935164451946506,938487470339801169
2023-08-31 21:09:21,Leaderboard,440489230968553472,474935164451946506,938487470339801169
2023-08-31 21:10:17,Leaderboard,440489230968553472,474935164451946506,938487470339801169
2023-08-31 21:10:23,playSlash,404277619094192138,983324272627974144,938487470339801169
2023-08-31 21:10:28,Leaderboard,440489230968553472,474935164451946506,938487470339801169
2023-08-31 21:11:11,PlaySound,383358222972616705,474935164451946506,938487470339801169
2023-08-31 21:11:12,Stop,383358222972616705,474935164451946506,938487470339801169
2023-08-31 21:14:44,Query,383358222972616705,474935164451946506,938487470339801169
2023-08-31 21:14:59,Query,383358222972616705,474935164451946506,938487470339801169
2023-08-31 21:15:09,Query,383358222972616705,474935164451946506,938487470339801169
2023-08-31 21:15:32,Query,383358222972616705,474935164451946506,938487470339801169
2023-08-31 21:57:14,TTS,383358222972616705,474935164451946506,938487470339801169
2023-08-31 23:57:08,PlaySound,707479292644163604,474935164451946506,938487470339801169
2023-09-01 11:11:37,PlaySound,707479292644163604,474935164451946506,938487470339801169
2023-09-01 11:13:05,PlaySound,707479292644163604,474935164451946506,938487470339801169
2023-09-01 11:13:12,PlaySound,707479292644163604,474935164451946506,938487470339801169
2023-09-01 11:13:48,PlaySound,707479292644163604,474935164451946506,938487470339801169
2023-09-01 11:14:07,PlaySound,707479292644163604,474935164451946506,938487470339801169
2023-09-01 11:14:45,PlaySound,707479292644163604,474935164451946506,938487470339801169
2023-09-01 11:15:45,PlaySound,707479292644163604,474935164451946506,938487470339801169
2023-09-01 11:16:01,PlaySound,707479292644163604,474935164451946506,938487470339801169
2023-09-01 11:16:40,PlaySound,707479292644163604,474935164451946506,938487470339801169
2023-09-01 11:16:52,PlaySound,707479292644163604,474935164451946506,938487470339801169
2023-09-01 11:17:41,PlaySound,707479292644163604,474935164451946506,938487470339801169
2023-09-01 11:21:14,TTS,383358222972616705,474935164451946506,938487470339801169
2023-09-01 11:21:19,TTS,383358222972616705,474935164451946506,938487470339801169
2023-09-01 11:21:32,TTS,383358222972616705,474935164451946506,938487470339801169
2023-09-01 11:21:48,TTS,383358222972616705,474935164451946506,938487470339801169
2023-09-01 11:21:59,TTS,383358222972616705,474935164451946506,938487470339801169
2023-09-01 11:22:12,TTS,383358222972616705,474935164451946506,938487470339801169
2023-09-01 11:22:17,TTS,383358222972616705,474935164451946506,938487470339801169
2023-09-01 11:22:28,TTS,383358222972616705,474935164451946506,938487470339801169
2023-09-01 11:22:41,TTS,383358222972616705,474935164451946506,938487470339801169
2023-09-01 11:22:49,TTS,383358222972616705,474935164451946506,938487470339801169
2023-09-01 11:22:56,TTS,383358222972616705,474935164451946506,938487470339801169
2023-09-01 11:23:02,TTS,383358222972616705,474935164451946506,938487470339801169
2023-09-01 11:23:11,TTS,383358222972616705,474935164451946506,938487470339801169
2023-09-01 11:23:25,TTS,383358222972616705,474935164451946506,938487470339801169
2023-09-01 11:23:39,TTS,383358222972616705,474935164451946506,938487470339801169
2023-09-01 11:23:51,TTS,383358222972616705,474935164451946506,938487470339801169
2023-09-01 11:23:57,TTS,383358222972616705,474935164451946506,938487470339801169
2023-09-01 11:24:07,TTS,383358222972616705,474935164451946506,938487470339801169
2023-09-01 11:24:15,TTS,383358222972616705,474935164451946506,938487470339801169
2023-09-01 11:24:32,TTS,383358222972616705,474935164451946506,938487470339801169
2023-09-01 11:25:06,TTS,383358222972616705,474935164451946506,938487470339801169
2023-09-01 11:25:33,TTS,383358222972616705,474935164451946506,938487470339801169
2023-09-01 11:25:45,TTS,383358222972616705,474935164451946506,938487470339801169
2023-09-01 11:25:53,TTS,383358222972616705,474935164451946506,938487470339801169
2023-09-01 11:26:05,TTS,383358222972616705,474935164451946506,938487470339801169
2023-09-01 11:26:23,TTS,383358222972616705,474935164451946506,938487470339801169
2023-09-01 11:26:51,TTS,383358222972616705,474935164451946506,938487470339801169
2023-09-01 11:26:57,TTS,383358222972616705,474935164451946506,938487470339801169
2023-09-01 11:27:16,TTS,383358222972616705,474935164451946506,938487470339801169
2023-09-01 11:27:27,TTS,383358222972616705,474935164451946506,938487470339801169
2023-09-01 11:27:58,TTS,383358222972616705,474935164451946506,938487470339801169
2023-09-01 11:28:13,TTS,383358222972616705,474935164451946506,938487470339801169
2023-09-01 11:28:20,TTS,383358222972616705,474935164451946506,938487470339801169
2023-09-01 11:28:24,TTS,383358222972616705,474935164451946506,938487470339801169
2023-09-01 11:28:28,TTS,383358222972616705,474935164451946506,938487470339801169
2023-09-01 11:29:16,TTS,383358222972616705,474935164451946506,938487470339801169
2023-09-01 11:29:38,TTS,383358222972616705,474935164451946506,938487470339801169
2023-09-01 11:29:58,TTS,383358222972616705,474935164451946506,938487470339801169
2023-09-01 11:30:20,TTS,383358222972616705,474935164451946506,938487470339801169
2023-09-01 11:30:31,TTS,383358222972616705,474935164451946506,938487470339801169
2023-09-01 11:30:37,TTS,383358222972616705,474935164451946506,938487470339801169
2023-09-01 11:30:40,TTS,383358222972616705,474935164451946506,938487470339801169
2023-09-01 11:31:01,TTS,383358222972616705,474935164451946506,938487470339801169
2023-09-01 11:31:06,TTS,383358222972616705,474935164451946506,938487470339801169
2023-09-01 11:31:14,TTS,383358222972616705,474935164451946506,938487470339801169
2023-09-01 11:31:20,TTS,383358222972616705,474935164451946506,938487470339801169
2023-09-01 11:31:29,TTS,383358222972616705,474935164451946506,938487470339801169
2023-09-01 11:31:42,TTS,383358222972616705,474935164451946506,938487470339801169
2023-09-01 11:31:52,TTS,383358222972616705,474935164451946506,938487470339801169
2023-09-01 11:32:09,TTS,383358222972616705,474935164451946506,938487470339801169
2023-09-01 11:32:28,TTS,383358222972616705,474935164451946506,938487470339801169
2023-09-01 11:32:43,PlaySound,383358222972616705,474935164451946506,938487470339801169
2023-09-01 11:32:43,Stop,383358222972616705,474935164451946506,938487470339801169
2023-09-01 11:32:48,TTS,383358222972616705,474935164451946506,938487470339801169
2023-09-01 11:32:53,TTS,383358222972616705,474935164451946506,938487470339801169
2023-09-01 11:33:02,TTS,383358222972616705,474935164451946506,938487470339801169
2023-09-01 11:33:07,TTS,383358222972616705,474935164451946506,938487470339801169
2023-09-01 11:33:09,TTS,383358222972616705,474935164451946506,938487470339801169
2023-09-01 11:33:14,TTS,383358222972616705,474935164451946506,938487470339801169
2023-09-01 11:33:21,TTS,383358222972616705,474935164451946506,938487470339801169
2023-09-01 11:33:28,TTS,383358222972616705,474935164451946506,938487470339801169
2023-09-01 11:33:35,TTS,383358222972616705,474935164451946506,938487470339801169
2023-09-01 11:33:58,TTS,383358222972616705,474935164451946506,938487470339801169
2023-09-01 11:34:05,TTS,383358222972616705,474935164451946506,938487470339801169
2023-09-01 11:34:12,TTS,383358222972616705,474935164451946506,938487470339801169
2023-09-01 11:35:13,TTS,383358222972616705,474935164451946506,938487470339801169
2023-09-01 11:35:18,TTS,383358222972616705,474935164451946506,938487470339801169
2023-09-01 11:35:34,TTS,707479292644163604,474935164451946506,938487470339801169
2023-09-01 11:35:46,TTS,383358222972616705,474935164451946506,938487470339801169
2023-09-01 11:36:26,TTS,383358222972616705,474935164451946506,938487470339801169
2023-09-01 11:36:39,TTS,383358222972616705,474935164451946506,938487470339801169
2023-09-01 11:36:57,TTS,383358222972616705,474935164451946506,938487470339801169
2023-09-01 11:37:09,TTS,383358222972616705,474935164451946506,938487470339801169
2023-09-01 11:38:36,TTS,383358222972616705,474935164451946506,938487470339801169
2023-09-01 11:38:44,TTS,383358222972616705,474935164451946506,938487470339801169
2023-09-01 11:38:59,TTS,383358222972616705,474935164451946506,938487470339801169
2023-09-01 11:39:05,TTS,383358222972616705,474935164451946506,938487470339801169
2023-09-01 11:39:19,TTS,383358222972616705,474935164451946506,938487470339801169
2023-09-01 11:39:27,TTS,383358222972616705,474935164451946506,938487470339801169
2023-09-01 11:39:28,TTS,383358222972616705,474935164451946506,938487470339801169
2023-09-01 11:39:36,TTS,383358222972616705,474935164451946506,938487470339801169
2023-09-01 11:39:50,TTS,383358222972616705,474935164451946506,938487470339801169
2023-09-01 11:39:57,TTS,383358222972616705,474935164451946506,938487470339801169
2023-09-01 11:40:31,Query,383358222972616705,474935164451946506,938487470339801169
2023-09-01 11:40:39,TTS,383358222972616705,474935164451946506,938487470339801169
2023-09-01 11:40:49,Query,383358222972616705,474935164451946506,938487470339801169
2023-09-01 11:40:53,TTS,383358222972616705,474935164451946506,938487470339801169
2023-09-01 11:41:01,TTS,383358222972616705,474935164451946506,938487470339801169
2023-09-01 11:41:09,TTS,383358222972616705,474935164451946506,938487470339801169
2023-09-01 11:41:19,TTS,383358222972616705,474935164451946506,938487470339801169
2023-09-01 11:41:26,TTS,383358222972616705,474935164451946506,938487470339801169
2023-09-01 11:41:49,PlaySound,707479292644163604,474935164451946506,938487470339801169
2023-09-01 11:41:53,PlaySound,707479292644163604,474935164451946506,938487470339801169
2023-09-01 11:41:56,PlaySound,707479292644163604,474935164451946506,938487470339801169
2023-09-01 11:42:21,PlaySound,707479292644163604,474935164451946506,938487470339801169
2023-09-01 11:42:53,PlaySound,707479292644163604,474935164451946506,938487470339801169
2023-09-01 11:43:10,Query,707479292644163604,474935164451946506,938487470339801169
2023-09-01 11:45:12,PlaySound,707479292644163604,474935164451946506,938487470339801169
2023-09-01 11:45:15,PlaySound,707479292644163604,474935164451946506,938487470339801169
2023-09-01 11:49:41,PlaySound,707479292644163604,474935164451946506,938487470339801169
2023-09-01 11:50:09,PlayYoutube,707479292644163604,474935164451946506,938487470339801169
2023-09-01 12:00:22,PlayYoutube,707479292644163604,474935164451946506,938487470339801169
2023-09-01 12:01:01,PlayYoutube,707479292644163604,474935164451946506,938487470339801169
2023-09-01 12:02:32,PlaySound,707479292644163604,474935164451946506,938487470339801169
2023-09-01 12:02:39,PlaySound,707479292644163604,474935164451946506,938487470339801169
2023-09-01 12:02:50,PlaySound,707479292644163604,474935164451946506,938487470339801169
2023-09-01 12:02:56,PlaySound,707479292644163604,474935164451946506,938487470339801169
2023-09-01 12:05:35,PlayYoutube,707479292644163604,474935164451946506,938487470339801169
2023-09-01 12:06:18,Stop,440489230968553472,474935164451946506,938487470339801169
2023-09-01 12:07:31,PlayYoutube,707479292644163604,474935164451946506,938487470339801169
2023-09-01 12:11:09,TTS,383358222972616705,474935164451946506,938487470339801169
2023-09-01 12:26:40,PlayYoutube,707479292644163604,474935164451946506,938487470339801169
2023-09-01 12:34:27,PlayYoutube,707479292644163604,474935164451946506,938487470339801169
2023-09-01 12:37:14,PlayYoutube,707479292644163604,474935164451946506,938487470339801169
2023-09-01 12:37:33,PlayYoutube,707479292644163604,474935164451946506,938487470339801169
2023-09-01 12:38:11,PlayYoutube,707479292644163604,474935164451946506,938487470339801169
2023-09-01 12:41:06,PlayYoutube,707479292644163604,474935164451946506,938487470339801169
2023-09-01 12:41:44,PlayYoutube,707479292644163604,474935164451946506,938487470339801169
2023-09-01 12:43:25,PlayYoutube,707479292644163604,474935164451946506,938487470339801169
2023-09-01 12:48:35,TTS,383358222972616705,474935164451946506,983315338886279229
2023-09-01 12:48:45,TTS,383358222972616705,474935164451946506,983315338886279229
2023-09-01 12:49:53,TTS,383358222972616705,474935164451946506,983315338886279229
2023-09-01 12:50:02,TTS,383358222972616705,474935164451946506,983315338886279229
2023-09-01 12:50:11,TTS,383358222972616705,474935164451946506,983315338886279229
2023-09-01 12:50:16,TTS,383358222972616705,474935164451946506,983315338886279229
2023-09-01 12:50:31,TTS,383358222972616705,474935164451946506,983315338886279229
2023-09-01 12:50:40,TTS,383358222972616705,474935164451946506,983315338886279229
2023-09-01 12:51:38,TTS,383358222972616705,474935164451946506,938487470339801169
2023-09-01 12:51:48,TTS,383358222972616705,474935164451946506,938487470339801169
2023-09-01 12:52:09,TTS,383358222972616705,474935164451946506,938487470339801169
2023-09-01 12:52:23,TTS,383358222972616705,474935164451946506,938487470339801169
2023-09-01 12:54:11,TTS,383358222972616705,474935164451946506,938487470339801169
2023-09-01 12:54:22,TTS,383358222972616705,474935164451946506,938487470339801169
2023-09-01 12:54:23,TTS,383358222972616705,474935164451946506,938487470339801169
2023-09-01 12:54:33,TTS,383358222972616705,474935164451946506,938487470339801169
2023-09-01 12:54:39,TTS,383358222972616705,474935164451946506,938487470339801169
2023-09-01 12:54:50,TTS,383358222972616705,474935164451946506,938487470339801169
2023-09-01 12:55:05,TTS,383358222972616705,474935164451946506,938487470339801169
2023-09-01 12:55:22,TTS,383358222972616705,474935164451946506,938487470339801169
2023-09-01 12:55:30,TTS,383358222972616705,474935164451946506,938487470339801169
2023-09-01 12:56:06,TTS,383358222972616705,474935164451946506,938487470339801169
2023-09-01 12:56:25,TTS,383358222972616705,474935164451946506,938487470339801169
2023-09-01 12:56:56,TTS,383358222972616705,474935164451946506,938487470339801169
2023-09-01 12:57:12,TTS,383358222972616705,474935164451946506,938487470339801169
2023-09-01 12:57:23,TTS,383358222972616705,474935164451946506,938487470339801169
2023-09-01 12:57:29,TTS,383358222972616705,474935164451946506,938487470339801169
2023-09-01 12:57:45,TTS,383358222972616705,474935164451946506,938487470339801169
2023-09-01 12:58:02,TTS,383358222972616705,474935164451946506,938487470339801169
2023-09-01 12:58:17,TTS,383358222972616705,474935164451946506,938487470339801169
2023-09-01 12:58:27,TTS,383358222972616705,474935164451946506,938487470339801169
2023-09-01 12:58:44,TTS,383358222972616705,474935164451946506,938487470339801169
2023-09-01 12:59:11,TTS,383358222972616705,474935164451946506,938487470339801169
2023-09-01 12:59:33,TTS,383358222972616705,474935164451946506,938487470339801169
2023-09-01 12:59:38,TTS,383358222972616705,474935164451946506,938487470339801169
2023-09-01 12:59:41,TTS,383358222972616705,474935164451946506,938487470339801169
2023-09-01 12:59:48,TTS,383358222972616705,474935164451946506,938487470339801169
2023-09-01 12:59:57,TTS,383358222972616705,474935164451946506,938487470339801169
2023-09-01 13:00:02,TTS,383358222972616705,474935164451946506,938487470339801169
2023-09-01 13:00:09,SetVoice,383358222972616705,474935164451946506,938487470339801169
2023-09-01 13:00:11,TTS,383358222972616705,474935164451946506,938487470339801169
2023-09-01 13:00:18,TTS,383358222972616705,474935164451946506,983315338886279229
2023-09-01 13:00:25,TTS,383358222972616705,474935164451946506,938487470339801169
2023-09-01 13:00:29,TTS,383358222972616705,474935164451946506,983315338886279229
2023-09-01 13:00:32,TTS,383358222972616705,474935164451946506,938487470339801169
2023-09-01 13:00:34,TTS,383358222972616705,474935164451946506,983315338886279229
2023-09-01 13:00:40,TTS,383358222972616705,474935164451946506,938487470339801169
2023-09-01 13:00:41,TTS,383358222972616705,474935164451946506,983315338886279229
2023-09-01 13:00:45,TTS,383358222972616705,474935164451946506,983315338886279229
2023-09-01 13:00:47,TTS,383358222972616705,474935164451946506,938487470339801169
2023-09-01 13:00:49,TTS,383358222972616705,474935164451946506,983315338886279229
2023-09-01 13:00:59,TTS,383358222972616705,474935164451946506,938487470339801169
2023-09-01 13:01:38,TTS,383358222972616705,474935164451946506,938487470339801169
2023-09-01 13:01:44,TTS,383358222972616705,474935164451946506,938487470339801169
2023-09-01 13:01:47,TTS,383358222972616705,474935164451946506,938487470339801169
2023-09-01 13:01:50,TTS,383358222972616705,474935164451946506,938487470339801169
2023-09-01 13:02:29,TTS,383358222972616705,474935164451946506,938487470339801169
2023-09-01 13:03:10,TTS,383358222972616705,474935164451946506,938487470339801169
2023-09-01 13:03:31,TTS,383358222972616705,474935164451946506,938487470339801169
2023-09-01 13:03:58,TTS,383358222972616705,474935164451946506,938487470339801169
2023-09-01 13:04:30,TTS,383358222972616705,474935164451946506,938487470339801169
2023-09-01 13:04:44,Clear,383358222972616705,474935164451946506,938487470339801169
2023-09-01 13:04:48,TTS,383358222972616705,474935164451946506,938487470339801169
2023-09-01 13:04:53,TTS,383358222972616705,474935164451946506,938487470339801169
2023-09-01 13:05:16,TTS,383358222972616705,474935164451946506,938487470339801169
2023-09-01 13:05:28,TTS,383358222972616705,474935164451946506,938487470339801169
2023-09-01 13:05:34,TTS,383358222972616705,474935164451946506,938487470339801169
2023-09-01 13:05:49,TTS,383358222972616705,474935164451946506,938487470339801169
2023-09-01 13:06:02,TTS,383358222972616705,474935164451946506,938487470339801169
2023-09-01 13:06:10,TTS,383358222972616705,474935164451946506,938487470339801169
2023-09-01 13:06:24,TTS,383358222972616705,474935164451946506,938487470339801169
2023-09-01 13:06:37,TTS,383358222972616705,474935164451946506,938487470339801169
2023-09-01 13:06:52,TTS,383358222972616705,474935164451946506,938487470339801169
2023-09-01 13:07:07,TTS,383358222972616705,474935164451946506,938487470339801169
2023-09-01 13:07:34,TTS,383358222972616705,474935164451946506,938487470339801169
2023-09-01 13:07:53,TTS,383358222972616705,474935164451946506,938487470339801169
2023-09-01 13:08:06,TTS,383358222972616705,474935164451946506,938487470339801169
2023-09-01 13:08:18,TTS,383358222972616705,474935164451946506,938487470339801169
2023-09-01 13:08:27,TTS,383358222972616705,474935164451946506,938487470339801169
2023-09-01 13:08:35,TTS,383358222972616705,474935164451946506,938487470339801169
2023-09-01 13:08:43,TTS,383358222972616705,474935164451946506,938487470339801169
2023-09-01 13:08:54,TTS,383358222972616705,474935164451946506,938487470339801169
2023-09-01 13:09:05,TTS,383358222972616705,474935164451946506,938487470339801169
2023-09-01 13:10:30,TTS,383358222972616705,474935164451946506,938487470339801169
2023-09-01 13:10:44,TTS,383358222972616705,474935164451946506,938487470339801169
2023-09-01 13:11:01,TTS,383358222972616705,474935164451946506,938487470339801169
2023-09-01 13:11:15,TTS,383358222972616705,474935164451946506,938487470339801169
2023-09-01 13:11:28,TTS,383358222972616705,474935164451946506,938487470339801169
2023-09-01 13:12:36,TTS,383358222972616705,474935164451946506,938487470339801169
2023-09-01 13:12:48,TTS,383358222972616705,474935164451946506,938487470339801169
2023-09-01 13:13:08,TTS,383358222972616705,474935164451946506,938487470339801169
2023-09-01 13:14:07,TTS,383358222972616705,474935164451946506,938487470339801169
2023-09-01 13:14:24,TTS,383358222972616705,474935164451946506,938487470339801169
2023-09-01 13:15:00,TTS,383358222972616705,474935164451946506,938487470339801169
2023-09-01 13:15:12,TTS,383358222972616705,474935164451946506,938487470339801169
2023-09-01 13:15:48,TTS,383358222972616705,474935164451946506,938487470339801169
2023-09-01 13:16:05,TTS,383358222972616705,474935164451946506,938487470339801169
2023-09-01 13:16:25,TTS,383358222972616705,474935164451946506,938487470339801169
2023-09-01 13:17:02,TTS,383358222972616705,474935164451946506,938487470339801169
2023-09-01 13:17:09,TTS,383358222972616705,474935164451946506,938487470339801169
2023-09-01 13:17:14,TTS,383358222972616705,474935164451946506,938487470339801169
2023-09-01 13:17:21,TTS,383358222972616705,474935164451946506,938487470339801169
2023-09-01 13:17:34,TTS,383358222972616705,474935164451946506,938487470339801169
2023-09-01 13:17:48,TTS,383358222972616705,474935164451946506,938487470339801169
2023-09-01 13:18:09,TTS,383358222972616705,474935164451946506,938487470339801169
2023-09-01 13:18:16,TTS,383358222972616705,474935164451946506,938487470339801169
2023-09-01 13:18:29,TTS,383358222972616705,474935164451946506,938487470339801169
2023-09-01 13:18:38,TTS,383358222972616705,474935164451946506,938487470339801169
2023-09-01 13:18:45,TTS,383358222972616705,474935164451946506,938487470339801169
2023-09-01 13:19:53,TTS,383358222972616705,474935164451946506,938487470339801169
2023-09-01 13:20:05,TTS,383358222972616705,474935164451946506,938487470339801169
2023-09-01 13:20:15,TTS,383358222972616705,474935164451946506,938487470339801169
2023-09-01 13:20:55,TTS,383358222972616705,474935164451946506,938487470339801169
2023-09-01 13:21:07,TTS,383358222972616705,474935164451946506,938487470339801169
2023-09-01 13:21:16,TTS,383358222972616705,474935164451946506,938487470339801169
2023-09-01 13:21:21,TTS,383358222972616705,474935164451946506,938487470339801169
2023-09-01 13:21:40,TTS,383358222972616705,474935164451946506,938487470339801169
2023-09-01 13:21:54,TTS,383358222972616705,474935164451946506,938487470339801169
2023-09-01 13:22:38,TTS,383358222972616705,474935164451946506,938487470339801169
2023-09-01 13:23:14,TTS,383358222972616705,474935164451946506,938487470339801169
2023-09-01 13:23:54,TTS,383358222972616705,474935164451946506,938487470339801169
2023-09-01 13:24:01,TTS,383358222972616705,474935164451946506,938487470339801169
2023-09-01 13:24:08,TTS,383358222972616705,474935164451946506,938487470339801169
2023-09-01 13:24:15,TTS,383358222972616705,474935164451946506,938487470339801169
2023-09-01 13:24:20,TTS,383358222972616705,474935164451946506,938487470339801169
2023-09-01 13:24:25,TTS,383358222972616705,474935164451946506,938487470339801169
2023-09-01 13:24:31,TTS,383358222972616705,474935164451946506,938487470339801169
2023-09-01 13:24:46,TTS,383358222972616705,474935164451946506,938487470339801169
2023-09-01 13:24:53,TTS,383358222972616705,474935164451946506,938487470339801169
2023-09-01 13:25:03,TTS,383358222972616705,474935164451946506,938487470339801169
2023-09-01 13:25:17,TTS,383358222972616705,474935164451946506,938487470339801169
2023-09-01 13:25:27,TTS,383358222972616705,474935164451946506,938487470339801169
2023-09-01 13:25:54,TTS,383358222972616705,474935164451946506,938487470339801169
2023-09-01 13:26:20,TTS,383358222972616705,474935164451946506,938487470339801169
2023-09-01 13:26:39,TTS,383358222972616705,474935164451946506,938487470339801169
2023-09-01 13:26:53,TTS,383358222972616705,474935164451946506,938487470339801169
2023-09-01 13:27:03,TTS,383358222972616705,474935164451946506,938487470339801169
2023-09-01 13:27:12,TTS,383358222972616705,474935164451946506,938487470339801169
2023-09-01 13:27:39,TTS,383358222972616705,474935164451946506,938487470339801169
2023-09-01 13:27:49,TTS,383358222972616705,474935164451946506,938487470339801169
2023-09-01 13:28:41,TTS,383358222972616705,474935164451946506,938487470339801169
2023-09-01 13:29:01,TTS,383358222972616705,474935164451946506,938487470339801169
2023-09-01 13:29:02,TTS,383358222972616705,474935164451946506,938487470339801169
2023-09-01 13:29:14,TTS,383358222972616705,474935164451946506,938487470339801169
2023-09-01 13:29:21,TTS,383358222972616705,474935164451946506,938487470339801169
2023-09-01 13:29:40,TTS,383358222972616705,474935164451946506,938487470339801169
2023-09-01 13:29:51,TTS,383358222972616705,474935164451946506,938487470339801169
2023-09-01 13:30:09,TTS,383358222972616705,474935164451946506,938487470339801169
2023-09-01 13:30:27,TTS,383358222972616705,474935164451946506,938487470339801169
2023-09-01 13:30:59,TTS,383358222972616705,474935164451946506,938487470339801169
2023-09-01 13:31:07,TTS,383358222972616705,474935164451946506,938487470339801169
2023-09-01 13:31:15,TTS,383358222972616705,474935164451946506,938487470339801169
2023-09-01 13:31:24,TTS,383358222972616705,474935164451946506,938487470339801169
2023-09-01 13:31:28,TTS,383358222972616705,474935164451946506,938487470339801169
2023-09-01 13:31:48,TTS,383358222972616705,474935164451946506,938487470339801169
2023-09-01 13:32:35,TTS,383358222972616705,474935164451946506,938487470339801169
2023-09-01 13:32:45,TTS,383358222972616705,474935164451946506,938487470339801169
2023-09-01 13:32:48,TTS,383358222972616705,474935164451946506,938487470339801169
2023-09-01 13:32:59,TTS,383358222972616705,474935164451946506,938487470339801169
2023-09-01 13:33:06,TTS,383358222972616705,474935164451946506,938487470339801169
2023-09-01 13:33:32,TTS,383358222972616705,474935164451946506,938487470339801169
2023-09-01 13:33:46,TTS,383358222972616705,474935164451946506,938487470339801169
2023-09-01 13:34:17,TTS,383358222972616705,474935164451946506,938487470339801169
2023-09-01 13:34:30,TTS,383358222972616705,474935164451946506,938487470339801169
2023-09-01 13:34:33,TTS,383358222972616705,474935164451946506,938487470339801169
2023-09-01 13:34:39,TTS,383358222972616705,474935164451946506,938487470339801169
2023-09-01 13:35:08,TTS,383358222972616705,474935164451946506,938487470339801169
2023-09-01 13:35:34,TTS,383358222972616705,474935164451946506,938487470339801169
2023-09-01 13:35:41,TTS,383358222972616705,474935164451946506,938487470339801169
2023-09-01 13:35:59,TTS,383358222972616705,474935164451946506,938487470339801169
2023-09-01 13:36:10,TTS,383358222972616705,474935164451946506,938487470339801169
2023-09-01 13:36:24,TTS,383358222972616705,474935164451946506,938487470339801169
2023-09-01 13:36:33,TTS,383358222972616705,474935164451946506,938487470339801169
2023-09-01 13:36:36,TTS,383358222972616705,474935164451946506,938487470339801169
2023-09-01 13:36:43,TTS,383358222972616705,474935164451946506,938487470339801169
2023-09-01 13:37:08,TTS,383358222972616705,474935164451946506,938487470339801169
2023-09-01 13:37:23,TTS,383358222972616705,474935164451946506,938487470339801169
2023-09-01 13:37:40,TTS,383358222972616705,474935164451946506,938487470339801169
2023-09-01 13:37:48,Prime,383358222972616705,474935164451946506,938487470339801169
2023-09-01 13:37:58,TTS,383358222972616705,474935164451946506,983315338886279229
2023-09-01 13:38:09,TTS,383358222972616705,474935164451946506,983315338886279229
2023-09-01 13:38:25,TTS,383358222972616705,474935164451946506,983315338886279229
2023-09-01 13:38:50,TTS,383358222972616705,474935164451946506,983315338886279229
2023-09-01 13:39:04,TTS,383358222972616705,474935164451946506,983315338886279229
2023-09-01 13:39:17,TTS,383358222972616705,474935164451946506,983315338886279229
2023-09-01 13:39:25,TTS,383358222972616705,474935164451946506,983315338886279229
2023-09-01 13:39:31,Restart,383358222972616705,474935164451946506,983315338886279229
2023-09-01 13:39:39,Help,383358222972616705,474935164451946506,938487470339801169
2023-09-01 13:39:43,TTS,383358222972616705,474935164451946506,938487470339801169
2023-09-01 13:39:48,TTS,383358222972616705,474935164451946506,983315338886279229
2023-09-01 13:39:52,TTS,383358222972616705,474935164451946506,938487470339801169
2023-09-01 13:39:56,Shutdown,383358222972616705,474935164451946506,938487470339801169
2023-09-01 13:40:07,TTS,383358222972616705,474935164451946506,938487470339801169
2023-09-01 13:40:17,Restart,383358222972616705,474935164451946506,938487470339801169
2023-09-01 13:40:26,TTS,383358222972616705,474935164451946506,938487470339801169
2023-09-01 13:40:33,Prime,383358222972616705,474935164451946506,983315338886279229
2023-09-01 13:40:39,TTS,383358222972616705,474935164451946506,938487470339801169
2023-09-01 13:41:06,TTS,383358222972616705,474935164451946506,938487470339801169
2023-09-01 13:41:12,Stop,383358222972616705,474935164451946506,938487470339801169
2023-09-01 13:41:14,TTS,383358222972616705,474935164451946506,938487470339801169
2023-09-01 13:41:17,Ram,383358222972616705,474935164451946506,938487470339801169
2023-09-01 13:41:25,TTS,383358222972616705,474935164451946506,938487470339801169
2023-09-01 13:41:39,TTS,383358222972616705,474935164451946506,938487470339801169
2023-09-01 13:41:44,ThreadCounter,383358222972616705,474935164451946506,938487470339801169
2023-09-01 13:41:54,TTS,383358222972616705,474935164451946506,938487470339801169
2023-09-01 13:42:29,TTS,383358222972616705,474935164451946506,938487470339801169
2023-09-01 13:42:51,TTS,383358222972616705,474935164451946506,938487470339801169
2023-09-01 13:43:27,TTS,383358222972616705,474935164451946506,938487470339801169
2023-09-01 13:43:43,TTS,383358222972616705,474935164451946506,938487470339801169
2023-09-01 13:43:55,TTS,383358222972616705,474935164451946506,938487470339801169
2023-09-01 13:44:03,TTS,383358222972616705,474935164451946506,938487470339801169
2023-09-01 13:44:15,TTS,383358222972616705,474935164451946506,938487470339801169
2023-09-01 13:44:42,TTS,383358222972616705,474935164451946506,938487470339801169
2023-09-01 13:44:53,TTS,383358222972616705,474935164451946506,938487470339801169
2023-09-01 13:45:05,TTS,383358222972616705,474935164451946506,938487470339801169
2023-09-01 13:45:12,TTS,383358222972616705,474935164451946506,938487470339801169
2023-09-01 13:45:19,TTS,383358222972616705,474935164451946506,938487470339801169
2023-09-01 13:45:25,TTS,383358222972616705,474935164451946506,938487470339801169
2023-09-01 13:45:31,TTS,383358222972616705,474935164451946506,938487470339801169
2023-09-01 13:45:56,TTS,383358222972616705,474935164451946506,938487470339801169
2023-09-01 13:46:18,TTS,383358222972616705,474935164451946506,938487470339801169
2023-09-01 13:46:34,TTS,383358222972616705,474935164451946506,938487470339801169
2023-09-01 13:46:44,TTS,383358222972616705,474935164451946506,938487470339801169
2023-09-01 13:47:01,TTS,383358222972616705,474935164451946506,938487470339801169
2023-09-01 13:47:23,TTS,383358222972616705,474935164451946506,938487470339801169
2023-09-01 13:47:32,TTS,383358222972616705,474935164451946506,938487470339801169
2023-09-01 13:47:42,TTS,707479292644163604,474935164451946506,938487470339801169
2023-09-01 13:47:58,TTS,383358222972616705,474935164451946506,938487470339801169
2023-09-01 13:48:04,TTS,383358222972616705,474935164451946506,938487470339801169
2023-09-01 13:48:07,TTS,383358222972616705,474935164451946506,938487470339801169
2023-09-01 13:48:26,TTS,383358222972616705,474935164451946506,938487470339801169
2023-09-01 13:48:33,Query,383358222972616705,474935164451946506,938487470339801169
2023-09-01 13:49:08,TTS,383358222972616705,474935164451946506,938487470339801169
2023-09-01 13:49:21,TTS,383358222972616705,474935164451946506,938487470339801169
2023-09-01 13:49:27,TTS,383358222972616705,474935164451946506,938487470339801169
2023-09-01 13:49:37,TTS,383358222972616705,474935164451946506,938487470339801169
2023-09-01 13:49:50,TTS,383358222972616705,474935164451946506,938487470339801169
2023-09-01 13:50:03,TTS,383358222972616705,474935164451946506,938487470339801169
2023-09-01 13:50:27,TTS,383358222972616705,474935164451946506,938487470339801169
2023-09-01 13:51:18,TTS,383358222972616705,474935164451946506,938487470339801169
2023-09-01 13:51:23,TTS,383358222972616705,474935164451946506,938487470339801169
2023-09-01 13:51:53,TTS,383358222972616705,474935164451946506,938487470339801169
2023-09-01 13:52:02,TTS,383358222972616705,474935164451946506,938487470339801169
2023-09-01 13:52:14,TTS,383358222972616705,474935164451946506,938487470339801169
2023-09-01 13:52:23,TTS,383358222972616705,474935164451946506,938487470339801169
2023-09-01 13:52:36,TTS,383358222972616705,474935164451946506,938487470339801169
2023-09-01 13:52:54,TTS,383358222972616705,474935164451946506,938487470339801169
2023-09-01 13:52:59,TTS,383358222972616705,474935164451946506,938487470339801169
2023-09-01 13:53:08,TTS,383358222972616705,474935164451946506,938487470339801169
2023-09-01 13:53:11,TTS,383358222972616705,474935164451946506,938487470339801169
2023-09-01 13:53:32,TTS,383358222972616705,474935164451946506,938487470339801169
2023-09-01 13:53:44,TTS,383358222972616705,474935164451946506,938487470339801169
2023-09-01 13:53:57,TTS,383358222972616705,474935164451946506,938487470339801169
2023-09-01 13:54:19,TTS,707479292644163604,474935164451946506,938487470339801169
2023-09-01 13:54:22,TTS,383358222972616705,474935164451946506,938487470339801169
2023-09-01 13:54:27,TTS,383358222972616705,474935164451946506,938487470339801169
2023-09-01 13:54:35,TTS,383358222972616705,474935164451946506,938487470339801169
2023-09-01 13:54:48,TTS,440489230968553472,474935164451946506,938487470339801169
2023-09-01 13:54:49,TTS,383358222972616705,474935164451946506,938487470339801169
2023-09-01 13:55:01,TTS,383358222972616705,474935164451946506,938487470339801169
2023-09-01 13:55:49,TTS,383358222972616705,474935164451946506,938487470339801169
2023-09-01 13:56:32,TTS,383358222972616705,474935164451946506,938487470339801169
2023-09-01 13:56:59,TTS,383358222972616705,474935164451946506,938487470339801169
2023-09-01 13:57:11,TTS,383358222972616705,474935164451946506,938487470339801169
2023-09-01 13:57:18,TTS,383358222972616705,474935164451946506,938487470339801169
2023-09-01 13:58:02,TTS,383358222972616705,474935164451946506,938487470339801169
2023-09-01 13:58:17,TTS,383358222972616705,474935164451946506,938487470339801169
2023-09-01 13:58:31,TTS,383358222972616705,474935164451946506,938487470339801169
2023-09-01 13:58:46,TTS,383358222972616705,474935164451946506,938487470339801169
2023-09-01 13:58:56,TTS,383358222972616705,474935164451946506,938487470339801169
2023-09-01 13:59:02,TTS,383358222972616705,474935164451946506,938487470339801169
2023-09-01 13:59:28,TTS,383358222972616705,474935164451946506,938487470339801169
2023-09-01 13:59:47,TTS,383358222972616705,474935164451946506,938487470339801169
2023-09-01 13:59:54,TTS,383358222972616705,474935164451946506,938487470339801169
2023-09-01 13:59:57,TTS,383358222972616705,474935164451946506,938487470339801169
2023-09-01 14:00:03,TTS,383358222972616705,474935164451946506,938487470339801169
2023-09-01 14:00:14,TTS,383358222972616705,474935164451946506,938487470339801169
2023-09-01 14:03:30,Query,383358222972616705,474935164451946506,938487470339801169
2023-09-01 14:05:12,PlaySound,383358222972616705,474935164451946506,938487470339801169
2023-09-01 14:05:16,PlaySound,383358222972616705,474935164451946506,938487470339801169
2023-09-01 14:05:26,PlaySound,383358222972616705,474935164451946506,938487470339801169
2023-09-01 14:05:30,PlaySound,383358222972616705,474935164451946506,938487470339801169
2023-09-01 14:05:35,PlaySound,383358222972616705,474935164451946506,938487470339801169
2023-09-01 14:05:39,PlaySound,383358222972616705,474935164451946506,938487470339801169
2023-09-01 14:05:43,PlaySound,383358222972616705,474935164451946506,938487470339801169
2023-09-01 14:05:46,PlaySound,383358222972616705,474935164451946506,938487470339801169
2023-09-01 14:05:50,PlaySound,383358222972616705,474935164451946506,938487470339801169
2023-09-01 14:05:54,PlaySound,383358222972616705,474935164451946506,938487470339801169
2023-09-01 14:05:56,PlaySound,383358222972616705,474935164451946506,938487470339801169
2023-09-01 14:05:58,PlaySound,707479292644163604,474935164451946506,938487470339801169
2023-09-01 14:06:04,PlaySound,707479292644163604,474935164451946506,938487470339801169
2023-09-01 14:06:09,PlaySound,383358222972616705,474935164451946506,938487470339801169
2023-09-01 14:06:17,PlaySound,383358222972616705,474935164451946506,938487470339801169
2023-09-01 14:06:30,PlaySound,383358222972616705,474935164451946506,938487470339801169
2023-09-01 14:06:37,PlaySound,383358222972616705,474935164451946506,938487470339801169
2023-09-01 14:06:40,PlaySound,383358222972616705,474935164451946506,938487470339801169
2023-09-01 14:06:46,Stop,383358222972616705,474935164451946506,938487470339801169
2023-09-01 14:06:47,PlaySound,707479292644163604,474935164451946506,938487470339801169
2023-09-01 14:06:53,PlaySound,383358222972616705,474935164451946506,938487470339801169
2023-09-01 14:06:56,Stop,383358222972616705,474935164451946506,938487470339801169
2023-09-01 14:07:00,PlaySound,383358222972616705,474935164451946506,938487470339801169
2023-09-01 14:07:06,PlaySound,707479292644163604,474935164451946506,938487470339801169
2023-09-01 14:07:14,PlaySound,707479292644163604,474935164451946506,938487470339801169
2023-09-01 14:07:17,PlaySound,383358222972616705,474935164451946506,938487470339801169
2023-09-01 14:07:24,PlaySound,707479292644163604,474935164451946506,938487470339801169
2023-09-01 14:07:26,PlaySound,707479292644163604,474935164451946506,938487470339801169
2023-09-01 14:07:31,PlaySound,707479292644163604,474935164451946506,938487470339801169
2023-09-01 14:07:35,PlaySound,707479292644163604,474935164451946506,938487470339801169
2023-09-01 14:07:40,PlaySound,383358222972616705,474935164451946506,938487470339801169
2023-09-01 14:07:41,PlaySound,707479292644163604,474935164451946506,938487470339801169
2023-09-01 14:07:44,PlaySound,383358222972616705,474935164451946506,938487470339801169
2023-09-01 14:07:48,PlaySound,707479292644163604,474935164451946506,938487470339801169
2023-09-01 14:07:50,PlaySound,383358222972616705,474935164451946506,938487470339801169
2023-09-01 14:07:54,PlaySound,707479292644163604,474935164451946506,938487470339801169
2023-09-01 14:08:05,PlaySound,383358222972616705,474935164451946506,938487470339801169
2023-09-01 14:08:09,PlaySound,383358222972616705,474935164451946506,938487470339801169
2023-09-01 14:08:22,PlaySound,707479292644163604,474935164451946506,938487470339801169
2023-09-01 14:08:23,RandomMove,383358222972616705,474935164451946506,938487470339801169
2023-09-01 14:08:33,RandomMove,383358222972616705,474935164451946506,938487470339801169
2023-09-01 14:08:52,PlaySound,707479292644163604,474935164451946506,938487470339801169
2023-09-01 14:09:07,PlaySound,707479292644163604,474935164451946506,938487470339801169
2023-09-01 14:09:12,PlaySound,707479292644163604,474935164451946506,938487470339801169
2023-09-01 14:09:19,RandomMove,383358222972616705,474935164451946506,938487470339801169
2023-09-01 14:09:23,PlaySound,707479292644163604,474935164451946506,938487470339801169
2023-09-01 14:09:34,PlaySound,707479292644163604,474935164451946506,938487470339801169
2023-09-01 14:09:45,PlaySound,707479292644163604,474935164451946506,938487470339801169
2023-09-01 14:09:52,PlaySound,707479292644163604,474935164451946506,938487470339801169
2023-09-01 14:09:56,PlaySound,707479292644163604,474935164451946506,938487470339801169
2023-09-01 14:10:01,PlaySound,707479292644163604,474935164451946506,938487470339801169
2023-09-01 14:10:41,PlaySound,707479292644163604,474935164451946506,938487470339801169
2023-09-01 14:10:47,PlaySound,707479292644163604,474935164451946506,938487470339801169
2023-09-01 14:10:53,PlaySound,707479292644163604,474935164451946506,938487470339801169
2023-09-01 14:11:00,PlaySound,707479292644163604,474935164451946506,938487470339801169
2023-09-01 14:11:04,PlaySound,707479292644163604,474935164451946506,938487470339801169
2023-09-01 14:11:45,PlaySound,707479292644163604,474935164451946506,938487470339801169
2023-09-01 14:11:56,PlaySound,707479292644163604,474935164451946506,938487470339801169
2023-09-01 14:12:08,PlaySound,707479292644163604,474935164451946506,938487470339801169
2023-09-01 14:12:11,PlaySound,707479292644163604,474935164451946506,938487470339801169
2023-09-01 14:12:21,PlaySound,707479292644163604,474935164451946506,938487470339801169
2023-09-01 14:12:23,Query,383358222972616705,474935164451946506,938487470339801169
2023-09-01 14:12:29,PlaySound,707479292644163604,474935164451946506,938487470339801169
2023-09-01 14:12:33,PlaySound,707479292644163604,474935164451946506,938487470339801169
2023-09-01 14:12:38,PlaySound,707479292644163604,474935164451946506,938487470339801169
2023-09-01 14:12:50,PlaySound,707479292644163604,474935164451946506,938487470339801169
2023-09-01 14:12:56,PlaySound,707479292644163604,474935164451946506,938487470339801169
2023-09-01 14:13:03,PlaySound,707479292644163604,474935164451946506,938487470339801169
2023-09-01 14:13:14,PlaySound,707479292644163604,474935164451946506,938487470339801169
2023-09-01 14:13:22,PlaySound,707479292644163604,474935164451946506,938487470339801169
2023-09-01 14:13:29,PlaySound,707479292644163604,474935164451946506,938487470339801169
2023-09-01 14:13:34,PlaySound,707479292644163604,474935164451946506,938487470339801169
2023-09-01 14:13:40,PlaySound,707479292644163604,474935164451946506,938487470339801169
2023-09-01 14:13:44,PlaySound,707479292644163604,474935164451946506,938487470339801169
2023-09-01 14:13:49,PlaySound,707479292644163604,474935164451946506,938487470339801169
2023-09-01 14:13:58,PlaySound,707479292644163604,474935164451946506,938487470339801169
2023-09-01 14:14:36,PlaySound,707479292644163604,474935164451946506,938487470339801169
2023-09-01 14:14:40,PlaySound,707479292644163604,474935164451946506,938487470339801169
2023-09-01 14:14:49,PlaySound,707479292644163604,474935164451946506,938487470339801169
2023-09-01 14:14:57,PlaySound,707479292644163604,474935164451946506,938487470339801169
2023-09-01 14:15:03,PlaySound,707479292644163604,474935164451946506,938487470339801169
2023-09-01 14:16:01,PlaySound,707479292644163604,474935164451946506,938487470339801169
2023-09-01 14:16:59,PlaySound,707479292644163604,474935164451946506,938487470339801169
2023-09-01 14:17:03,PlaySound,707479292644163604,474935164451946506,938487470339801169
2023-09-01 14:18:02,PlaySound,707479292644163604,474935164451946506,938487470339801169
2023-09-01 14:18:10,PlaySound,707479292644163604,474935164451946506,938487470339801169
2023-09-01 14:18:26,PlaySound,707479292644163604,474935164451946506,938487470339801169
2023-09-01 14:18:30,PlaySound,707479292644163604,474935164451946506,938487470339801169
2023-09-01 14:18:34,PlaySound,707479292644163604,474935164451946506,938487470339801169
2023-09-01 14:18:38,PlaySound,707479292644163604,474935164451946506,938487470339801169
2023-09-01 14:18:40,PlaySound,707479292644163604,474935164451946506,938487470339801169
2023-09-01 14:18:43,PlaySound,707479292644163604,474935164451946506,938487470339801169
2023-09-01 14:18:47,PlaySound,707479292644163604,474935164451946506,938487470339801169
2023-09-01 14:18:51,PlaySound,707479292644163604,474935164451946506,938487470339801169
2023-09-01 14:19:18,PlaySound,707479292644163604,474935164451946506,938487470339801169
2023-09-01 14:19:22,PlaySound,707479292644163604,474935164451946506,938487470339801169
2023-09-01 14:19:29,PlaySound,707479292644163604,474935164451946506,938487470339801169
2023-09-01 14:19:56,PlaySound,707479292644163604,474935164451946506,938487470339801169
2023-09-01 14:20:17,PlaySound,707479292644163604,474935164451946506,938487470339801169
2023-09-01 14:20:32,PlaySound,707479292644163604,474935164451946506,938487470339801169
2023-09-01 14:20:39,PlaySound,707479292644163604,474935164451946506,938487470339801169
2023-09-01 14:20:50,PlaySound,707479292644163604,474935164451946506,938487470339801169
2023-09-01 14:20:54,PlaySound,707479292644163604,474935164451946506,938487470339801169
2023-09-01 14:20:58,PlaySound,707479292644163604,474935164451946506,938487470339801169
2023-09-01 14:21:03,PlaySound,707479292644163604,474935164451946506,938487470339801169
2023-09-01 14:21:10,PlaySound,707479292644163604,474935164451946506,938487470339801169
2023-09-01 14:21:21,PlaySound,707479292644163604,474935164451946506,938487470339801169
2023-09-01 14:21:27,PlaySound,707479292644163604,474935164451946506,938487470339801169
2023-09-01 14:21:31,PlaySound,707479292644163604,474935164451946506,938487470339801169
2023-09-01 14:21:36,PlaySound,707479292644163604,474935164451946506,938487470339801169
2023-09-01 14:21:50,PlaySound,707479292644163604,474935164451946506,938487470339801169
2023-09-01 14:21:55,PlaySound,707479292644163604,474935164451946506,938487470339801169
2023-09-01 14:22:00,PlaySound,707479292644163604,474935164451946506,938487470339801169
2023-09-01 14:22:09,PlaySound,707479292644163604,474935164451946506,938487470339801169
2023-09-01 14:23:15,PlaySound,707479292644163604,474935164451946506,938487470339801169
2023-09-01 14:23:19,PlaySound,707479292644163604,474935164451946506,938487470339801169
2023-09-01 14:24:36,PlaySound,707479292644163604,474935164451946506,938487470339801169
2023-09-01 14:24:41,PlaySound,707479292644163604,474935164451946506,938487470339801169
2023-09-01 14:24:45,PlaySound,707479292644163604,474935164451946506,938487470339801169
2023-09-01 14:24:50,PlaySound,707479292644163604,474935164451946506,938487470339801169
2023-09-01 14:30:30,PlaySound,707479292644163604,474935164451946506,938487470339801169
2023-09-01 14:30:35,PlaySound,707479292644163604,474935164451946506,938487470339801169
2023-09-01 14:30:47,PlaySound,707479292644163604,474935164451946506,938487470339801169
2023-09-01 14:30:55,PlaySound,707479292644163604,474935164451946506,938487470339801169
2023-09-01 14:31:11,PlaySound,707479292644163604,474935164451946506,938487470339801169
2023-09-01 14:32:51,PlaySound,707479292644163604,474935164451946506,938487470339801169
2023-09-01 14:32:56,PlaySound,707479292644163604,474935164451946506,938487470339801169
2023-09-01 14:33:09,PlaySound,707479292644163604,474935164451946506,938487470339801169
2023-09-01 14:33:13,PlaySound,707479292644163604,474935164451946506,938487470339801169
2023-09-01 14:33:20,PlaySound,707479292644163604,474935164451946506,938487470339801169
2023-09-01 14:33:25,PlaySound,707479292644163604,474935164451946506,938487470339801169
2023-09-01 14:33:32,PlaySound,707479292644163604,474935164451946506,938487470339801169
2023-09-01 14:33:35,PlaySound,707479292644163604,474935164451946506,938487470339801169
2023-09-01 14:33:40,PlaySound,707479292644163604,474935164451946506,938487470339801169
2023-09-01 14:34:30,PlaySound,707479292644163604,474935164451946506,938487470339801169
2023-09-01 14:34:35,PlaySound,707479292644163604,474935164451946506,938487470339801169
2023-09-01 15:47:42,PlaySound,707479292644163604,474935164451946506,938487470339801169
2023-09-01 15:47:47,PlaySound,707479292644163604,474935164451946506,938487470339801169
2023-09-01 15:47:50,PlaySound,707479292644163604,474935164451946506,938487470339801169
2023-09-01 15:47:54,PlaySound,707479292644163604,474935164451946506,938487470339801169
2023-09-01 15:48:21,PlaySound,707479292644163604,474935164451946506,938487470339801169
2023-09-01 15:48:27,PlaySound,707479292644163604,474935164451946506,938487470339801169
2023-09-01 15:48:40,PlaySound,707479292644163604,474935164451946506,938487470339801169
2023-09-01 15:48:51,PlaySound,707479292644163604,474935164451946506,938487470339801169
2023-09-01 15:48:55,PlaySound,707479292644163604,474935164451946506,938487470339801169
2023-09-01 15:48:58,PlaySound,707479292644163604,474935164451946506,938487470339801169
2023-09-01 15:49:01,PlaySound,707479292644163604,474935164451946506,938487470339801169
2023-09-01 15:49:43,PlaySound,707479292644163604,474935164451946506,938487470339801169
2023-09-01 15:49:46,PlaySound,707479292644163604,474935164451946506,938487470339801169
2023-09-01 15:49:52,PlaySound,707479292644163604,474935164451946506,938487470339801169
2023-09-01 15:49:58,PlaySound,707479292644163604,474935164451946506,938487470339801169
2023-09-01 15:50:03,PlaySound,707479292644163604,474935164451946506,938487470339801169
2023-09-01 15:50:10,PlaySound,707479292644163604,474935164451946506,938487470339801169
2023-09-01 15:50:21,PlaySound,707479292644163604,474935164451946506,938487470339801169
2023-09-01 15:50:29,PlaySound,707479292644163604,474935164451946506,938487470339801169
2023-09-01 15:50:40,PlaySound,707479292644163604,474935164451946506,938487470339801169
2023-09-01 15:50:51,PlaySound,707479292644163604,474935164451946506,938487470339801169
2023-09-01 15:50:56,PlaySound,707479292644163604,474935164451946506,938487470339801169
2023-09-01 15:51:05,PlaySound,707479292644163604,474935164451946506,938487470339801169
2023-09-01 15:51:09,PlaySound,707479292644163604,474935164451946506,938487470339801169
2023-09-01 15:51:19,PlaySound,707479292644163604,474935164451946506,938487470339801169
2023-09-01 15:51:25,PlaySound,707479292644163604,474935164451946506,938487470339801169
2023-09-01 15:51:30,PlaySound,707479292644163604,474935164451946506,938487470339801169
2023-09-01 15:51:36,PlaySound,707479292644163604,474935164451946506,938487470339801169
2023-09-01 15:51:42,PlaySound,707479292644163604,474935164451946506,938487470339801169
2023-09-01 15:51:46,PlaySound,707479292644163604,474935164451946506,938487470339801169
2023-09-01 15:51:50,PlaySound,707479292644163604,474935164451946506,938487470339801169
2023-09-01 15:51:53,PlaySound,707479292644163604,474935164451946506,938487470339801169
2023-09-01 15:51:56,PlaySound,707479292644163604,474935164451946506,938487470339801169
2023-09-01 15:51:58,PlaySound,707479292644163604,474935164451946506,938487470339801169
2023-09-01 15:52:00,PlaySound,707479292644163604,474935164451946506,938487470339801169
2023-09-01 15:52:04,PlaySound,707479292644163604,474935164451946506,938487470339801169
2023-09-01 15:52:18,PlaySound,707479292644163604,474935164451946506,938487470339801169
2023-09-01 15:52:48,PlaySound,707479292644163604,474935164451946506,938487470339801169
2023-09-01 15:53:10,PlaySound,707479292644163604,474935164451946506,938487470339801169
2023-09-01 15:53:17,PlaySound,707479292644163604,474935164451946506,938487470339801169
2023-09-01 15:53:21,PlaySound,707479292644163604,474935164451946506,938487470339801169
2023-09-01 15:53:26,PlaySound,707479292644163604,474935164451946506,938487470339801169
2023-09-01 15:53:39,PlaySound,707479292644163604,474935164451946506,938487470339801169
2023-09-01 15:54:11,PlaySound,707479292644163604,474935164451946506,938487470339801169
2023-09-01 15:54:32,PlaySound,707479292644163604,474935164451946506,938487470339801169
2023-09-01 15:54:34,PlaySound,707479292644163604,474935164451946506,938487470339801169
2023-09-01 15:54:37,PlaySound,707479292644163604,474935164451946506,938487470339801169
2023-09-01 15:54:41,PlaySound,707479292644163604,474935164451946506,938487470339801169
2023-09-01 15:54:44,PlaySound,707479292644163604,474935164451946506,938487470339801169
2023-09-01 15:54:46,PlaySound,707479292644163604,474935164451946506,938487470339801169
2023-09-01 15:54:49,PlaySound,707479292644163604,474935164451946506,938487470339801169
2023-09-01 15:54:52,PlaySound,707479292644163604,474935164451946506,938487470339801169
2023-09-01 15:54:55,PlaySound,707479292644163604,474935164451946506,938487470339801169
2023-09-01 15:55:00,PlaySound,707479292644163604,474935164451946506,938487470339801169
2023-09-01 15:55:11,PlaySound,707479292644163604,474935164451946506,938487470339801169
2023-09-01 15:55:28,PlaySound,707479292644163604,474935164451946506,938487470339801169
2023-09-01 15:57:46,PlaySound,707479292644163604,474935164451946506,938487470339801169
2023-09-01 15:57:49,PlaySound,707479292644163604,474935164451946506,938487470339801169
2023-09-01 15:57:54,PlaySound,707479292644163604,474935164451946506,938487470339801169
2023-09-01 15:58:02,PlaySound,707479292644163604,474935164451946506,938487470339801169
2023-09-01 15:58:06,PlaySound,707479292644163604,474935164451946506,938487470339801169
2023-09-01 15:58:13,PlaySound,707479292644163604,474935164451946506,938487470339801169
2023-09-01 16:00:23,PlaySound,707479292644163604,474935164451946506,938487470339801169
2023-09-01 16:00:27,PlaySound,707479292644163604,474935164451946506,938487470339801169
2023-09-01 16:00:33,PlaySound,707479292644163604,474935164451946506,938487470339801169
2023-09-01 16:00:39,PlaySound,707479292644163604,474935164451946506,938487470339801169
2023-09-01 16:00:43,PlaySound,707479292644163604,474935164451946506,938487470339801169
2023-09-01 16:01:01,PlaySound,707479292644163604,474935164451946506,938487470339801169
2023-09-01 16:01:04,PlaySound,707479292644163604,474935164451946506,938487470339801169
2023-09-01 16:01:08,PlaySound,707479292644163604,474935164451946506,938487470339801169
2023-09-01 16:08:56,Query,383358222972616705,474935164451946506,938487470339801169
2023-09-01 16:09:42,Query,383358222972616705,474935164451946506,938487470339801169
2023-09-01 16:33:02,PlaySound,707479292644163604,474935164451946506,938487470339801169
2023-09-01 16:33:23,PlaySound,707479292644163604,474935164451946506,938487470339801169
2023-09-01 16:33:34,PlaySound,707479292644163604,474935164451946506,938487470339801169
2023-09-01 16:33:42,PlaySound,707479292644163604,474935164451946506,938487470339801169
2023-09-01 16:34:22,PlaySound,707479292644163604,474935164451946506,938487470339801169
2023-09-01 16:34:34,PlaySound,707479292644163604,474935164451946506,938487470339801169
2023-09-01 16:35:17,PlaySound,707479292644163604,474935164451946506,938487470339801169
2023-09-01 16:35:23,PlaySound,707479292644163604,474935164451946506,938487470339801169
2023-09-01 16:35:44,PlaySound,707479292644163604,474935164451946506,938487470339801169
2023-09-01 16:35:57,PlaySound,707479292644163604,474935164451946506,938487470339801169
2023-09-01 16:37:01,PlaySound,707479292644163604,474935164451946506,938487470339801169
2023-09-01 16:37:51,PlaySound,707479292644163604,474935164451946506,938487470339801169
2023-09-01 16:38:51,PlaySound,707479292644163604,474935164451946506,938487470339801169
2023-09-01 16:39:44,PlaySound,707479292644163604,474935164451946506,938487470339801169
2023-09-01 16:40:04,PlaySound,707479292644163604,474935164451946506,938487470339801169
2023-09-01 16:40:12,PlaySound,707479292644163604,474935164451946506,938487470339801169
2023-09-02 10:06:42,PlaySound,383358222972616705,474935164451946506,938487470339801169
2023-09-02 10:10:40,InviteBot,383358222972616705,474935164451946506,938487470339801169
2023-09-02 10:12:28,Ban,440489230968553472,474935164451946506,938487470339801169
2023-09-02 10:13:01,ListGuild,383358222972616705,474935164451946506,938487470339801169
2023-09-02 10:13:13,Help,383358222972616705,474935164451946506,938487470339801169
2023-09-02 10:13:29,Ban,440489230968553472,474935164451946506,938487470339801169
2023-09-02 10:14:21,PlayYoutube,440489230968553472,474935164451946506,938487470339801169
2023-09-02 10:15:35,Help,352192170503045121,474935164451946506,938487470339801169
2023-09-02 10:16:47,PlayYoutube,352192170503045121,474935164451946506,938487470339801169
2023-09-02 10:16:50,PlayYoutube,383358222972616705,474935164451946506,938487470339801169
2023-09-02 10:19:22,championSlash,383358222972616705,474935164451946506,938487470339801169
2023-09-02 10:19:51,InfoMatches,383358222972616705,474935164451946506,938487470339801169
2023-09-02 10:31:27,Ban,440489230968553472,474935164451946506,938487470339801169
2023-09-02 10:31:48,Unban,383358222972616705,474935164451946506,938487470339801169
2023-09-02 10:36:37,Ban,440489230968553472,474935164451946506,938487470339801169
2023-09-02 10:40:50,Ban,440489230968553472,474935164451946506,938487470339801169
2023-09-02 10:44:40,Ban,352192170503045121,474935164451946506,938487470339801169
2023-09-02 10:44:49,Ban,352192170503045121,474935164451946506,938487470339801169
2023-09-02 10:45:57,Clear,352192170503045121,474935164451946506,938487470339801169
2023-09-02 10:46:03,Clear,352192170503045121,474935164451946506,938487470339801169
2023-09-02 10:46:12,Clear,383358222972616705,474935164451946506,938487470339801169
2023-09-02 10:47:59,Ban,352192170503045121,474935164451946506,938487470339801169
2023-09-02 10:48:18,Unban,352192170503045121,474935164451946506,938487470339801169
2023-09-02 10:53:46,Clear,383358222972616705,474935164451946506,938487470339801169
2023-09-02 10:53:49,Clear,383358222972616705,474935164451946506,938487470339801169
2023-09-02 11:00:27,Help,383358222972616705,474935164451946506,938487470339801169
2023-09-02 11:22:20,Ban,440489230968553472,474935164451946506,938487470339801169
2023-09-02 11:26:50,Help,440489230968553472,474935164451946506,983315338886279229
2023-09-02 11:27:16,helpSlash,440489230968553472,474935164451946506,983315338886279229
2023-09-02 11:28:36,Prefix,440489230968553472,474935164451946506,1074276395640954942
2023-09-02 11:32:12,prefixSlash,383358222972616705,474935164451946506,1074276395640954942
2023-09-02 11:45:32,Unban,383358222972616705,474935164451946506,938487470339801169
2023-09-02 12:22:31,Clear,440489230968553472,474935164451946506,938487470339801169
2023-09-02 12:27:22,helpSlash,440489230968553472,474935164451946506,939876818465488926
2023-09-02 14:08:58,PlaySound,707479292644163604,474935164451946506,938487470339801169
2023-09-02 14:09:23,PlaySound,707479292644163604,474935164451946506,938487470339801169
2023-09-02 14:09:38,PlaySound,707479292644163604,474935164451946506,938487470339801169
2023-09-02 14:10:12,PlaySound,707479292644163604,474935164451946506,938487470339801169
2023-09-02 14:11:06,PlaySound,707479292644163604,474935164451946506,938487470339801169
2023-09-02 14:11:17,PlaySound,707479292644163604,474935164451946506,938487470339801169
2023-09-02 14:11:30,PlaySound,707479292644163604,474935164451946506,938487470339801169
2023-09-02 14:12:38,PlaySound,707479292644163604,474935164451946506,938487470339801169
2023-09-02 14:13:56,PlaySound,707479292644163604,474935164451946506,938487470339801169
2023-09-02 14:14:13,PlaySound,707479292644163604,474935164451946506,938487470339801169
2023-09-02 14:14:29,PlaySound,707479292644163604,474935164451946506,938487470339801169
2023-09-02 14:16:19,PlaySound,707479292644163604,474935164451946506,938487470339801169
2023-09-02 14:16:54,PlaySound,707479292644163604,474935164451946506,938487470339801169
2023-09-02 14:17:08,PlaySound,707479292644163604,474935164451946506,938487470339801169
2023-09-02 14:18:01,PlaySound,707479292644163604,474935164451946506,938487470339801169
2023-09-02 14:20:50,PlaySound,707479292644163604,474935164451946506,938487470339801169
2023-09-02 14:20:57,PlaySound,707479292644163604,474935164451946506,938487470339801169
2023-09-02 14:22:10,PlaySound,707479292644163604,474935164451946506,938487470339801169
2023-09-02 14:22:19,PlaySound,707479292644163604,474935164451946506,938487470339801169
2023-09-02 14:22:30,PlaySound,707479292644163604,474935164451946506,938487470339801169
2023-09-02 14:22:33,PlaySound,707479292644163604,474935164451946506,938487470339801169
2023-09-02 14:22:40,PlaySound,707479292644163604,474935164451946506,938487470339801169
2023-09-02 14:22:48,PlaySound,707479292644163604,474935164451946506,938487470339801169
2023-09-02 14:23:21,PlaySound,707479292644163604,474935164451946506,938487470339801169
2023-09-02 14:23:36,PlaySound,707479292644163604,474935164451946506,938487470339801169
2023-09-02 14:23:57,PlaySound,707479292644163604,474935164451946506,938487470339801169
2023-09-02 14:24:03,PlaySound,707479292644163604,474935164451946506,938487470339801169
2023-09-02 14:24:29,PlaySound,707479292644163604,474935164451946506,938487470339801169
2023-09-02 14:25:16,PlaySound,707479292644163604,474935164451946506,938487470339801169
2023-09-02 14:27:38,PlaySound,707479292644163604,474935164451946506,938487470339801169
2023-09-02 14:29:58,PlaySound,707479292644163604,474935164451946506,938487470339801169
2023-09-02 14:30:03,Stop,707479292644163604,474935164451946506,938487470339801169
2023-09-02 14:31:28,PlaySound,707479292644163604,474935164451946506,938487470339801169
2023-09-02 14:34:31,PlaySound,707479292644163604,474935164451946506,938487470339801169
2023-09-02 14:34:41,Clear,383358222972616705,474935164451946506,938487470339801169
2023-09-02 14:34:58,PlaySound,383358222972616705,474935164451946506,938487470339801169
2023-09-02 14:35:01,PlaySound,707479292644163604,474935164451946506,938487470339801169
2023-09-02 14:35:15,PlaySound,383358222972616705,474935164451946506,938487470339801169
2023-09-02 14:35:17,Stop,383358222972616705,474935164451946506,938487470339801169
2023-09-02 14:35:33,prefixSlash,383358222972616705,474935164451946506,983315338886279229
2023-09-02 14:35:37,PlaySound,383358222972616705,474935164451946506,983315338886279229
2023-09-02 14:35:45,PlaySound,383358222972616705,474935164451946506,938487470339801169
2023-09-02 14:35:53,PlaySound,383358222972616705,474935164451946506,1074276395640954942
2023-09-02 14:36:00,PlaySound,383358222972616705,474935164451946506,938487470339801169
2023-09-02 14:36:09,PlaySound,383358222972616705,474935164451946506,1074276395640954942
2023-09-02 14:36:14,PlaySound,383358222972616705,474935164451946506,938487470339801169
2023-09-02 14:36:26,PlaySound,707479292644163604,474935164451946506,1074276395640954942
2023-09-02 14:36:44,PlaySound,383358222972616705,474935164451946506,938487470339801169
2023-09-02 14:36:56,PlaySound,707479292644163604,474935164451946506,983315338886279229
2023-09-02 14:37:08,PlaySound,383358222972616705,474935164451946506,983315338886279229
2023-09-02 14:37:36,prefixSlash,383358222972616705,474935164451946506,983315338886279229
2023-09-02 14:37:41,PlaySound,383358222972616705,474935164451946506,938487470339801169
2023-09-02 14:37:43,PlaySound,383358222972616705,474935164451946506,1074276395640954942
2023-09-02 14:37:46,PlaySound,383358222972616705,474935164451946506,983315338886279229
2023-09-03 12:19:44,PlaySound,383358222972616705,474935164451946506,938487470339801169
2023-09-03 12:20:12,PlaySound,383358222972616705,474935164451946506,938487470339801169
2023-09-03 12:28:49,TTS,383358222972616705,474935164451946506,938487470339801169
2023-09-03 14:30:51,ServerInfo,440489230968553472,474935164451946506,938487470339801169
2023-09-03 16:21:11,PlayYoutube,707479292644163604,474935164451946506,938487470339801169
2023-09-03 16:46:50,Move,383358222972616705,474935164451946506,938487470339801169
2023-09-03 17:28:04,PlaySound,383358222972616705,474935164451946506,938487470339801169
2023-09-03 20:18:05,anonymSlash,1031535221067218965,333949691962195969,938487470339801169
2023-09-03 20:19:01,listSlash,1031535221067218965,333949691962195969,938487470339801169
2023-09-03 20:19:11,listguildSlash,1031535221067218965,333949691962195969,938487470339801169
2023-09-03 21:56:13,Clear,352192170503045121,474935164451946506,938487470339801169
2023-09-03 21:56:19,Clear,383358222972616705,474935164451946506,938487470339801169
2023-09-03 21:56:22,Clear,383358222972616705,474935164451946506,938487470339801169
2023-09-03 21:56:25,Clear,383358222972616705,474935164451946506,938487470339801169
