-- phpMyAdmin SQL Dump
-- version 4.8.5
-- https://www.phpmyadmin.net/
--
-- Host: na01-sql.pebblehost.com
-- Creato il: Ott 25, 2023 alle 20:52
-- Versione del server: 10.2.41-MariaDB-log
-- Versione PHP: 7.2.34

SET SQL_MODE = "NO_AUTO_VALUE_ON_ZERO";
SET AUTOCOMMIT = 0;
START TRANSACTION;
SET time_zone = "+00:00";


/*!40101 SET @OLD_CHARACTER_SET_CLIENT=@@CHARACTER_SET_CLIENT */;
/*!40101 SET @OLD_CHARACTER_SET_RESULTS=@@CHARACTER_SET_RESULTS */;
/*!40101 SET @OLD_COLLATION_CONNECTION=@@COLLATION_CONNECTION */;
/*!40101 SET NAMES utf8mb4 */;

--
-- Database: `customer_444048_beebot`
--

-- --------------------------------------------------------

--
-- Struttura della tabella `alert`
--

CREATE TABLE `alert` (
  `guild_id` varchar(19) NOT NULL,
  `bot_id` varchar(19) NOT NULL,
  `boost_channel` varchar(19) DEFAULT NULL,
  `leave_channel` varchar(19) DEFAULT NULL,
  `welcome_channel` varchar(19) DEFAULT NULL,
  `boost_message` text DEFAULT NULL,
  `leave_message` text DEFAULT NULL,
  `levelup_message` text DEFAULT NULL,
  `welcome_message` text DEFAULT NULL,
  `boost_enabled` tinyint(1) DEFAULT 0,
  `leave_enabled` tinyint(1) DEFAULT 0,
  `levelup_enabled` tinyint(1) DEFAULT 0,
  `welcome_enabled` tinyint(1) DEFAULT 0,
  `welcome_role` varchar(19) DEFAULT NULL
) ENGINE=InnoDB DEFAULT CHARSET=latin1;

--
-- Svuota la tabella prima dell'inserimento `alert`
--

TRUNCATE TABLE `alert`;
--
-- Dump dei dati per la tabella `alert`
--

INSERT IGNORE INTO `alert` (`guild_id`, `bot_id`, `boost_channel`, `leave_channel`, `welcome_channel`, `boost_message`, `leave_message`, `levelup_message`, `welcome_message`, `boost_enabled`, `leave_enabled`, `levelup_enabled`, `welcome_enabled`, `welcome_role`) VALUES
('1132694832305934439', '938487470339801169', NULL, '1132694833912356946', '1132694833912356946', NULL, 'Ci vediamo tra 5 min chiaretta', NULL, 'Bentornata chiaretta, come procede il testing dei ban?', 0, 1, 0, 1, NULL),
('1162886156082487306', '938487470339801169', NULL, NULL, '1162887572402491534', NULL, NULL, NULL, 'prova guma xddddd', 0, 0, 0, 1, NULL),
('474935164451946506', '1098906798016184422', '691005529354665984', '691005390074150993', '691005390074150993', 'As always we got #user who is 1v9 machine and boost the best server in the focking world', 'This piece of shit #user left the best server in the world', NULL, 'Welcome #user, i know you won\'t read this so i won\'t write anything interesting', 1, 1, 1, 1, '691012864609222667'),
('474935164451946506', '938487470339801169', '1152150402863743036', '1152150402863743036', '1152150402863743036', 'yo epria imbesils', 'this dogshit random #user left the best server in the world', 'wp #user, keep smurfing, now you are level: #level', 'hello guys welcome in ta insane server', 1, 1, 1, 1, '691012864609222667'),
('608967318789160970', '1098906798016184422', NULL, NULL, NULL, NULL, NULL, NULL, NULL, 0, 0, 0, 0, NULL),
('608967318789160970', '938487470339801169', NULL, '1094186395716817107', '1094186309465165854', NULL, 'guma and keria', 'Figlio di troia #user hai raggiunto il lvl #level', 'ciao keria #user', 0, 1, 1, 1, NULL),
('608967318789160970', '939876818465488926', '1094186418705793097', '1094186395716817107', '824537182168547349', 'enacoid', 'keria', NULL, 'lel \"eee\" \'ee', 1, 1, 0, 1, '732671413366030437');

-- --------------------------------------------------------

--
-- Struttura della tabella `blacklist`
--

CREATE TABLE `blacklist` (
  `user_id` varchar(19) NOT NULL,
  `guild_id` varchar(19) NOT NULL
) ENGINE=InnoDB DEFAULT CHARSET=latin1;

--
-- Svuota la tabella prima dell'inserimento `blacklist`
--

TRUNCATE TABLE `blacklist`;
--
-- Dump dei dati per la tabella `blacklist`
--

INSERT IGNORE INTO `blacklist` (`user_id`, `guild_id`) VALUES
('352192170503045121', '1106615853660766298'),
('352192170503045121', '1106615897952636930'),
('352192170503045121', '1132694780703416410'),
('352192170503045121', '731222545864458260'),
('607400270518943758', '474935164451946506');

-- --------------------------------------------------------

--
-- Struttura della tabella `bots`
--

CREATE TABLE `bots` (
  `id` varchar(19) NOT NULL,
  `name` varchar(255) NOT NULL
) ENGINE=InnoDB DEFAULT CHARSET=latin1;

--
-- Svuota la tabella prima dell'inserimento `bots`
--

TRUNCATE TABLE `bots`;
--
-- Dump dei dati per la tabella `bots`
--

INSERT IGNORE INTO `bots` (`id`, `name`) VALUES
('1074276395640954942', 'Beebot Music'),
('1098906798016184422', 'Beebot Moderation'),
('743625922930016407', 'godj'),
('938487470339801169', 'Beebot'),
('939876818465488926', 'Beebot Canary'),
('983315338886279229', 'Beebot 2');

-- --------------------------------------------------------

--
-- Struttura della tabella `command`
--

CREATE TABLE `command` (
  `time` timestamp NOT NULL DEFAULT current_timestamp(),
  `name` varchar(255) NOT NULL,
  `user_id` varchar(19) NOT NULL,
  `guild_id` varchar(19) NOT NULL DEFAULT '474935164451946506',
  `bot_id` varchar(19) NOT NULL DEFAULT '938487470339801169',
  `args` longtext DEFAULT 'NULL'
) ENGINE=InnoDB DEFAULT CHARSET=latin1;

--
-- Svuota la tabella prima dell'inserimento `command`
--

TRUNCATE TABLE `command`;
--
-- Dump dei dati per la tabella `command`
--

INSERT IGNORE INTO `command` (`time`, `name`, `user_id`, `guild_id`, `bot_id`, `args`) VALUES
('2023-08-02 16:57:38', 'PlaySound', '707479292644163604', '474935164451946506', '938487470339801169', NULL),
('2023-08-04 10:14:18', 'PlaySound', '707479292644163604', '474935164451946506', '938487470339801169', NULL),
('2023-08-04 10:14:31', 'PlaySound', '707479292644163604', '474935164451946506', '938487470339801169', NULL),
('2023-08-04 10:14:51', 'PlaySound', '707479292644163604', '474935164451946506', '938487470339801169', NULL),
('2023-08-04 10:15:13', 'PlaySound', '707479292644163604', '474935164451946506', '938487470339801169', NULL),
('2023-08-04 10:15:34', 'PlaySound', '707479292644163604', '474935164451946506', '938487470339801169', NULL),
('2023-08-04 10:15:38', 'PlaySound', '707479292644163604', '474935164451946506', '938487470339801169', NULL),
('2023-08-04 10:15:42', 'PlaySound', '707479292644163604', '474935164451946506', '938487470339801169', NULL),
('2023-08-04 10:16:38', 'PlaySound', '707479292644163604', '474935164451946506', '938487470339801169', NULL),
('2023-08-04 10:17:01', 'PlaySound', '707479292644163604', '474935164451946506', '938487470339801169', NULL),
('2023-08-04 10:17:05', 'PlaySound', '707479292644163604', '474935164451946506', '938487470339801169', NULL),
('2023-08-04 10:17:23', 'TTS', '707479292644163604', '474935164451946506', '938487470339801169', NULL),
('2023-08-04 10:17:24', 'TTS', '440489230968553472', '474935164451946506', '938487470339801169', NULL),
('2023-08-04 10:17:29', 'TTS', '440489230968553472', '474935164451946506', '938487470339801169', NULL),
('2023-08-04 10:17:36', 'TTS', '440489230968553472', '474935164451946506', '938487470339801169', NULL),
('2023-08-04 10:17:39', 'TTS', '440489230968553472', '474935164451946506', '938487470339801169', NULL),
('2023-08-04 10:17:42', 'TTS', '440489230968553472', '474935164451946506', '938487470339801169', NULL),
('2023-08-04 10:17:45', 'TTS', '707479292644163604', '474935164451946506', '938487470339801169', NULL),
('2023-08-04 10:17:49', 'TTS', '440489230968553472', '474935164451946506', '938487470339801169', NULL),
('2023-08-04 10:17:57', 'TTS', '440489230968553472', '474935164451946506', '938487470339801169', NULL),
('2023-08-04 10:17:59', 'TTS', '440489230968553472', '474935164451946506', '938487470339801169', NULL),
('2023-08-04 10:18:05', 'PlaySound', '707479292644163604', '474935164451946506', '938487470339801169', NULL),
('2023-08-04 10:18:05', 'TTS', '440489230968553472', '474935164451946506', '938487470339801169', NULL),
('2023-08-04 10:18:12', 'TTS', '440489230968553472', '474935164451946506', '938487470339801169', NULL),
('2023-08-04 10:18:13', 'TTS', '707479292644163604', '474935164451946506', '938487470339801169', NULL),
('2023-08-04 10:18:37', 'TTS', '707479292644163604', '474935164451946506', '938487470339801169', NULL),
('2023-08-04 10:19:13', 'PlayYoutube', '440489230968553472', '474935164451946506', '938487470339801169', NULL),
('2023-08-04 10:19:21', 'PlayYoutube', '440489230968553472', '474935164451946506', '938487470339801169', NULL),
('2023-08-04 10:19:35', 'Stop', '440489230968553472', '474935164451946506', '938487470339801169', NULL),
('2023-08-04 10:19:38', 'TTS', '707479292644163604', '474935164451946506', '938487470339801169', NULL),
('2023-08-04 10:19:50', 'PlayYoutube', '440489230968553472', '474935164451946506', '938487470339801169', NULL),
('2023-08-04 10:20:51', 'PlaySound', '707479292644163604', '474935164451946506', '938487470339801169', NULL),
('2023-08-04 10:21:15', 'PlayYoutube', '440489230968553472', '474935164451946506', '938487470339801169', NULL),
('2023-08-04 10:22:51', 'PlayYoutube', '707479292644163604', '474935164451946506', '938487470339801169', NULL),
('2023-08-04 10:23:06', 'PlayYoutube', '707479292644163604', '474935164451946506', '938487470339801169', NULL),
('2023-08-04 10:23:24', 'Stop', '440489230968553472', '474935164451946506', '938487470339801169', NULL),
('2023-08-04 10:35:36', 'PlayYoutube', '707479292644163604', '474935164451946506', '938487470339801169', NULL),
('2023-08-04 10:36:08', 'Stop', '707479292644163604', '474935164451946506', '938487470339801169', NULL),
('2023-08-04 14:17:14', 'Query', '383358222972616705', '474935164451946506', '938487470339801169', NULL),
('2023-08-04 16:30:00', 'InfoMatches', '383358222972616705', '474935164451946506', '938487470339801169', NULL),
('2023-08-05 08:59:32', 'Help', '383358222972616705', '474935164451946506', '938487470339801169', NULL),
('2023-08-05 17:51:18', 'stopSlash', '857323723845533728', '983324272627974144', '938487470339801169', NULL),
('2023-08-05 17:51:30', 'playSlash', '857323723845533728', '983324272627974144', '938487470339801169', NULL),
('2023-08-05 17:53:20', 'playSlash', '398851847886077962', '983324272627974144', '938487470339801169', NULL),
('2023-08-05 17:55:13', 'playSlash', '857323723845533728', '983324272627974144', '938487470339801169', NULL),
('2023-08-05 17:55:38', 'playSlash', '857323723845533728', '983324272627974144', '938487470339801169', NULL),
('2023-08-05 17:56:21', 'playSlash', '857323723845533728', '983324272627974144', '938487470339801169', NULL),
('2023-08-05 17:57:44', 'playSlash', '857323723845533728', '983324272627974144', '938487470339801169', NULL),
('2023-08-05 17:58:16', 'playSlash', '857323723845533728', '983324272627974144', '938487470339801169', NULL),
('2023-08-05 18:00:05', 'playSlash', '857323723845533728', '983324272627974144', '938487470339801169', NULL),
('2023-08-05 18:01:42', 'stopSlash', '857323723845533728', '983324272627974144', '938487470339801169', NULL),
('2023-08-05 18:03:47', 'playSlash', '857323723845533728', '983324272627974144', '938487470339801169', NULL),
('2023-08-05 18:11:07', 'playSlash', '857323723845533728', '983324272627974144', '938487470339801169', NULL),
('2023-08-05 18:11:22', 'playSlash', '857323723845533728', '983324272627974144', '938487470339801169', NULL),
('2023-08-05 18:11:37', 'playSlash', '857323723845533728', '983324272627974144', '938487470339801169', NULL),
('2023-08-05 18:11:58', 'playSlash', '398851847886077962', '983324272627974144', '938487470339801169', NULL),
('2023-08-05 18:12:03', 'playSlash', '857323723845533728', '983324272627974144', '938487470339801169', NULL),
('2023-08-05 18:13:24', 'playSlash', '857323723845533728', '983324272627974144', '938487470339801169', NULL),
('2023-08-05 18:17:02', 'playSlash', '857323723845533728', '983324272627974144', '938487470339801169', NULL),
('2023-08-05 18:18:38', 'playSlash', '857323723845533728', '983324272627974144', '938487470339801169', NULL),
('2023-08-05 18:33:42', 'playSlash', '857323723845533728', '983324272627974144', '938487470339801169', NULL),
('2023-08-05 18:33:54', 'playSlash', '857323723845533728', '983324272627974144', '938487470339801169', NULL),
('2023-08-06 17:21:34', 'PlayYoutube', '440489230968553472', '474935164451946506', '938487470339801169', NULL),
('2023-08-06 17:21:44', 'PlayYoutube', '440489230968553472', '474935164451946506', '938487470339801169', NULL),
('2023-08-06 17:21:53', 'PlayYoutube', '440489230968553472', '474935164451946506', '938487470339801169', NULL),
('2023-08-06 17:22:14', 'PlaySound', '707479292644163604', '474935164451946506', '938487470339801169', NULL),
('2023-08-06 17:22:28', 'PlaySound', '707479292644163604', '474935164451946506', '938487470339801169', NULL),
('2023-08-06 17:23:06', 'TTS', '707479292644163604', '474935164451946506', '938487470339801169', NULL),
('2023-08-06 17:23:07', 'PlayYoutube', '440489230968553472', '474935164451946506', '938487470339801169', NULL),
('2023-08-06 17:23:20', 'TTS', '707479292644163604', '474935164451946506', '938487470339801169', NULL),
('2023-08-06 17:23:28', 'TTS', '707479292644163604', '474935164451946506', '938487470339801169', NULL),
('2023-08-06 17:23:37', 'TTS', '440489230968553472', '474935164451946506', '938487470339801169', NULL),
('2023-08-06 17:23:47', 'TTS', '440489230968553472', '474935164451946506', '938487470339801169', NULL),
('2023-08-06 17:23:49', 'PlaySound', '707479292644163604', '474935164451946506', '938487470339801169', NULL),
('2023-08-06 17:23:52', 'TTS', '440489230968553472', '474935164451946506', '938487470339801169', NULL),
('2023-08-06 17:23:54', 'TTS', '707479292644163604', '474935164451946506', '938487470339801169', NULL),
('2023-08-06 17:23:58', 'TTS', '440489230968553472', '474935164451946506', '938487470339801169', NULL),
('2023-08-06 17:24:09', 'TTS', '440489230968553472', '474935164451946506', '938487470339801169', NULL),
('2023-08-06 17:24:22', 'TTS', '707479292644163604', '474935164451946506', '938487470339801169', NULL),
('2023-08-06 17:24:52', 'TTS', '440489230968553472', '474935164451946506', '938487470339801169', NULL),
('2023-08-06 17:25:12', 'TTS', '440489230968553472', '474935164451946506', '938487470339801169', NULL),
('2023-08-06 17:25:34', 'TTS', '440489230968553472', '474935164451946506', '938487470339801169', NULL),
('2023-08-06 17:25:40', 'TTS', '440489230968553472', '474935164451946506', '938487470339801169', NULL),
('2023-08-07 07:42:36', 'InfoMatches', '383358222972616705', '474935164451946506', '938487470339801169', NULL),
('2023-08-07 14:08:34', 'LastMatches', '383358222972616705', '474935164451946506', '938487470339801169', NULL),
('2023-08-07 20:36:25', 'GameRank', '383358222972616705', '474935164451946506', '938487470339801169', NULL),
('2023-08-09 22:32:50', 'playSlash', '398851847886077962', '983324272627974144', '938487470339801169', NULL),
('2023-08-09 22:36:37', 'playSlash', '398851847886077962', '983324272627974144', '938487470339801169', NULL),
('2023-08-10 18:49:17', 'PlayYoutube', '440489230968553472', '474935164451946506', '938487470339801169', NULL),
('2023-08-10 18:50:06', 'PlayYoutube', '440489230968553472', '474935164451946506', '938487470339801169', NULL),
('2023-08-10 18:50:14', 'Stop', '440489230968553472', '474935164451946506', '938487470339801169', NULL),
('2023-08-10 18:59:00', 'PlayYoutube', '440489230968553472', '474935164451946506', '938487470339801169', NULL),
('2023-08-10 18:59:26', 'PlayYoutube', '440489230968553472', '474935164451946506', '938487470339801169', NULL),
('2023-08-10 19:02:30', 'PlayYoutube', '440489230968553472', '474935164451946506', '938487470339801169', NULL),
('2023-08-10 19:03:08', 'PlayYoutube', '440489230968553472', '474935164451946506', '938487470339801169', NULL),
('2023-08-10 19:03:40', 'PlayYoutube', '440489230968553472', '474935164451946506', '938487470339801169', NULL),
('2023-08-10 19:03:46', 'Stop', '440489230968553472', '474935164451946506', '938487470339801169', NULL),
('2023-08-10 19:03:50', 'PlayYoutube', '440489230968553472', '474935164451946506', '938487470339801169', NULL),
('2023-08-12 13:36:15', 'PlaySound', '707479292644163604', '474935164451946506', '938487470339801169', NULL),
('2023-08-13 08:54:24', 'Leaderboard', '383358222972616705', '474935164451946506', '938487470339801169', NULL),
('2023-08-14 23:33:12', 'Summoner', '383358222972616705', '474935164451946506', '938487470339801169', NULL),
('2023-08-14 23:33:21', 'Summoner', '383358222972616705', '474935164451946506', '938487470339801169', NULL),
('2023-08-15 19:32:16', 'Summoner', '383358222972616705', '474935164451946506', '938487470339801169', NULL),
('2023-08-15 19:32:30', 'Summoner', '383358222972616705', '474935164451946506', '938487470339801169', NULL),
('2023-08-15 19:32:39', 'Summoner', '383358222972616705', '474935164451946506', '938487470339801169', NULL),
('2023-08-18 11:31:35', 'Summoner', '383358222972616705', '474935164451946506', '938487470339801169', NULL),
('2023-08-18 11:31:46', 'Summoner', '383358222972616705', '474935164451946506', '938487470339801169', NULL),
('2023-08-18 15:55:29', 'helpSlash', '383358222972616705', '474935164451946506', '938487470339801169', NULL),
('2023-08-20 13:03:18', 'playSlash', '398851847886077962', '983324272627974144', '938487470339801169', NULL),
('2023-08-20 13:06:46', 'playSlash', '398851847886077962', '983324272627974144', '938487470339801169', NULL),
('2023-08-21 12:41:09', 'Upload', '383358222972616705', '474935164451946506', '938487470339801169', NULL),
('2023-08-21 12:41:25', 'PlaySound', '383358222972616705', '474935164451946506', '938487470339801169', NULL),
('2023-08-21 12:46:41', 'PlaySound', '707479292644163604', '474935164451946506', '938487470339801169', NULL),
('2023-08-21 12:46:50', 'PlaySound', '383358222972616705', '474935164451946506', '938487470339801169', NULL),
('2023-08-21 12:47:04', 'PlaySound', '707479292644163604', '474935164451946506', '938487470339801169', NULL),
('2023-08-21 12:47:17', 'PlaySound', '707479292644163604', '474935164451946506', '938487470339801169', NULL),
('2023-08-21 12:47:27', 'Query', '383358222972616705', '474935164451946506', '938487470339801169', NULL),
('2023-08-21 12:47:53', 'PlaySound', '707479292644163604', '474935164451946506', '938487470339801169', NULL),
('2023-08-21 12:48:04', 'PlaySound', '707479292644163604', '474935164451946506', '938487470339801169', NULL),
('2023-08-21 12:48:09', 'Query', '383358222972616705', '474935164451946506', '938487470339801169', NULL),
('2023-08-21 12:48:42', 'MemberInfo', '383358222972616705', '474935164451946506', '938487470339801169', NULL),
('2023-08-21 12:48:51', 'PlaySound', '707479292644163604', '474935164451946506', '938487470339801169', NULL),
('2023-08-21 12:49:13', 'PlaySound', '707479292644163604', '474935164451946506', '938487470339801169', NULL),
('2023-08-21 12:49:27', 'PlaySound', '707479292644163604', '474935164451946506', '938487470339801169', NULL),
('2023-08-21 12:49:39', 'PlaySound', '707479292644163604', '474935164451946506', '938487470339801169', NULL),
('2023-08-21 12:49:41', 'MemberInfo', '383358222972616705', '474935164451946506', '938487470339801169', NULL),
('2023-08-21 12:50:18', 'MemberInfo', '383358222972616705', '474935164451946506', '938487470339801169', NULL),
('2023-08-21 12:50:43', 'ListGuild', '383358222972616705', '474935164451946506', '938487470339801169', NULL),
('2023-08-21 12:51:35', 'PlaySound', '707479292644163604', '474935164451946506', '938487470339801169', NULL),
('2023-08-21 12:52:18', 'PlaySound', '707479292644163604', '474935164451946506', '938487470339801169', NULL),
('2023-08-21 12:52:25', 'PlaySound', '707479292644163604', '474935164451946506', '938487470339801169', NULL),
('2023-08-21 12:52:34', 'PlaySound', '707479292644163604', '474935164451946506', '938487470339801169', NULL),
('2023-08-21 12:52:38', 'PlaySound', '707479292644163604', '474935164451946506', '938487470339801169', NULL),
('2023-08-21 12:55:25', 'playSlash', '383358222972616705', '474935164451946506', '938487470339801169', NULL),
('2023-08-21 12:55:30', 'playSlash', '383358222972616705', '474935164451946506', '938487470339801169', NULL),
('2023-08-21 13:00:23', 'PlaySound', '707479292644163604', '474935164451946506', '938487470339801169', NULL),
('2023-08-21 13:00:29', 'PlaySound', '707479292644163604', '474935164451946506', '938487470339801169', NULL),
('2023-08-21 13:00:58', 'Query', '707479292644163604', '474935164451946506', '938487470339801169', NULL),
('2023-08-21 13:01:42', 'PlaySound', '707479292644163604', '474935164451946506', '938487470339801169', NULL),
('2023-08-21 13:01:57', 'Query', '383358222972616705', '474935164451946506', '938487470339801169', NULL),
('2023-08-21 13:02:37', 'PlaySound', '707479292644163604', '474935164451946506', '938487470339801169', NULL),
('2023-08-21 13:06:13', 'PlaySound', '707479292644163604', '474935164451946506', '938487470339801169', NULL),
('2023-08-21 13:07:18', 'PlaySound', '707479292644163604', '474935164451946506', '938487470339801169', NULL),
('2023-08-21 13:07:26', 'PlaySound', '707479292644163604', '474935164451946506', '938487470339801169', NULL),
('2023-08-21 13:07:52', 'Query', '383358222972616705', '474935164451946506', '938487470339801169', NULL),
('2023-08-21 13:08:06', 'PlaySound', '707479292644163604', '474935164451946506', '938487470339801169', NULL),
('2023-08-21 13:10:28', 'Query', '383358222972616705', '474935164451946506', '938487470339801169', NULL),
('2023-08-21 13:10:53', 'Query', '383358222972616705', '474935164451946506', '938487470339801169', NULL),
('2023-08-21 13:10:54', 'PlaySound', '707479292644163604', '474935164451946506', '938487470339801169', NULL),
('2023-08-21 13:11:24', 'Query', '383358222972616705', '474935164451946506', '938487470339801169', NULL),
('2023-08-21 13:11:27', 'Query', '383358222972616705', '474935164451946506', '938487470339801169', NULL),
('2023-08-21 13:11:28', 'Query', '383358222972616705', '474935164451946506', '938487470339801169', NULL),
('2023-08-21 13:12:00', 'MemberInfo', '383358222972616705', '474935164451946506', '938487470339801169', NULL),
('2023-08-21 13:12:50', 'Query', '383358222972616705', '474935164451946506', '938487470339801169', NULL),
('2023-08-21 13:13:01', 'Query', '383358222972616705', '474935164451946506', '938487470339801169', NULL),
('2023-08-21 13:13:36', 'PlaySound', '707479292644163604', '474935164451946506', '938487470339801169', NULL),
('2023-08-21 13:40:28', 'PlayYoutube', '440489230968553472', '474935164451946506', '938487470339801169', NULL),
('2023-08-21 13:50:51', 'PlayYoutube', '440489230968553472', '474935164451946506', '938487470339801169', NULL),
('2023-08-21 13:50:56', 'Clear', '440489230968553472', '474935164451946506', '938487470339801169', NULL),
('2023-08-21 13:51:07', 'Stop', '440489230968553472', '474935164451946506', '938487470339801169', NULL),
('2023-08-21 13:51:34', 'PlayYoutube', '707479292644163604', '474935164451946506', '938487470339801169', NULL),
('2023-08-21 14:06:15', 'PlaySound', '707479292644163604', '474935164451946506', '938487470339801169', NULL),
('2023-08-23 20:52:57', 'levelupSlash', '383358222972616705', '474935164451946506', '938487470339801169', NULL),
('2023-08-23 20:53:13', 'levelupSlash', '383358222972616705', '474935164451946506', '938487470339801169', NULL),
('2023-08-23 20:53:37', 'levelupSlash', '383358222972616705', '474935164451946506', '938487470339801169', NULL),
('2023-08-23 20:54:14', 'levelupSlash', '383358222972616705', '474935164451946506', '938487470339801169', NULL),
('2023-08-23 21:32:20', 'PlaySound', '707479292644163604', '474935164451946506', '938487470339801169', NULL),
('2023-08-23 21:53:06', 'Clear', '383358222972616705', '474935164451946506', '938487470339801169', NULL),
('2023-08-24 22:38:35', 'playSlash', '398851847886077962', '983324272627974144', '938487470339801169', NULL),
('2023-08-24 22:40:23', 'playSlash', '398851847886077962', '983324272627974144', '938487470339801169', NULL),
('2023-08-24 22:42:46', 'playSlash', '398851847886077962', '983324272627974144', '938487470339801169', NULL),
('2023-08-24 22:43:23', 'playSlash', '398851847886077962', '983324272627974144', '938487470339801169', NULL),
('2023-08-24 22:44:05', 'playSlash', '398851847886077962', '983324272627974144', '938487470339801169', NULL),
('2023-08-26 15:33:33', 'PlaySound', '383358222972616705', '474935164451946506', '938487470339801169', NULL),
('2023-08-26 15:33:36', 'PlaySound', '383358222972616705', '474935164451946506', '938487470339801169', NULL),
('2023-08-26 15:34:30', 'Clear', '383358222972616705', '474935164451946506', '938487470339801169', NULL),
('2023-08-26 18:01:00', 'Help', '440489230968553472', '474935164451946506', '938487470339801169', NULL),
('2023-08-26 18:01:34', 'PlayYoutube', '440489230968553472', '474935164451946506', '938487470339801169', NULL),
('2023-08-26 18:03:05', 'PlayYoutube', '440489230968553472', '474935164451946506', '938487470339801169', NULL),
('2023-08-26 18:03:25', 'Stop', '440489230968553472', '474935164451946506', '938487470339801169', NULL),
('2023-08-26 18:03:33', 'PlaySound', '440489230968553472', '474935164451946506', '938487470339801169', NULL),
('2023-08-26 18:04:01', 'PlaySound', '383358222972616705', '474935164451946506', '938487470339801169', NULL),
('2023-08-26 18:04:02', 'Stop', '383358222972616705', '474935164451946506', '938487470339801169', NULL),
('2023-08-26 20:59:49', 'PlayYoutube', '383358222972616705', '474935164451946506', '938487470339801169', NULL),
('2023-08-26 21:02:14', 'PlayYoutube', '383358222972616705', '474935164451946506', '938487470339801169', NULL),
('2023-08-26 21:02:28', 'PlayYoutube', '383358222972616705', '474935164451946506', '938487470339801169', NULL),
('2023-08-26 21:02:35', 'Stop', '383358222972616705', '474935164451946506', '938487470339801169', NULL),
('2023-08-27 13:44:35', 'PlayYoutube', '440489230968553472', '474935164451946506', '938487470339801169', NULL),
('2023-08-27 13:44:42', 'PlayYoutube', '440489230968553472', '474935164451946506', '938487470339801169', NULL),
('2023-08-27 19:58:34', 'Clear', '440489230968553472', '876606568412639272', '938487470339801169', NULL),
('2023-08-27 22:08:57', 'PlaySound', '707479292644163604', '474935164451946506', '938487470339801169', NULL),
('2023-08-29 16:50:53', 'PlaySound', '707479292644163604', '474935164451946506', '938487470339801169', NULL),
('2023-08-29 16:55:04', 'Query', '440489230968553472', '474935164451946506', '938487470339801169', NULL),
('2023-08-29 16:55:28', 'Query', '440489230968553472', '474935164451946506', '938487470339801169', NULL),
('2023-08-29 16:55:37', 'PlayYoutube', '707479292644163604', '474935164451946506', '938487470339801169', NULL),
('2023-08-29 16:55:54', 'Query', '440489230968553472', '474935164451946506', '938487470339801169', NULL),
('2023-08-29 16:57:31', 'MemberInfo', '440489230968553472', '474935164451946506', '938487470339801169', NULL),
('2023-08-29 16:59:03', 'Query', '440489230968553472', '474935164451946506', '938487470339801169', NULL),
('2023-08-29 16:59:23', 'Query', '440489230968553472', '474935164451946506', '938487470339801169', NULL),
('2023-08-29 17:02:02', 'PlayYoutube', '440489230968553472', '474935164451946506', '938487470339801169', NULL),
('2023-08-29 17:02:38', 'PlayYoutube', '440489230968553472', '474935164451946506', '938487470339801169', NULL),
('2023-08-29 17:02:45', 'Clear', '440489230968553472', '474935164451946506', '938487470339801169', NULL),
('2023-08-29 18:22:17', 'PlayYoutube', '440489230968553472', '474935164451946506', '938487470339801169', NULL),
('2023-08-29 18:22:19', 'Stop', '440489230968553472', '474935164451946506', '938487470339801169', NULL),
('2023-08-29 18:23:42', 'PlayYoutube', '440489230968553472', '474935164451946506', '938487470339801169', NULL),
('2023-08-29 18:23:44', 'Stop', '440489230968553472', '474935164451946506', '938487470339801169', NULL),
('2023-08-29 18:23:56', 'PlayYoutube', '440489230968553472', '474935164451946506', '938487470339801169', NULL),
('2023-08-29 18:23:58', 'Stop', '440489230968553472', '474935164451946506', '938487470339801169', NULL),
('2023-08-29 18:24:08', 'PlayYoutube', '440489230968553472', '474935164451946506', '938487470339801169', NULL),
('2023-08-29 18:24:10', 'Stop', '440489230968553472', '474935164451946506', '938487470339801169', NULL),
('2023-08-29 18:26:11', 'PlayYoutube', '440489230968553472', '474935164451946506', '938487470339801169', NULL),
('2023-08-29 18:26:13', 'Stop', '440489230968553472', '474935164451946506', '938487470339801169', NULL),
('2023-08-29 18:26:30', 'PlayYoutube', '440489230968553472', '474935164451946506', '938487470339801169', NULL),
('2023-08-29 18:26:33', 'Stop', '440489230968553472', '474935164451946506', '938487470339801169', NULL),
('2023-08-29 18:26:47', 'PlayYoutube', '440489230968553472', '474935164451946506', '938487470339801169', NULL),
('2023-08-29 18:26:50', 'Stop', '440489230968553472', '474935164451946506', '938487470339801169', NULL),
('2023-08-31 21:02:25', 'MemberInfo', '383358222972616705', '474935164451946506', '938487470339801169', NULL),
('2023-08-31 21:02:54', 'MemberInfo', '383358222972616705', '474935164451946506', '938487470339801169', NULL),
('2023-08-31 21:03:04', 'MemberInfo', '383358222972616705', '474935164451946506', '938487470339801169', NULL),
('2023-08-31 21:03:13', 'MemberInfo', '383358222972616705', '474935164451946506', '938487470339801169', NULL),
('2023-08-31 21:03:42', 'Query', '440489230968553472', '474935164451946506', '938487470339801169', NULL),
('2023-08-31 21:04:09', 'Query', '383358222972616705', '474935164451946506', '938487470339801169', NULL),
('2023-08-31 21:04:21', 'Query', '383358222972616705', '474935164451946506', '938487470339801169', NULL),
('2023-08-31 21:04:56', 'PlaySound', '383358222972616705', '474935164451946506', '938487470339801169', NULL),
('2023-08-31 21:05:05', 'PlaySound', '383358222972616705', '474935164451946506', '938487470339801169', NULL),
('2023-08-31 21:05:18', 'Query', '383358222972616705', '474935164451946506', '938487470339801169', NULL),
('2023-08-31 21:05:49', 'Query', '383358222972616705', '474935164451946506', '938487470339801169', NULL),
('2023-08-31 21:07:08', 'Query', '383358222972616705', '474935164451946506', '938487470339801169', NULL),
('2023-08-31 21:07:27', 'Query', '383358222972616705', '474935164451946506', '938487470339801169', NULL),
('2023-08-31 21:09:21', 'Leaderboard', '440489230968553472', '474935164451946506', '938487470339801169', NULL),
('2023-08-31 21:10:17', 'Leaderboard', '440489230968553472', '474935164451946506', '938487470339801169', NULL),
('2023-08-31 21:10:23', 'playSlash', '404277619094192138', '983324272627974144', '938487470339801169', NULL),
('2023-08-31 21:10:28', 'Leaderboard', '440489230968553472', '474935164451946506', '938487470339801169', NULL),
('2023-08-31 21:11:11', 'PlaySound', '383358222972616705', '474935164451946506', '938487470339801169', NULL),
('2023-08-31 21:11:12', 'Stop', '383358222972616705', '474935164451946506', '938487470339801169', NULL),
('2023-08-31 21:14:44', 'Query', '383358222972616705', '474935164451946506', '938487470339801169', NULL),
('2023-08-31 21:14:59', 'Query', '383358222972616705', '474935164451946506', '938487470339801169', NULL),
('2023-08-31 21:15:09', 'Query', '383358222972616705', '474935164451946506', '938487470339801169', NULL),
('2023-08-31 21:15:32', 'Query', '383358222972616705', '474935164451946506', '938487470339801169', NULL),
('2023-08-31 21:57:14', 'TTS', '383358222972616705', '474935164451946506', '938487470339801169', NULL),
('2023-08-31 23:57:08', 'PlaySound', '707479292644163604', '474935164451946506', '938487470339801169', NULL),
('2023-09-01 11:11:37', 'PlaySound', '707479292644163604', '474935164451946506', '938487470339801169', NULL),
('2023-09-01 11:13:05', 'PlaySound', '707479292644163604', '474935164451946506', '938487470339801169', NULL),
('2023-09-01 11:13:12', 'PlaySound', '707479292644163604', '474935164451946506', '938487470339801169', NULL),
('2023-09-01 11:13:48', 'PlaySound', '707479292644163604', '474935164451946506', '938487470339801169', NULL),
('2023-09-01 11:14:07', 'PlaySound', '707479292644163604', '474935164451946506', '938487470339801169', NULL),
('2023-09-01 11:14:45', 'PlaySound', '707479292644163604', '474935164451946506', '938487470339801169', NULL),
('2023-09-01 11:15:45', 'PlaySound', '707479292644163604', '474935164451946506', '938487470339801169', NULL),
('2023-09-01 11:16:01', 'PlaySound', '707479292644163604', '474935164451946506', '938487470339801169', NULL),
('2023-09-01 11:16:40', 'PlaySound', '707479292644163604', '474935164451946506', '938487470339801169', NULL),
('2023-09-01 11:16:52', 'PlaySound', '707479292644163604', '474935164451946506', '938487470339801169', NULL),
('2023-09-01 11:17:41', 'PlaySound', '707479292644163604', '474935164451946506', '938487470339801169', NULL),
('2023-09-01 11:21:14', 'TTS', '383358222972616705', '474935164451946506', '938487470339801169', NULL),
('2023-09-01 11:21:19', 'TTS', '383358222972616705', '474935164451946506', '938487470339801169', NULL),
('2023-09-01 11:21:32', 'TTS', '383358222972616705', '474935164451946506', '938487470339801169', NULL),
('2023-09-01 11:21:48', 'TTS', '383358222972616705', '474935164451946506', '938487470339801169', NULL),
('2023-09-01 11:21:59', 'TTS', '383358222972616705', '474935164451946506', '938487470339801169', NULL),
('2023-09-01 11:22:12', 'TTS', '383358222972616705', '474935164451946506', '938487470339801169', NULL),
('2023-09-01 11:22:17', 'TTS', '383358222972616705', '474935164451946506', '938487470339801169', NULL),
('2023-09-01 11:22:28', 'TTS', '383358222972616705', '474935164451946506', '938487470339801169', NULL),
('2023-09-01 11:22:41', 'TTS', '383358222972616705', '474935164451946506', '938487470339801169', NULL),
('2023-09-01 11:22:49', 'TTS', '383358222972616705', '474935164451946506', '938487470339801169', NULL),
('2023-09-01 11:22:56', 'TTS', '383358222972616705', '474935164451946506', '938487470339801169', NULL),
('2023-09-01 11:23:02', 'TTS', '383358222972616705', '474935164451946506', '938487470339801169', NULL),
('2023-09-01 11:23:11', 'TTS', '383358222972616705', '474935164451946506', '938487470339801169', NULL),
('2023-09-01 11:23:25', 'TTS', '383358222972616705', '474935164451946506', '938487470339801169', NULL),
('2023-09-01 11:23:39', 'TTS', '383358222972616705', '474935164451946506', '938487470339801169', NULL),
('2023-09-01 11:23:51', 'TTS', '383358222972616705', '474935164451946506', '938487470339801169', NULL),
('2023-09-01 11:23:57', 'TTS', '383358222972616705', '474935164451946506', '938487470339801169', NULL),
('2023-09-01 11:24:07', 'TTS', '383358222972616705', '474935164451946506', '938487470339801169', NULL),
('2023-09-01 11:24:15', 'TTS', '383358222972616705', '474935164451946506', '938487470339801169', NULL),
('2023-09-01 11:24:32', 'TTS', '383358222972616705', '474935164451946506', '938487470339801169', NULL),
('2023-09-01 11:25:06', 'TTS', '383358222972616705', '474935164451946506', '938487470339801169', NULL),
('2023-09-01 11:25:33', 'TTS', '383358222972616705', '474935164451946506', '938487470339801169', NULL),
('2023-09-01 11:25:45', 'TTS', '383358222972616705', '474935164451946506', '938487470339801169', NULL),
('2023-09-01 11:25:53', 'TTS', '383358222972616705', '474935164451946506', '938487470339801169', NULL),
('2023-09-01 11:26:05', 'TTS', '383358222972616705', '474935164451946506', '938487470339801169', NULL),
('2023-09-01 11:26:23', 'TTS', '383358222972616705', '474935164451946506', '938487470339801169', NULL),
('2023-09-01 11:26:51', 'TTS', '383358222972616705', '474935164451946506', '938487470339801169', NULL),
('2023-09-01 11:26:57', 'TTS', '383358222972616705', '474935164451946506', '938487470339801169', NULL),
('2023-09-01 11:27:16', 'TTS', '383358222972616705', '474935164451946506', '938487470339801169', NULL),
('2023-09-01 11:27:27', 'TTS', '383358222972616705', '474935164451946506', '938487470339801169', NULL),
('2023-09-01 11:27:58', 'TTS', '383358222972616705', '474935164451946506', '938487470339801169', NULL),
('2023-09-01 11:28:13', 'TTS', '383358222972616705', '474935164451946506', '938487470339801169', NULL),
('2023-09-01 11:28:20', 'TTS', '383358222972616705', '474935164451946506', '938487470339801169', NULL),
('2023-09-01 11:28:24', 'TTS', '383358222972616705', '474935164451946506', '938487470339801169', NULL),
('2023-09-01 11:28:28', 'TTS', '383358222972616705', '474935164451946506', '938487470339801169', NULL),
('2023-09-01 11:29:16', 'TTS', '383358222972616705', '474935164451946506', '938487470339801169', NULL),
('2023-09-01 11:29:38', 'TTS', '383358222972616705', '474935164451946506', '938487470339801169', NULL),
('2023-09-01 11:29:58', 'TTS', '383358222972616705', '474935164451946506', '938487470339801169', NULL),
('2023-09-01 11:30:20', 'TTS', '383358222972616705', '474935164451946506', '938487470339801169', NULL),
('2023-09-01 11:30:31', 'TTS', '383358222972616705', '474935164451946506', '938487470339801169', NULL),
('2023-09-01 11:30:37', 'TTS', '383358222972616705', '474935164451946506', '938487470339801169', NULL),
('2023-09-01 11:30:40', 'TTS', '383358222972616705', '474935164451946506', '938487470339801169', NULL),
('2023-09-01 11:31:01', 'TTS', '383358222972616705', '474935164451946506', '938487470339801169', NULL),
('2023-09-01 11:31:06', 'TTS', '383358222972616705', '474935164451946506', '938487470339801169', NULL),
('2023-09-01 11:31:14', 'TTS', '383358222972616705', '474935164451946506', '938487470339801169', NULL),
('2023-09-01 11:31:20', 'TTS', '383358222972616705', '474935164451946506', '938487470339801169', NULL),
('2023-09-01 11:31:29', 'TTS', '383358222972616705', '474935164451946506', '938487470339801169', NULL),
('2023-09-01 11:31:42', 'TTS', '383358222972616705', '474935164451946506', '938487470339801169', NULL),
('2023-09-01 11:31:52', 'TTS', '383358222972616705', '474935164451946506', '938487470339801169', NULL),
('2023-09-01 11:32:09', 'TTS', '383358222972616705', '474935164451946506', '938487470339801169', NULL),
('2023-09-01 11:32:28', 'TTS', '383358222972616705', '474935164451946506', '938487470339801169', NULL),
('2023-09-01 11:32:43', 'PlaySound', '383358222972616705', '474935164451946506', '938487470339801169', NULL),
('2023-09-01 11:32:43', 'Stop', '383358222972616705', '474935164451946506', '938487470339801169', NULL),
('2023-09-01 11:32:48', 'TTS', '383358222972616705', '474935164451946506', '938487470339801169', NULL),
('2023-09-01 11:32:53', 'TTS', '383358222972616705', '474935164451946506', '938487470339801169', NULL),
('2023-09-01 11:33:02', 'TTS', '383358222972616705', '474935164451946506', '938487470339801169', NULL),
('2023-09-01 11:33:07', 'TTS', '383358222972616705', '474935164451946506', '938487470339801169', NULL),
('2023-09-01 11:33:09', 'TTS', '383358222972616705', '474935164451946506', '938487470339801169', NULL),
('2023-09-01 11:33:14', 'TTS', '383358222972616705', '474935164451946506', '938487470339801169', NULL),
('2023-09-01 11:33:21', 'TTS', '383358222972616705', '474935164451946506', '938487470339801169', NULL),
('2023-09-01 11:33:28', 'TTS', '383358222972616705', '474935164451946506', '938487470339801169', NULL),
('2023-09-01 11:33:35', 'TTS', '383358222972616705', '474935164451946506', '938487470339801169', NULL),
('2023-09-01 11:33:58', 'TTS', '383358222972616705', '474935164451946506', '938487470339801169', NULL),
('2023-09-01 11:34:05', 'TTS', '383358222972616705', '474935164451946506', '938487470339801169', NULL),
('2023-09-01 11:34:12', 'TTS', '383358222972616705', '474935164451946506', '938487470339801169', NULL),
('2023-09-01 11:35:13', 'TTS', '383358222972616705', '474935164451946506', '938487470339801169', NULL),
('2023-09-01 11:35:18', 'TTS', '383358222972616705', '474935164451946506', '938487470339801169', NULL),
('2023-09-01 11:35:34', 'TTS', '707479292644163604', '474935164451946506', '938487470339801169', NULL),
('2023-09-01 11:35:46', 'TTS', '383358222972616705', '474935164451946506', '938487470339801169', NULL),
('2023-09-01 11:36:26', 'TTS', '383358222972616705', '474935164451946506', '938487470339801169', NULL),
('2023-09-01 11:36:39', 'TTS', '383358222972616705', '474935164451946506', '938487470339801169', NULL),
('2023-09-01 11:36:57', 'TTS', '383358222972616705', '474935164451946506', '938487470339801169', NULL),
('2023-09-01 11:37:09', 'TTS', '383358222972616705', '474935164451946506', '938487470339801169', NULL),
('2023-09-01 11:38:36', 'TTS', '383358222972616705', '474935164451946506', '938487470339801169', NULL),
('2023-09-01 11:38:44', 'TTS', '383358222972616705', '474935164451946506', '938487470339801169', NULL),
('2023-09-01 11:38:59', 'TTS', '383358222972616705', '474935164451946506', '938487470339801169', NULL),
('2023-09-01 11:39:05', 'TTS', '383358222972616705', '474935164451946506', '938487470339801169', NULL),
('2023-09-01 11:39:19', 'TTS', '383358222972616705', '474935164451946506', '938487470339801169', NULL),
('2023-09-01 11:39:27', 'TTS', '383358222972616705', '474935164451946506', '938487470339801169', NULL),
('2023-09-01 11:39:28', 'TTS', '383358222972616705', '474935164451946506', '938487470339801169', NULL),
('2023-09-01 11:39:36', 'TTS', '383358222972616705', '474935164451946506', '938487470339801169', NULL),
('2023-09-01 11:39:50', 'TTS', '383358222972616705', '474935164451946506', '938487470339801169', NULL),
('2023-09-01 11:39:57', 'TTS', '383358222972616705', '474935164451946506', '938487470339801169', NULL),
('2023-09-01 11:40:31', 'Query', '383358222972616705', '474935164451946506', '938487470339801169', NULL),
('2023-09-01 11:40:39', 'TTS', '383358222972616705', '474935164451946506', '938487470339801169', NULL),
('2023-09-01 11:40:49', 'Query', '383358222972616705', '474935164451946506', '938487470339801169', NULL),
('2023-09-01 11:40:53', 'TTS', '383358222972616705', '474935164451946506', '938487470339801169', NULL),
('2023-09-01 11:41:01', 'TTS', '383358222972616705', '474935164451946506', '938487470339801169', NULL),
('2023-09-01 11:41:09', 'TTS', '383358222972616705', '474935164451946506', '938487470339801169', NULL),
('2023-09-01 11:41:19', 'TTS', '383358222972616705', '474935164451946506', '938487470339801169', NULL),
('2023-09-01 11:41:26', 'TTS', '383358222972616705', '474935164451946506', '938487470339801169', NULL),
('2023-09-01 11:41:49', 'PlaySound', '707479292644163604', '474935164451946506', '938487470339801169', NULL),
('2023-09-01 11:41:53', 'PlaySound', '707479292644163604', '474935164451946506', '938487470339801169', NULL),
('2023-09-01 11:41:56', 'PlaySound', '707479292644163604', '474935164451946506', '938487470339801169', NULL),
('2023-09-01 11:42:21', 'PlaySound', '707479292644163604', '474935164451946506', '938487470339801169', NULL),
('2023-09-01 11:42:53', 'PlaySound', '707479292644163604', '474935164451946506', '938487470339801169', NULL),
('2023-09-01 11:43:10', 'Query', '707479292644163604', '474935164451946506', '938487470339801169', NULL),
('2023-09-01 11:45:12', 'PlaySound', '707479292644163604', '474935164451946506', '938487470339801169', NULL),
('2023-09-01 11:45:15', 'PlaySound', '707479292644163604', '474935164451946506', '938487470339801169', NULL),
('2023-09-01 11:49:41', 'PlaySound', '707479292644163604', '474935164451946506', '938487470339801169', NULL),
('2023-09-01 11:50:09', 'PlayYoutube', '707479292644163604', '474935164451946506', '938487470339801169', NULL),
('2023-09-01 12:00:22', 'PlayYoutube', '707479292644163604', '474935164451946506', '938487470339801169', NULL),
('2023-09-01 12:01:01', 'PlayYoutube', '707479292644163604', '474935164451946506', '938487470339801169', NULL),
('2023-09-01 12:02:32', 'PlaySound', '707479292644163604', '474935164451946506', '938487470339801169', NULL),
('2023-09-01 12:02:39', 'PlaySound', '707479292644163604', '474935164451946506', '938487470339801169', NULL),
('2023-09-01 12:02:50', 'PlaySound', '707479292644163604', '474935164451946506', '938487470339801169', NULL),
('2023-09-01 12:02:56', 'PlaySound', '707479292644163604', '474935164451946506', '938487470339801169', NULL),
('2023-09-01 12:05:35', 'PlayYoutube', '707479292644163604', '474935164451946506', '938487470339801169', NULL),
('2023-09-01 12:06:18', 'Stop', '440489230968553472', '474935164451946506', '938487470339801169', NULL),
('2023-09-01 12:07:31', 'PlayYoutube', '707479292644163604', '474935164451946506', '938487470339801169', NULL),
('2023-09-01 12:11:09', 'TTS', '383358222972616705', '474935164451946506', '938487470339801169', NULL),
('2023-09-01 12:26:40', 'PlayYoutube', '707479292644163604', '474935164451946506', '938487470339801169', NULL),
('2023-09-01 12:34:27', 'PlayYoutube', '707479292644163604', '474935164451946506', '938487470339801169', NULL),
('2023-09-01 12:37:14', 'PlayYoutube', '707479292644163604', '474935164451946506', '938487470339801169', NULL),
('2023-09-01 12:37:33', 'PlayYoutube', '707479292644163604', '474935164451946506', '938487470339801169', NULL),
('2023-09-01 12:38:11', 'PlayYoutube', '707479292644163604', '474935164451946506', '938487470339801169', NULL),
('2023-09-01 12:41:06', 'PlayYoutube', '707479292644163604', '474935164451946506', '938487470339801169', NULL),
('2023-09-01 12:41:44', 'PlayYoutube', '707479292644163604', '474935164451946506', '938487470339801169', NULL),
('2023-09-01 12:43:25', 'PlayYoutube', '707479292644163604', '474935164451946506', '938487470339801169', NULL),
('2023-09-01 12:48:35', 'TTS', '383358222972616705', '474935164451946506', '983315338886279229', NULL),
('2023-09-01 12:48:45', 'TTS', '383358222972616705', '474935164451946506', '983315338886279229', NULL),
('2023-09-01 12:49:53', 'TTS', '383358222972616705', '474935164451946506', '983315338886279229', NULL),
('2023-09-01 12:50:02', 'TTS', '383358222972616705', '474935164451946506', '983315338886279229', NULL),
('2023-09-01 12:50:11', 'TTS', '383358222972616705', '474935164451946506', '983315338886279229', NULL),
('2023-09-01 12:50:16', 'TTS', '383358222972616705', '474935164451946506', '983315338886279229', NULL),
('2023-09-01 12:50:31', 'TTS', '383358222972616705', '474935164451946506', '983315338886279229', NULL),
('2023-09-01 12:50:40', 'TTS', '383358222972616705', '474935164451946506', '983315338886279229', NULL),
('2023-09-01 12:51:38', 'TTS', '383358222972616705', '474935164451946506', '938487470339801169', NULL),
('2023-09-01 12:51:48', 'TTS', '383358222972616705', '474935164451946506', '938487470339801169', NULL),
('2023-09-01 12:52:09', 'TTS', '383358222972616705', '474935164451946506', '938487470339801169', NULL),
('2023-09-01 12:52:23', 'TTS', '383358222972616705', '474935164451946506', '938487470339801169', NULL),
('2023-09-01 12:54:11', 'TTS', '383358222972616705', '474935164451946506', '938487470339801169', NULL),
('2023-09-01 12:54:22', 'TTS', '383358222972616705', '474935164451946506', '938487470339801169', NULL),
('2023-09-01 12:54:23', 'TTS', '383358222972616705', '474935164451946506', '938487470339801169', NULL),
('2023-09-01 12:54:33', 'TTS', '383358222972616705', '474935164451946506', '938487470339801169', NULL),
('2023-09-01 12:54:39', 'TTS', '383358222972616705', '474935164451946506', '938487470339801169', NULL),
('2023-09-01 12:54:50', 'TTS', '383358222972616705', '474935164451946506', '938487470339801169', NULL),
('2023-09-01 12:55:05', 'TTS', '383358222972616705', '474935164451946506', '938487470339801169', NULL),
('2023-09-01 12:55:22', 'TTS', '383358222972616705', '474935164451946506', '938487470339801169', NULL),
('2023-09-01 12:55:30', 'TTS', '383358222972616705', '474935164451946506', '938487470339801169', NULL),
('2023-09-01 12:56:06', 'TTS', '383358222972616705', '474935164451946506', '938487470339801169', NULL),
('2023-09-01 12:56:25', 'TTS', '383358222972616705', '474935164451946506', '938487470339801169', NULL),
('2023-09-01 12:56:56', 'TTS', '383358222972616705', '474935164451946506', '938487470339801169', NULL),
('2023-09-01 12:57:12', 'TTS', '383358222972616705', '474935164451946506', '938487470339801169', NULL),
('2023-09-01 12:57:23', 'TTS', '383358222972616705', '474935164451946506', '938487470339801169', NULL),
('2023-09-01 12:57:29', 'TTS', '383358222972616705', '474935164451946506', '938487470339801169', NULL),
('2023-09-01 12:57:45', 'TTS', '383358222972616705', '474935164451946506', '938487470339801169', NULL),
('2023-09-01 12:58:02', 'TTS', '383358222972616705', '474935164451946506', '938487470339801169', NULL),
('2023-09-01 12:58:17', 'TTS', '383358222972616705', '474935164451946506', '938487470339801169', NULL),
('2023-09-01 12:58:27', 'TTS', '383358222972616705', '474935164451946506', '938487470339801169', NULL),
('2023-09-01 12:58:44', 'TTS', '383358222972616705', '474935164451946506', '938487470339801169', NULL),
('2023-09-01 12:59:11', 'TTS', '383358222972616705', '474935164451946506', '938487470339801169', NULL),
('2023-09-01 12:59:33', 'TTS', '383358222972616705', '474935164451946506', '938487470339801169', NULL),
('2023-09-01 12:59:38', 'TTS', '383358222972616705', '474935164451946506', '938487470339801169', NULL),
('2023-09-01 12:59:41', 'TTS', '383358222972616705', '474935164451946506', '938487470339801169', NULL),
('2023-09-01 12:59:48', 'TTS', '383358222972616705', '474935164451946506', '938487470339801169', NULL),
('2023-09-01 12:59:57', 'TTS', '383358222972616705', '474935164451946506', '938487470339801169', NULL),
('2023-09-01 13:00:02', 'TTS', '383358222972616705', '474935164451946506', '938487470339801169', NULL),
('2023-09-01 13:00:09', 'SetVoice', '383358222972616705', '474935164451946506', '938487470339801169', NULL),
('2023-09-01 13:00:11', 'TTS', '383358222972616705', '474935164451946506', '938487470339801169', NULL),
('2023-09-01 13:00:18', 'TTS', '383358222972616705', '474935164451946506', '983315338886279229', NULL),
('2023-09-01 13:00:25', 'TTS', '383358222972616705', '474935164451946506', '938487470339801169', NULL),
('2023-09-01 13:00:29', 'TTS', '383358222972616705', '474935164451946506', '983315338886279229', NULL),
('2023-09-01 13:00:32', 'TTS', '383358222972616705', '474935164451946506', '938487470339801169', NULL),
('2023-09-01 13:00:34', 'TTS', '383358222972616705', '474935164451946506', '983315338886279229', NULL),
('2023-09-01 13:00:40', 'TTS', '383358222972616705', '474935164451946506', '938487470339801169', NULL),
('2023-09-01 13:00:41', 'TTS', '383358222972616705', '474935164451946506', '983315338886279229', NULL),
('2023-09-01 13:00:45', 'TTS', '383358222972616705', '474935164451946506', '983315338886279229', NULL),
('2023-09-01 13:00:47', 'TTS', '383358222972616705', '474935164451946506', '938487470339801169', NULL),
('2023-09-01 13:00:49', 'TTS', '383358222972616705', '474935164451946506', '983315338886279229', NULL),
('2023-09-01 13:00:59', 'TTS', '383358222972616705', '474935164451946506', '938487470339801169', NULL),
('2023-09-01 13:01:38', 'TTS', '383358222972616705', '474935164451946506', '938487470339801169', NULL),
('2023-09-01 13:01:44', 'TTS', '383358222972616705', '474935164451946506', '938487470339801169', NULL),
('2023-09-01 13:01:47', 'TTS', '383358222972616705', '474935164451946506', '938487470339801169', NULL),
('2023-09-01 13:01:50', 'TTS', '383358222972616705', '474935164451946506', '938487470339801169', NULL),
('2023-09-01 13:02:29', 'TTS', '383358222972616705', '474935164451946506', '938487470339801169', NULL),
('2023-09-01 13:03:10', 'TTS', '383358222972616705', '474935164451946506', '938487470339801169', NULL),
('2023-09-01 13:03:31', 'TTS', '383358222972616705', '474935164451946506', '938487470339801169', NULL),
('2023-09-01 13:03:58', 'TTS', '383358222972616705', '474935164451946506', '938487470339801169', NULL),
('2023-09-01 13:04:30', 'TTS', '383358222972616705', '474935164451946506', '938487470339801169', NULL),
('2023-09-01 13:04:44', 'Clear', '383358222972616705', '474935164451946506', '938487470339801169', NULL),
('2023-09-01 13:04:48', 'TTS', '383358222972616705', '474935164451946506', '938487470339801169', NULL),
('2023-09-01 13:04:53', 'TTS', '383358222972616705', '474935164451946506', '938487470339801169', NULL),
('2023-09-01 13:05:16', 'TTS', '383358222972616705', '474935164451946506', '938487470339801169', NULL),
('2023-09-01 13:05:28', 'TTS', '383358222972616705', '474935164451946506', '938487470339801169', NULL),
('2023-09-01 13:05:34', 'TTS', '383358222972616705', '474935164451946506', '938487470339801169', NULL),
('2023-09-01 13:05:49', 'TTS', '383358222972616705', '474935164451946506', '938487470339801169', NULL),
('2023-09-01 13:06:02', 'TTS', '383358222972616705', '474935164451946506', '938487470339801169', NULL),
('2023-09-01 13:06:10', 'TTS', '383358222972616705', '474935164451946506', '938487470339801169', NULL),
('2023-09-01 13:06:24', 'TTS', '383358222972616705', '474935164451946506', '938487470339801169', NULL),
('2023-09-01 13:06:37', 'TTS', '383358222972616705', '474935164451946506', '938487470339801169', NULL),
('2023-09-01 13:06:52', 'TTS', '383358222972616705', '474935164451946506', '938487470339801169', NULL),
('2023-09-01 13:07:07', 'TTS', '383358222972616705', '474935164451946506', '938487470339801169', NULL),
('2023-09-01 13:07:34', 'TTS', '383358222972616705', '474935164451946506', '938487470339801169', NULL),
('2023-09-01 13:07:53', 'TTS', '383358222972616705', '474935164451946506', '938487470339801169', NULL),
('2023-09-01 13:08:06', 'TTS', '383358222972616705', '474935164451946506', '938487470339801169', NULL),
('2023-09-01 13:08:18', 'TTS', '383358222972616705', '474935164451946506', '938487470339801169', NULL),
('2023-09-01 13:08:27', 'TTS', '383358222972616705', '474935164451946506', '938487470339801169', NULL),
('2023-09-01 13:08:35', 'TTS', '383358222972616705', '474935164451946506', '938487470339801169', NULL),
('2023-09-01 13:08:43', 'TTS', '383358222972616705', '474935164451946506', '938487470339801169', NULL),
('2023-09-01 13:08:54', 'TTS', '383358222972616705', '474935164451946506', '938487470339801169', NULL),
('2023-09-01 13:09:05', 'TTS', '383358222972616705', '474935164451946506', '938487470339801169', NULL),
('2023-09-01 13:10:30', 'TTS', '383358222972616705', '474935164451946506', '938487470339801169', NULL),
('2023-09-01 13:10:44', 'TTS', '383358222972616705', '474935164451946506', '938487470339801169', NULL),
('2023-09-01 13:11:01', 'TTS', '383358222972616705', '474935164451946506', '938487470339801169', NULL),
('2023-09-01 13:11:15', 'TTS', '383358222972616705', '474935164451946506', '938487470339801169', NULL),
('2023-09-01 13:11:28', 'TTS', '383358222972616705', '474935164451946506', '938487470339801169', NULL),
('2023-09-01 13:12:36', 'TTS', '383358222972616705', '474935164451946506', '938487470339801169', NULL),
('2023-09-01 13:12:48', 'TTS', '383358222972616705', '474935164451946506', '938487470339801169', NULL),
('2023-09-01 13:13:08', 'TTS', '383358222972616705', '474935164451946506', '938487470339801169', NULL),
('2023-09-01 13:14:07', 'TTS', '383358222972616705', '474935164451946506', '938487470339801169', NULL),
('2023-09-01 13:14:24', 'TTS', '383358222972616705', '474935164451946506', '938487470339801169', NULL),
('2023-09-01 13:15:00', 'TTS', '383358222972616705', '474935164451946506', '938487470339801169', NULL),
('2023-09-01 13:15:12', 'TTS', '383358222972616705', '474935164451946506', '938487470339801169', NULL),
('2023-09-01 13:15:48', 'TTS', '383358222972616705', '474935164451946506', '938487470339801169', NULL),
('2023-09-01 13:16:05', 'TTS', '383358222972616705', '474935164451946506', '938487470339801169', NULL),
('2023-09-01 13:16:25', 'TTS', '383358222972616705', '474935164451946506', '938487470339801169', NULL),
('2023-09-01 13:17:02', 'TTS', '383358222972616705', '474935164451946506', '938487470339801169', NULL),
('2023-09-01 13:17:09', 'TTS', '383358222972616705', '474935164451946506', '938487470339801169', NULL),
('2023-09-01 13:17:14', 'TTS', '383358222972616705', '474935164451946506', '938487470339801169', NULL),
('2023-09-01 13:17:21', 'TTS', '383358222972616705', '474935164451946506', '938487470339801169', NULL),
('2023-09-01 13:17:34', 'TTS', '383358222972616705', '474935164451946506', '938487470339801169', NULL),
('2023-09-01 13:17:48', 'TTS', '383358222972616705', '474935164451946506', '938487470339801169', NULL);
INSERT IGNORE INTO `command` (`time`, `name`, `user_id`, `guild_id`, `bot_id`, `args`) VALUES
('2023-09-01 13:18:09', 'TTS', '383358222972616705', '474935164451946506', '938487470339801169', NULL),
('2023-09-01 13:18:16', 'TTS', '383358222972616705', '474935164451946506', '938487470339801169', NULL),
('2023-09-01 13:18:29', 'TTS', '383358222972616705', '474935164451946506', '938487470339801169', NULL),
('2023-09-01 13:18:38', 'TTS', '383358222972616705', '474935164451946506', '938487470339801169', NULL),
('2023-09-01 13:18:45', 'TTS', '383358222972616705', '474935164451946506', '938487470339801169', NULL),
('2023-09-01 13:19:53', 'TTS', '383358222972616705', '474935164451946506', '938487470339801169', NULL),
('2023-09-01 13:20:05', 'TTS', '383358222972616705', '474935164451946506', '938487470339801169', NULL),
('2023-09-01 13:20:15', 'TTS', '383358222972616705', '474935164451946506', '938487470339801169', NULL),
('2023-09-01 13:20:55', 'TTS', '383358222972616705', '474935164451946506', '938487470339801169', NULL),
('2023-09-01 13:21:07', 'TTS', '383358222972616705', '474935164451946506', '938487470339801169', NULL),
('2023-09-01 13:21:16', 'TTS', '383358222972616705', '474935164451946506', '938487470339801169', NULL),
('2023-09-01 13:21:21', 'TTS', '383358222972616705', '474935164451946506', '938487470339801169', NULL),
('2023-09-01 13:21:40', 'TTS', '383358222972616705', '474935164451946506', '938487470339801169', NULL),
('2023-09-01 13:21:54', 'TTS', '383358222972616705', '474935164451946506', '938487470339801169', NULL),
('2023-09-01 13:22:38', 'TTS', '383358222972616705', '474935164451946506', '938487470339801169', NULL),
('2023-09-01 13:23:14', 'TTS', '383358222972616705', '474935164451946506', '938487470339801169', NULL),
('2023-09-01 13:23:54', 'TTS', '383358222972616705', '474935164451946506', '938487470339801169', NULL),
('2023-09-01 13:24:01', 'TTS', '383358222972616705', '474935164451946506', '938487470339801169', NULL),
('2023-09-01 13:24:08', 'TTS', '383358222972616705', '474935164451946506', '938487470339801169', NULL),
('2023-09-01 13:24:15', 'TTS', '383358222972616705', '474935164451946506', '938487470339801169', NULL),
('2023-09-01 13:24:20', 'TTS', '383358222972616705', '474935164451946506', '938487470339801169', NULL),
('2023-09-01 13:24:25', 'TTS', '383358222972616705', '474935164451946506', '938487470339801169', NULL),
('2023-09-01 13:24:31', 'TTS', '383358222972616705', '474935164451946506', '938487470339801169', NULL),
('2023-09-01 13:24:46', 'TTS', '383358222972616705', '474935164451946506', '938487470339801169', NULL),
('2023-09-01 13:24:53', 'TTS', '383358222972616705', '474935164451946506', '938487470339801169', NULL),
('2023-09-01 13:25:03', 'TTS', '383358222972616705', '474935164451946506', '938487470339801169', NULL),
('2023-09-01 13:25:17', 'TTS', '383358222972616705', '474935164451946506', '938487470339801169', NULL),
('2023-09-01 13:25:27', 'TTS', '383358222972616705', '474935164451946506', '938487470339801169', NULL),
('2023-09-01 13:25:54', 'TTS', '383358222972616705', '474935164451946506', '938487470339801169', NULL),
('2023-09-01 13:26:20', 'TTS', '383358222972616705', '474935164451946506', '938487470339801169', NULL),
('2023-09-01 13:26:39', 'TTS', '383358222972616705', '474935164451946506', '938487470339801169', NULL),
('2023-09-01 13:26:53', 'TTS', '383358222972616705', '474935164451946506', '938487470339801169', NULL),
('2023-09-01 13:27:03', 'TTS', '383358222972616705', '474935164451946506', '938487470339801169', NULL),
('2023-09-01 13:27:12', 'TTS', '383358222972616705', '474935164451946506', '938487470339801169', NULL),
('2023-09-01 13:27:39', 'TTS', '383358222972616705', '474935164451946506', '938487470339801169', NULL),
('2023-09-01 13:27:49', 'TTS', '383358222972616705', '474935164451946506', '938487470339801169', NULL),
('2023-09-01 13:28:41', 'TTS', '383358222972616705', '474935164451946506', '938487470339801169', NULL),
('2023-09-01 13:29:01', 'TTS', '383358222972616705', '474935164451946506', '938487470339801169', NULL),
('2023-09-01 13:29:02', 'TTS', '383358222972616705', '474935164451946506', '938487470339801169', NULL),
('2023-09-01 13:29:14', 'TTS', '383358222972616705', '474935164451946506', '938487470339801169', NULL),
('2023-09-01 13:29:21', 'TTS', '383358222972616705', '474935164451946506', '938487470339801169', NULL),
('2023-09-01 13:29:40', 'TTS', '383358222972616705', '474935164451946506', '938487470339801169', NULL),
('2023-09-01 13:29:51', 'TTS', '383358222972616705', '474935164451946506', '938487470339801169', NULL),
('2023-09-01 13:30:09', 'TTS', '383358222972616705', '474935164451946506', '938487470339801169', NULL),
('2023-09-01 13:30:27', 'TTS', '383358222972616705', '474935164451946506', '938487470339801169', NULL),
('2023-09-01 13:30:59', 'TTS', '383358222972616705', '474935164451946506', '938487470339801169', NULL),
('2023-09-01 13:31:07', 'TTS', '383358222972616705', '474935164451946506', '938487470339801169', NULL),
('2023-09-01 13:31:15', 'TTS', '383358222972616705', '474935164451946506', '938487470339801169', NULL),
('2023-09-01 13:31:24', 'TTS', '383358222972616705', '474935164451946506', '938487470339801169', NULL),
('2023-09-01 13:31:28', 'TTS', '383358222972616705', '474935164451946506', '938487470339801169', NULL),
('2023-09-01 13:31:48', 'TTS', '383358222972616705', '474935164451946506', '938487470339801169', NULL),
('2023-09-01 13:32:35', 'TTS', '383358222972616705', '474935164451946506', '938487470339801169', NULL),
('2023-09-01 13:32:45', 'TTS', '383358222972616705', '474935164451946506', '938487470339801169', NULL),
('2023-09-01 13:32:48', 'TTS', '383358222972616705', '474935164451946506', '938487470339801169', NULL),
('2023-09-01 13:32:59', 'TTS', '383358222972616705', '474935164451946506', '938487470339801169', NULL),
('2023-09-01 13:33:06', 'TTS', '383358222972616705', '474935164451946506', '938487470339801169', NULL),
('2023-09-01 13:33:32', 'TTS', '383358222972616705', '474935164451946506', '938487470339801169', NULL),
('2023-09-01 13:33:46', 'TTS', '383358222972616705', '474935164451946506', '938487470339801169', NULL),
('2023-09-01 13:34:17', 'TTS', '383358222972616705', '474935164451946506', '938487470339801169', NULL),
('2023-09-01 13:34:30', 'TTS', '383358222972616705', '474935164451946506', '938487470339801169', NULL),
('2023-09-01 13:34:33', 'TTS', '383358222972616705', '474935164451946506', '938487470339801169', NULL),
('2023-09-01 13:34:39', 'TTS', '383358222972616705', '474935164451946506', '938487470339801169', NULL),
('2023-09-01 13:35:08', 'TTS', '383358222972616705', '474935164451946506', '938487470339801169', NULL),
('2023-09-01 13:35:34', 'TTS', '383358222972616705', '474935164451946506', '938487470339801169', NULL),
('2023-09-01 13:35:41', 'TTS', '383358222972616705', '474935164451946506', '938487470339801169', NULL),
('2023-09-01 13:35:59', 'TTS', '383358222972616705', '474935164451946506', '938487470339801169', NULL),
('2023-09-01 13:36:10', 'TTS', '383358222972616705', '474935164451946506', '938487470339801169', NULL),
('2023-09-01 13:36:24', 'TTS', '383358222972616705', '474935164451946506', '938487470339801169', NULL),
('2023-09-01 13:36:33', 'TTS', '383358222972616705', '474935164451946506', '938487470339801169', NULL),
('2023-09-01 13:36:36', 'TTS', '383358222972616705', '474935164451946506', '938487470339801169', NULL),
('2023-09-01 13:36:43', 'TTS', '383358222972616705', '474935164451946506', '938487470339801169', NULL),
('2023-09-01 13:37:08', 'TTS', '383358222972616705', '474935164451946506', '938487470339801169', NULL),
('2023-09-01 13:37:23', 'TTS', '383358222972616705', '474935164451946506', '938487470339801169', NULL),
('2023-09-01 13:37:40', 'TTS', '383358222972616705', '474935164451946506', '938487470339801169', NULL),
('2023-09-01 13:37:48', 'Prime', '383358222972616705', '474935164451946506', '938487470339801169', NULL),
('2023-09-01 13:37:58', 'TTS', '383358222972616705', '474935164451946506', '983315338886279229', NULL),
('2023-09-01 13:38:09', 'TTS', '383358222972616705', '474935164451946506', '983315338886279229', NULL),
('2023-09-01 13:38:25', 'TTS', '383358222972616705', '474935164451946506', '983315338886279229', NULL),
('2023-09-01 13:38:50', 'TTS', '383358222972616705', '474935164451946506', '983315338886279229', NULL),
('2023-09-01 13:39:04', 'TTS', '383358222972616705', '474935164451946506', '983315338886279229', NULL),
('2023-09-01 13:39:17', 'TTS', '383358222972616705', '474935164451946506', '983315338886279229', NULL),
('2023-09-01 13:39:25', 'TTS', '383358222972616705', '474935164451946506', '983315338886279229', NULL),
('2023-09-01 13:39:31', 'Restart', '383358222972616705', '474935164451946506', '983315338886279229', NULL),
('2023-09-01 13:39:39', 'Help', '383358222972616705', '474935164451946506', '938487470339801169', NULL),
('2023-09-01 13:39:43', 'TTS', '383358222972616705', '474935164451946506', '938487470339801169', NULL),
('2023-09-01 13:39:48', 'TTS', '383358222972616705', '474935164451946506', '983315338886279229', NULL),
('2023-09-01 13:39:52', 'TTS', '383358222972616705', '474935164451946506', '938487470339801169', NULL),
('2023-09-01 13:39:56', 'Shutdown', '383358222972616705', '474935164451946506', '938487470339801169', NULL),
('2023-09-01 13:40:07', 'TTS', '383358222972616705', '474935164451946506', '938487470339801169', NULL),
('2023-09-01 13:40:17', 'Restart', '383358222972616705', '474935164451946506', '938487470339801169', NULL),
('2023-09-01 13:40:26', 'TTS', '383358222972616705', '474935164451946506', '938487470339801169', NULL),
('2023-09-01 13:40:33', 'Prime', '383358222972616705', '474935164451946506', '983315338886279229', NULL),
('2023-09-01 13:40:39', 'TTS', '383358222972616705', '474935164451946506', '938487470339801169', NULL),
('2023-09-01 13:41:06', 'TTS', '383358222972616705', '474935164451946506', '938487470339801169', NULL),
('2023-09-01 13:41:12', 'Stop', '383358222972616705', '474935164451946506', '938487470339801169', NULL),
('2023-09-01 13:41:14', 'TTS', '383358222972616705', '474935164451946506', '938487470339801169', NULL),
('2023-09-01 13:41:17', 'Ram', '383358222972616705', '474935164451946506', '938487470339801169', NULL),
('2023-09-01 13:41:25', 'TTS', '383358222972616705', '474935164451946506', '938487470339801169', NULL),
('2023-09-01 13:41:39', 'TTS', '383358222972616705', '474935164451946506', '938487470339801169', NULL),
('2023-09-01 13:41:44', 'ThreadCounter', '383358222972616705', '474935164451946506', '938487470339801169', NULL),
('2023-09-01 13:41:54', 'TTS', '383358222972616705', '474935164451946506', '938487470339801169', NULL),
('2023-09-01 13:42:29', 'TTS', '383358222972616705', '474935164451946506', '938487470339801169', NULL),
('2023-09-01 13:42:51', 'TTS', '383358222972616705', '474935164451946506', '938487470339801169', NULL),
('2023-09-01 13:43:27', 'TTS', '383358222972616705', '474935164451946506', '938487470339801169', NULL),
('2023-09-01 13:43:43', 'TTS', '383358222972616705', '474935164451946506', '938487470339801169', NULL),
('2023-09-01 13:43:55', 'TTS', '383358222972616705', '474935164451946506', '938487470339801169', NULL),
('2023-09-01 13:44:03', 'TTS', '383358222972616705', '474935164451946506', '938487470339801169', NULL),
('2023-09-01 13:44:15', 'TTS', '383358222972616705', '474935164451946506', '938487470339801169', NULL),
('2023-09-01 13:44:42', 'TTS', '383358222972616705', '474935164451946506', '938487470339801169', NULL),
('2023-09-01 13:44:53', 'TTS', '383358222972616705', '474935164451946506', '938487470339801169', NULL),
('2023-09-01 13:45:05', 'TTS', '383358222972616705', '474935164451946506', '938487470339801169', NULL),
('2023-09-01 13:45:12', 'TTS', '383358222972616705', '474935164451946506', '938487470339801169', NULL),
('2023-09-01 13:45:19', 'TTS', '383358222972616705', '474935164451946506', '938487470339801169', NULL),
('2023-09-01 13:45:25', 'TTS', '383358222972616705', '474935164451946506', '938487470339801169', NULL),
('2023-09-01 13:45:31', 'TTS', '383358222972616705', '474935164451946506', '938487470339801169', NULL),
('2023-09-01 13:45:56', 'TTS', '383358222972616705', '474935164451946506', '938487470339801169', NULL),
('2023-09-01 13:46:18', 'TTS', '383358222972616705', '474935164451946506', '938487470339801169', NULL),
('2023-09-01 13:46:34', 'TTS', '383358222972616705', '474935164451946506', '938487470339801169', NULL),
('2023-09-01 13:46:44', 'TTS', '383358222972616705', '474935164451946506', '938487470339801169', NULL),
('2023-09-01 13:47:01', 'TTS', '383358222972616705', '474935164451946506', '938487470339801169', NULL),
('2023-09-01 13:47:23', 'TTS', '383358222972616705', '474935164451946506', '938487470339801169', NULL),
('2023-09-01 13:47:32', 'TTS', '383358222972616705', '474935164451946506', '938487470339801169', NULL),
('2023-09-01 13:47:42', 'TTS', '707479292644163604', '474935164451946506', '938487470339801169', NULL),
('2023-09-01 13:47:58', 'TTS', '383358222972616705', '474935164451946506', '938487470339801169', NULL),
('2023-09-01 13:48:04', 'TTS', '383358222972616705', '474935164451946506', '938487470339801169', NULL),
('2023-09-01 13:48:07', 'TTS', '383358222972616705', '474935164451946506', '938487470339801169', NULL),
('2023-09-01 13:48:26', 'TTS', '383358222972616705', '474935164451946506', '938487470339801169', NULL),
('2023-09-01 13:48:33', 'Query', '383358222972616705', '474935164451946506', '938487470339801169', NULL),
('2023-09-01 13:49:08', 'TTS', '383358222972616705', '474935164451946506', '938487470339801169', NULL),
('2023-09-01 13:49:21', 'TTS', '383358222972616705', '474935164451946506', '938487470339801169', NULL),
('2023-09-01 13:49:27', 'TTS', '383358222972616705', '474935164451946506', '938487470339801169', NULL),
('2023-09-01 13:49:37', 'TTS', '383358222972616705', '474935164451946506', '938487470339801169', NULL),
('2023-09-01 13:49:50', 'TTS', '383358222972616705', '474935164451946506', '938487470339801169', NULL),
('2023-09-01 13:50:03', 'TTS', '383358222972616705', '474935164451946506', '938487470339801169', NULL),
('2023-09-01 13:50:27', 'TTS', '383358222972616705', '474935164451946506', '938487470339801169', NULL),
('2023-09-01 13:51:18', 'TTS', '383358222972616705', '474935164451946506', '938487470339801169', NULL),
('2023-09-01 13:51:23', 'TTS', '383358222972616705', '474935164451946506', '938487470339801169', NULL),
('2023-09-01 13:51:53', 'TTS', '383358222972616705', '474935164451946506', '938487470339801169', NULL),
('2023-09-01 13:52:02', 'TTS', '383358222972616705', '474935164451946506', '938487470339801169', NULL),
('2023-09-01 13:52:14', 'TTS', '383358222972616705', '474935164451946506', '938487470339801169', NULL),
('2023-09-01 13:52:23', 'TTS', '383358222972616705', '474935164451946506', '938487470339801169', NULL),
('2023-09-01 13:52:36', 'TTS', '383358222972616705', '474935164451946506', '938487470339801169', NULL),
('2023-09-01 13:52:54', 'TTS', '383358222972616705', '474935164451946506', '938487470339801169', NULL),
('2023-09-01 13:52:59', 'TTS', '383358222972616705', '474935164451946506', '938487470339801169', NULL),
('2023-09-01 13:53:08', 'TTS', '383358222972616705', '474935164451946506', '938487470339801169', NULL),
('2023-09-01 13:53:11', 'TTS', '383358222972616705', '474935164451946506', '938487470339801169', NULL),
('2023-09-01 13:53:32', 'TTS', '383358222972616705', '474935164451946506', '938487470339801169', NULL),
('2023-09-01 13:53:44', 'TTS', '383358222972616705', '474935164451946506', '938487470339801169', NULL),
('2023-09-01 13:53:57', 'TTS', '383358222972616705', '474935164451946506', '938487470339801169', NULL),
('2023-09-01 13:54:19', 'TTS', '707479292644163604', '474935164451946506', '938487470339801169', NULL),
('2023-09-01 13:54:22', 'TTS', '383358222972616705', '474935164451946506', '938487470339801169', NULL),
('2023-09-01 13:54:27', 'TTS', '383358222972616705', '474935164451946506', '938487470339801169', NULL),
('2023-09-01 13:54:35', 'TTS', '383358222972616705', '474935164451946506', '938487470339801169', NULL),
('2023-09-01 13:54:48', 'TTS', '440489230968553472', '474935164451946506', '938487470339801169', NULL),
('2023-09-01 13:54:49', 'TTS', '383358222972616705', '474935164451946506', '938487470339801169', NULL),
('2023-09-01 13:55:01', 'TTS', '383358222972616705', '474935164451946506', '938487470339801169', NULL),
('2023-09-01 13:55:49', 'TTS', '383358222972616705', '474935164451946506', '938487470339801169', NULL),
('2023-09-01 13:56:32', 'TTS', '383358222972616705', '474935164451946506', '938487470339801169', NULL),
('2023-09-01 13:56:59', 'TTS', '383358222972616705', '474935164451946506', '938487470339801169', NULL),
('2023-09-01 13:57:11', 'TTS', '383358222972616705', '474935164451946506', '938487470339801169', NULL),
('2023-09-01 13:57:18', 'TTS', '383358222972616705', '474935164451946506', '938487470339801169', NULL),
('2023-09-01 13:58:02', 'TTS', '383358222972616705', '474935164451946506', '938487470339801169', NULL),
('2023-09-01 13:58:17', 'TTS', '383358222972616705', '474935164451946506', '938487470339801169', NULL),
('2023-09-01 13:58:31', 'TTS', '383358222972616705', '474935164451946506', '938487470339801169', NULL),
('2023-09-01 13:58:46', 'TTS', '383358222972616705', '474935164451946506', '938487470339801169', NULL),
('2023-09-01 13:58:56', 'TTS', '383358222972616705', '474935164451946506', '938487470339801169', NULL),
('2023-09-01 13:59:02', 'TTS', '383358222972616705', '474935164451946506', '938487470339801169', NULL),
('2023-09-01 13:59:28', 'TTS', '383358222972616705', '474935164451946506', '938487470339801169', NULL),
('2023-09-01 13:59:47', 'TTS', '383358222972616705', '474935164451946506', '938487470339801169', NULL),
('2023-09-01 13:59:54', 'TTS', '383358222972616705', '474935164451946506', '938487470339801169', NULL),
('2023-09-01 13:59:57', 'TTS', '383358222972616705', '474935164451946506', '938487470339801169', NULL),
('2023-09-01 14:00:03', 'TTS', '383358222972616705', '474935164451946506', '938487470339801169', NULL),
('2023-09-01 14:00:14', 'TTS', '383358222972616705', '474935164451946506', '938487470339801169', NULL),
('2023-09-01 14:03:30', 'Query', '383358222972616705', '474935164451946506', '938487470339801169', NULL),
('2023-09-01 14:05:12', 'PlaySound', '383358222972616705', '474935164451946506', '938487470339801169', NULL),
('2023-09-01 14:05:16', 'PlaySound', '383358222972616705', '474935164451946506', '938487470339801169', NULL),
('2023-09-01 14:05:26', 'PlaySound', '383358222972616705', '474935164451946506', '938487470339801169', NULL),
('2023-09-01 14:05:30', 'PlaySound', '383358222972616705', '474935164451946506', '938487470339801169', NULL),
('2023-09-01 14:05:35', 'PlaySound', '383358222972616705', '474935164451946506', '938487470339801169', NULL),
('2023-09-01 14:05:39', 'PlaySound', '383358222972616705', '474935164451946506', '938487470339801169', NULL),
('2023-09-01 14:05:43', 'PlaySound', '383358222972616705', '474935164451946506', '938487470339801169', NULL),
('2023-09-01 14:05:46', 'PlaySound', '383358222972616705', '474935164451946506', '938487470339801169', NULL),
('2023-09-01 14:05:50', 'PlaySound', '383358222972616705', '474935164451946506', '938487470339801169', NULL),
('2023-09-01 14:05:54', 'PlaySound', '383358222972616705', '474935164451946506', '938487470339801169', NULL),
('2023-09-01 14:05:56', 'PlaySound', '383358222972616705', '474935164451946506', '938487470339801169', NULL),
('2023-09-01 14:05:58', 'PlaySound', '707479292644163604', '474935164451946506', '938487470339801169', NULL),
('2023-09-01 14:06:04', 'PlaySound', '707479292644163604', '474935164451946506', '938487470339801169', NULL),
('2023-09-01 14:06:09', 'PlaySound', '383358222972616705', '474935164451946506', '938487470339801169', NULL),
('2023-09-01 14:06:17', 'PlaySound', '383358222972616705', '474935164451946506', '938487470339801169', NULL),
('2023-09-01 14:06:30', 'PlaySound', '383358222972616705', '474935164451946506', '938487470339801169', NULL),
('2023-09-01 14:06:37', 'PlaySound', '383358222972616705', '474935164451946506', '938487470339801169', NULL),
('2023-09-01 14:06:40', 'PlaySound', '383358222972616705', '474935164451946506', '938487470339801169', NULL),
('2023-09-01 14:06:46', 'Stop', '383358222972616705', '474935164451946506', '938487470339801169', NULL),
('2023-09-01 14:06:47', 'PlaySound', '707479292644163604', '474935164451946506', '938487470339801169', NULL),
('2023-09-01 14:06:53', 'PlaySound', '383358222972616705', '474935164451946506', '938487470339801169', NULL),
('2023-09-01 14:06:56', 'Stop', '383358222972616705', '474935164451946506', '938487470339801169', NULL),
('2023-09-01 14:07:00', 'PlaySound', '383358222972616705', '474935164451946506', '938487470339801169', NULL),
('2023-09-01 14:07:06', 'PlaySound', '707479292644163604', '474935164451946506', '938487470339801169', NULL),
('2023-09-01 14:07:14', 'PlaySound', '707479292644163604', '474935164451946506', '938487470339801169', NULL),
('2023-09-01 14:07:17', 'PlaySound', '383358222972616705', '474935164451946506', '938487470339801169', NULL),
('2023-09-01 14:07:24', 'PlaySound', '707479292644163604', '474935164451946506', '938487470339801169', NULL),
('2023-09-01 14:07:26', 'PlaySound', '707479292644163604', '474935164451946506', '938487470339801169', NULL),
('2023-09-01 14:07:31', 'PlaySound', '707479292644163604', '474935164451946506', '938487470339801169', NULL),
('2023-09-01 14:07:35', 'PlaySound', '707479292644163604', '474935164451946506', '938487470339801169', NULL),
('2023-09-01 14:07:40', 'PlaySound', '383358222972616705', '474935164451946506', '938487470339801169', NULL),
('2023-09-01 14:07:41', 'PlaySound', '707479292644163604', '474935164451946506', '938487470339801169', NULL),
('2023-09-01 14:07:44', 'PlaySound', '383358222972616705', '474935164451946506', '938487470339801169', NULL),
('2023-09-01 14:07:48', 'PlaySound', '707479292644163604', '474935164451946506', '938487470339801169', NULL),
('2023-09-01 14:07:50', 'PlaySound', '383358222972616705', '474935164451946506', '938487470339801169', NULL),
('2023-09-01 14:07:54', 'PlaySound', '707479292644163604', '474935164451946506', '938487470339801169', NULL),
('2023-09-01 14:08:05', 'PlaySound', '383358222972616705', '474935164451946506', '938487470339801169', NULL),
('2023-09-01 14:08:09', 'PlaySound', '383358222972616705', '474935164451946506', '938487470339801169', NULL),
('2023-09-01 14:08:22', 'PlaySound', '707479292644163604', '474935164451946506', '938487470339801169', NULL),
('2023-09-01 14:08:23', 'RandomMove', '383358222972616705', '474935164451946506', '938487470339801169', NULL),
('2023-09-01 14:08:33', 'RandomMove', '383358222972616705', '474935164451946506', '938487470339801169', NULL),
('2023-09-01 14:08:52', 'PlaySound', '707479292644163604', '474935164451946506', '938487470339801169', NULL),
('2023-09-01 14:09:07', 'PlaySound', '707479292644163604', '474935164451946506', '938487470339801169', NULL),
('2023-09-01 14:09:12', 'PlaySound', '707479292644163604', '474935164451946506', '938487470339801169', NULL),
('2023-09-01 14:09:19', 'RandomMove', '383358222972616705', '474935164451946506', '938487470339801169', NULL),
('2023-09-01 14:09:23', 'PlaySound', '707479292644163604', '474935164451946506', '938487470339801169', NULL),
('2023-09-01 14:09:34', 'PlaySound', '707479292644163604', '474935164451946506', '938487470339801169', NULL),
('2023-09-01 14:09:45', 'PlaySound', '707479292644163604', '474935164451946506', '938487470339801169', NULL),
('2023-09-01 14:09:52', 'PlaySound', '707479292644163604', '474935164451946506', '938487470339801169', NULL),
('2023-09-01 14:09:56', 'PlaySound', '707479292644163604', '474935164451946506', '938487470339801169', NULL),
('2023-09-01 14:10:01', 'PlaySound', '707479292644163604', '474935164451946506', '938487470339801169', NULL),
('2023-09-01 14:10:41', 'PlaySound', '707479292644163604', '474935164451946506', '938487470339801169', NULL),
('2023-09-01 14:10:47', 'PlaySound', '707479292644163604', '474935164451946506', '938487470339801169', NULL),
('2023-09-01 14:10:53', 'PlaySound', '707479292644163604', '474935164451946506', '938487470339801169', NULL),
('2023-09-01 14:11:00', 'PlaySound', '707479292644163604', '474935164451946506', '938487470339801169', NULL),
('2023-09-01 14:11:04', 'PlaySound', '707479292644163604', '474935164451946506', '938487470339801169', NULL),
('2023-09-01 14:11:45', 'PlaySound', '707479292644163604', '474935164451946506', '938487470339801169', NULL),
('2023-09-01 14:11:56', 'PlaySound', '707479292644163604', '474935164451946506', '938487470339801169', NULL),
('2023-09-01 14:12:08', 'PlaySound', '707479292644163604', '474935164451946506', '938487470339801169', NULL),
('2023-09-01 14:12:11', 'PlaySound', '707479292644163604', '474935164451946506', '938487470339801169', NULL),
('2023-09-01 14:12:21', 'PlaySound', '707479292644163604', '474935164451946506', '938487470339801169', NULL),
('2023-09-01 14:12:23', 'Query', '383358222972616705', '474935164451946506', '938487470339801169', NULL),
('2023-09-01 14:12:29', 'PlaySound', '707479292644163604', '474935164451946506', '938487470339801169', NULL),
('2023-09-01 14:12:33', 'PlaySound', '707479292644163604', '474935164451946506', '938487470339801169', NULL),
('2023-09-01 14:12:38', 'PlaySound', '707479292644163604', '474935164451946506', '938487470339801169', NULL),
('2023-09-01 14:12:50', 'PlaySound', '707479292644163604', '474935164451946506', '938487470339801169', NULL),
('2023-09-01 14:12:56', 'PlaySound', '707479292644163604', '474935164451946506', '938487470339801169', NULL),
('2023-09-01 14:13:03', 'PlaySound', '707479292644163604', '474935164451946506', '938487470339801169', NULL),
('2023-09-01 14:13:14', 'PlaySound', '707479292644163604', '474935164451946506', '938487470339801169', NULL),
('2023-09-01 14:13:22', 'PlaySound', '707479292644163604', '474935164451946506', '938487470339801169', NULL),
('2023-09-01 14:13:29', 'PlaySound', '707479292644163604', '474935164451946506', '938487470339801169', NULL),
('2023-09-01 14:13:34', 'PlaySound', '707479292644163604', '474935164451946506', '938487470339801169', NULL),
('2023-09-01 14:13:40', 'PlaySound', '707479292644163604', '474935164451946506', '938487470339801169', NULL),
('2023-09-01 14:13:44', 'PlaySound', '707479292644163604', '474935164451946506', '938487470339801169', NULL),
('2023-09-01 14:13:49', 'PlaySound', '707479292644163604', '474935164451946506', '938487470339801169', NULL),
('2023-09-01 14:13:58', 'PlaySound', '707479292644163604', '474935164451946506', '938487470339801169', NULL),
('2023-09-01 14:14:36', 'PlaySound', '707479292644163604', '474935164451946506', '938487470339801169', NULL),
('2023-09-01 14:14:40', 'PlaySound', '707479292644163604', '474935164451946506', '938487470339801169', NULL),
('2023-09-01 14:14:49', 'PlaySound', '707479292644163604', '474935164451946506', '938487470339801169', NULL),
('2023-09-01 14:14:57', 'PlaySound', '707479292644163604', '474935164451946506', '938487470339801169', NULL),
('2023-09-01 14:15:03', 'PlaySound', '707479292644163604', '474935164451946506', '938487470339801169', NULL),
('2023-09-01 14:16:01', 'PlaySound', '707479292644163604', '474935164451946506', '938487470339801169', NULL),
('2023-09-01 14:16:59', 'PlaySound', '707479292644163604', '474935164451946506', '938487470339801169', NULL),
('2023-09-01 14:17:03', 'PlaySound', '707479292644163604', '474935164451946506', '938487470339801169', NULL),
('2023-09-01 14:18:02', 'PlaySound', '707479292644163604', '474935164451946506', '938487470339801169', NULL),
('2023-09-01 14:18:10', 'PlaySound', '707479292644163604', '474935164451946506', '938487470339801169', NULL),
('2023-09-01 14:18:26', 'PlaySound', '707479292644163604', '474935164451946506', '938487470339801169', NULL),
('2023-09-01 14:18:30', 'PlaySound', '707479292644163604', '474935164451946506', '938487470339801169', NULL),
('2023-09-01 14:18:34', 'PlaySound', '707479292644163604', '474935164451946506', '938487470339801169', NULL),
('2023-09-01 14:18:38', 'PlaySound', '707479292644163604', '474935164451946506', '938487470339801169', NULL),
('2023-09-01 14:18:40', 'PlaySound', '707479292644163604', '474935164451946506', '938487470339801169', NULL),
('2023-09-01 14:18:43', 'PlaySound', '707479292644163604', '474935164451946506', '938487470339801169', NULL),
('2023-09-01 14:18:47', 'PlaySound', '707479292644163604', '474935164451946506', '938487470339801169', NULL),
('2023-09-01 14:18:51', 'PlaySound', '707479292644163604', '474935164451946506', '938487470339801169', NULL),
('2023-09-01 14:19:18', 'PlaySound', '707479292644163604', '474935164451946506', '938487470339801169', NULL),
('2023-09-01 14:19:22', 'PlaySound', '707479292644163604', '474935164451946506', '938487470339801169', NULL),
('2023-09-01 14:19:29', 'PlaySound', '707479292644163604', '474935164451946506', '938487470339801169', NULL),
('2023-09-01 14:19:56', 'PlaySound', '707479292644163604', '474935164451946506', '938487470339801169', NULL),
('2023-09-01 14:20:17', 'PlaySound', '707479292644163604', '474935164451946506', '938487470339801169', NULL),
('2023-09-01 14:20:32', 'PlaySound', '707479292644163604', '474935164451946506', '938487470339801169', NULL),
('2023-09-01 14:20:39', 'PlaySound', '707479292644163604', '474935164451946506', '938487470339801169', NULL),
('2023-09-01 14:20:50', 'PlaySound', '707479292644163604', '474935164451946506', '938487470339801169', NULL),
('2023-09-01 14:20:54', 'PlaySound', '707479292644163604', '474935164451946506', '938487470339801169', NULL),
('2023-09-01 14:20:58', 'PlaySound', '707479292644163604', '474935164451946506', '938487470339801169', NULL),
('2023-09-01 14:21:03', 'PlaySound', '707479292644163604', '474935164451946506', '938487470339801169', NULL),
('2023-09-01 14:21:10', 'PlaySound', '707479292644163604', '474935164451946506', '938487470339801169', NULL),
('2023-09-01 14:21:21', 'PlaySound', '707479292644163604', '474935164451946506', '938487470339801169', NULL),
('2023-09-01 14:21:27', 'PlaySound', '707479292644163604', '474935164451946506', '938487470339801169', NULL),
('2023-09-01 14:21:31', 'PlaySound', '707479292644163604', '474935164451946506', '938487470339801169', NULL),
('2023-09-01 14:21:36', 'PlaySound', '707479292644163604', '474935164451946506', '938487470339801169', NULL),
('2023-09-01 14:21:50', 'PlaySound', '707479292644163604', '474935164451946506', '938487470339801169', NULL),
('2023-09-01 14:21:55', 'PlaySound', '707479292644163604', '474935164451946506', '938487470339801169', NULL),
('2023-09-01 14:22:00', 'PlaySound', '707479292644163604', '474935164451946506', '938487470339801169', NULL),
('2023-09-01 14:22:09', 'PlaySound', '707479292644163604', '474935164451946506', '938487470339801169', NULL),
('2023-09-01 14:23:15', 'PlaySound', '707479292644163604', '474935164451946506', '938487470339801169', NULL),
('2023-09-01 14:23:19', 'PlaySound', '707479292644163604', '474935164451946506', '938487470339801169', NULL),
('2023-09-01 14:24:36', 'PlaySound', '707479292644163604', '474935164451946506', '938487470339801169', NULL),
('2023-09-01 14:24:41', 'PlaySound', '707479292644163604', '474935164451946506', '938487470339801169', NULL),
('2023-09-01 14:24:45', 'PlaySound', '707479292644163604', '474935164451946506', '938487470339801169', NULL),
('2023-09-01 14:24:50', 'PlaySound', '707479292644163604', '474935164451946506', '938487470339801169', NULL),
('2023-09-01 14:30:30', 'PlaySound', '707479292644163604', '474935164451946506', '938487470339801169', NULL),
('2023-09-01 14:30:35', 'PlaySound', '707479292644163604', '474935164451946506', '938487470339801169', NULL),
('2023-09-01 14:30:47', 'PlaySound', '707479292644163604', '474935164451946506', '938487470339801169', NULL),
('2023-09-01 14:30:55', 'PlaySound', '707479292644163604', '474935164451946506', '938487470339801169', NULL),
('2023-09-01 14:31:11', 'PlaySound', '707479292644163604', '474935164451946506', '938487470339801169', NULL),
('2023-09-01 14:32:51', 'PlaySound', '707479292644163604', '474935164451946506', '938487470339801169', NULL),
('2023-09-01 14:32:56', 'PlaySound', '707479292644163604', '474935164451946506', '938487470339801169', NULL),
('2023-09-01 14:33:09', 'PlaySound', '707479292644163604', '474935164451946506', '938487470339801169', NULL),
('2023-09-01 14:33:13', 'PlaySound', '707479292644163604', '474935164451946506', '938487470339801169', NULL),
('2023-09-01 14:33:20', 'PlaySound', '707479292644163604', '474935164451946506', '938487470339801169', NULL),
('2023-09-01 14:33:25', 'PlaySound', '707479292644163604', '474935164451946506', '938487470339801169', NULL),
('2023-09-01 14:33:32', 'PlaySound', '707479292644163604', '474935164451946506', '938487470339801169', NULL),
('2023-09-01 14:33:35', 'PlaySound', '707479292644163604', '474935164451946506', '938487470339801169', NULL),
('2023-09-01 14:33:40', 'PlaySound', '707479292644163604', '474935164451946506', '938487470339801169', NULL),
('2023-09-01 14:34:30', 'PlaySound', '707479292644163604', '474935164451946506', '938487470339801169', NULL),
('2023-09-01 14:34:35', 'PlaySound', '707479292644163604', '474935164451946506', '938487470339801169', NULL),
('2023-09-01 15:47:42', 'PlaySound', '707479292644163604', '474935164451946506', '938487470339801169', NULL),
('2023-09-01 15:47:47', 'PlaySound', '707479292644163604', '474935164451946506', '938487470339801169', NULL),
('2023-09-01 15:47:50', 'PlaySound', '707479292644163604', '474935164451946506', '938487470339801169', NULL),
('2023-09-01 15:47:54', 'PlaySound', '707479292644163604', '474935164451946506', '938487470339801169', NULL),
('2023-09-01 15:48:21', 'PlaySound', '707479292644163604', '474935164451946506', '938487470339801169', NULL),
('2023-09-01 15:48:27', 'PlaySound', '707479292644163604', '474935164451946506', '938487470339801169', NULL),
('2023-09-01 15:48:40', 'PlaySound', '707479292644163604', '474935164451946506', '938487470339801169', NULL),
('2023-09-01 15:48:51', 'PlaySound', '707479292644163604', '474935164451946506', '938487470339801169', NULL),
('2023-09-01 15:48:55', 'PlaySound', '707479292644163604', '474935164451946506', '938487470339801169', NULL),
('2023-09-01 15:48:58', 'PlaySound', '707479292644163604', '474935164451946506', '938487470339801169', NULL),
('2023-09-01 15:49:01', 'PlaySound', '707479292644163604', '474935164451946506', '938487470339801169', NULL),
('2023-09-01 15:49:43', 'PlaySound', '707479292644163604', '474935164451946506', '938487470339801169', NULL),
('2023-09-01 15:49:46', 'PlaySound', '707479292644163604', '474935164451946506', '938487470339801169', NULL),
('2023-09-01 15:49:52', 'PlaySound', '707479292644163604', '474935164451946506', '938487470339801169', NULL),
('2023-09-01 15:49:58', 'PlaySound', '707479292644163604', '474935164451946506', '938487470339801169', NULL),
('2023-09-01 15:50:03', 'PlaySound', '707479292644163604', '474935164451946506', '938487470339801169', NULL),
('2023-09-01 15:50:10', 'PlaySound', '707479292644163604', '474935164451946506', '938487470339801169', NULL),
('2023-09-01 15:50:21', 'PlaySound', '707479292644163604', '474935164451946506', '938487470339801169', NULL),
('2023-09-01 15:50:29', 'PlaySound', '707479292644163604', '474935164451946506', '938487470339801169', NULL),
('2023-09-01 15:50:40', 'PlaySound', '707479292644163604', '474935164451946506', '938487470339801169', NULL),
('2023-09-01 15:50:51', 'PlaySound', '707479292644163604', '474935164451946506', '938487470339801169', NULL),
('2023-09-01 15:50:56', 'PlaySound', '707479292644163604', '474935164451946506', '938487470339801169', NULL),
('2023-09-01 15:51:05', 'PlaySound', '707479292644163604', '474935164451946506', '938487470339801169', NULL),
('2023-09-01 15:51:09', 'PlaySound', '707479292644163604', '474935164451946506', '938487470339801169', NULL),
('2023-09-01 15:51:19', 'PlaySound', '707479292644163604', '474935164451946506', '938487470339801169', NULL),
('2023-09-01 15:51:25', 'PlaySound', '707479292644163604', '474935164451946506', '938487470339801169', NULL),
('2023-09-01 15:51:30', 'PlaySound', '707479292644163604', '474935164451946506', '938487470339801169', NULL),
('2023-09-01 15:51:36', 'PlaySound', '707479292644163604', '474935164451946506', '938487470339801169', NULL),
('2023-09-01 15:51:42', 'PlaySound', '707479292644163604', '474935164451946506', '938487470339801169', NULL),
('2023-09-01 15:51:46', 'PlaySound', '707479292644163604', '474935164451946506', '938487470339801169', NULL),
('2023-09-01 15:51:50', 'PlaySound', '707479292644163604', '474935164451946506', '938487470339801169', NULL),
('2023-09-01 15:51:53', 'PlaySound', '707479292644163604', '474935164451946506', '938487470339801169', NULL),
('2023-09-01 15:51:56', 'PlaySound', '707479292644163604', '474935164451946506', '938487470339801169', NULL),
('2023-09-01 15:51:58', 'PlaySound', '707479292644163604', '474935164451946506', '938487470339801169', NULL),
('2023-09-01 15:52:00', 'PlaySound', '707479292644163604', '474935164451946506', '938487470339801169', NULL),
('2023-09-01 15:52:04', 'PlaySound', '707479292644163604', '474935164451946506', '938487470339801169', NULL),
('2023-09-01 15:52:18', 'PlaySound', '707479292644163604', '474935164451946506', '938487470339801169', NULL),
('2023-09-01 15:52:48', 'PlaySound', '707479292644163604', '474935164451946506', '938487470339801169', NULL),
('2023-09-01 15:53:10', 'PlaySound', '707479292644163604', '474935164451946506', '938487470339801169', NULL),
('2023-09-01 15:53:17', 'PlaySound', '707479292644163604', '474935164451946506', '938487470339801169', NULL),
('2023-09-01 15:53:21', 'PlaySound', '707479292644163604', '474935164451946506', '938487470339801169', NULL),
('2023-09-01 15:53:26', 'PlaySound', '707479292644163604', '474935164451946506', '938487470339801169', NULL),
('2023-09-01 15:53:39', 'PlaySound', '707479292644163604', '474935164451946506', '938487470339801169', NULL),
('2023-09-01 15:54:11', 'PlaySound', '707479292644163604', '474935164451946506', '938487470339801169', NULL),
('2023-09-01 15:54:32', 'PlaySound', '707479292644163604', '474935164451946506', '938487470339801169', NULL),
('2023-09-01 15:54:34', 'PlaySound', '707479292644163604', '474935164451946506', '938487470339801169', NULL),
('2023-09-01 15:54:37', 'PlaySound', '707479292644163604', '474935164451946506', '938487470339801169', NULL),
('2023-09-01 15:54:41', 'PlaySound', '707479292644163604', '474935164451946506', '938487470339801169', NULL),
('2023-09-01 15:54:44', 'PlaySound', '707479292644163604', '474935164451946506', '938487470339801169', NULL),
('2023-09-01 15:54:46', 'PlaySound', '707479292644163604', '474935164451946506', '938487470339801169', NULL),
('2023-09-01 15:54:49', 'PlaySound', '707479292644163604', '474935164451946506', '938487470339801169', NULL),
('2023-09-01 15:54:52', 'PlaySound', '707479292644163604', '474935164451946506', '938487470339801169', NULL),
('2023-09-01 15:54:55', 'PlaySound', '707479292644163604', '474935164451946506', '938487470339801169', NULL),
('2023-09-01 15:55:00', 'PlaySound', '707479292644163604', '474935164451946506', '938487470339801169', NULL),
('2023-09-01 15:55:11', 'PlaySound', '707479292644163604', '474935164451946506', '938487470339801169', NULL),
('2023-09-01 15:55:28', 'PlaySound', '707479292644163604', '474935164451946506', '938487470339801169', NULL),
('2023-09-01 15:57:46', 'PlaySound', '707479292644163604', '474935164451946506', '938487470339801169', NULL),
('2023-09-01 15:57:49', 'PlaySound', '707479292644163604', '474935164451946506', '938487470339801169', NULL),
('2023-09-01 15:57:54', 'PlaySound', '707479292644163604', '474935164451946506', '938487470339801169', NULL),
('2023-09-01 15:58:02', 'PlaySound', '707479292644163604', '474935164451946506', '938487470339801169', NULL),
('2023-09-01 15:58:06', 'PlaySound', '707479292644163604', '474935164451946506', '938487470339801169', NULL),
('2023-09-01 15:58:13', 'PlaySound', '707479292644163604', '474935164451946506', '938487470339801169', NULL),
('2023-09-01 16:00:23', 'PlaySound', '707479292644163604', '474935164451946506', '938487470339801169', NULL),
('2023-09-01 16:00:27', 'PlaySound', '707479292644163604', '474935164451946506', '938487470339801169', NULL),
('2023-09-01 16:00:33', 'PlaySound', '707479292644163604', '474935164451946506', '938487470339801169', NULL),
('2023-09-01 16:00:39', 'PlaySound', '707479292644163604', '474935164451946506', '938487470339801169', NULL),
('2023-09-01 16:00:43', 'PlaySound', '707479292644163604', '474935164451946506', '938487470339801169', NULL),
('2023-09-01 16:01:01', 'PlaySound', '707479292644163604', '474935164451946506', '938487470339801169', NULL),
('2023-09-01 16:01:04', 'PlaySound', '707479292644163604', '474935164451946506', '938487470339801169', NULL),
('2023-09-01 16:01:08', 'PlaySound', '707479292644163604', '474935164451946506', '938487470339801169', NULL),
('2023-09-01 16:08:56', 'Query', '383358222972616705', '474935164451946506', '938487470339801169', NULL),
('2023-09-01 16:09:42', 'Query', '383358222972616705', '474935164451946506', '938487470339801169', NULL),
('2023-09-01 16:33:02', 'PlaySound', '707479292644163604', '474935164451946506', '938487470339801169', NULL),
('2023-09-01 16:33:23', 'PlaySound', '707479292644163604', '474935164451946506', '938487470339801169', NULL),
('2023-09-01 16:33:34', 'PlaySound', '707479292644163604', '474935164451946506', '938487470339801169', NULL),
('2023-09-01 16:33:42', 'PlaySound', '707479292644163604', '474935164451946506', '938487470339801169', NULL),
('2023-09-01 16:34:22', 'PlaySound', '707479292644163604', '474935164451946506', '938487470339801169', NULL),
('2023-09-01 16:34:34', 'PlaySound', '707479292644163604', '474935164451946506', '938487470339801169', NULL),
('2023-09-01 16:35:17', 'PlaySound', '707479292644163604', '474935164451946506', '938487470339801169', NULL),
('2023-09-01 16:35:23', 'PlaySound', '707479292644163604', '474935164451946506', '938487470339801169', NULL),
('2023-09-01 16:35:44', 'PlaySound', '707479292644163604', '474935164451946506', '938487470339801169', NULL),
('2023-09-01 16:35:57', 'PlaySound', '707479292644163604', '474935164451946506', '938487470339801169', NULL),
('2023-09-01 16:37:01', 'PlaySound', '707479292644163604', '474935164451946506', '938487470339801169', NULL),
('2023-09-01 16:37:51', 'PlaySound', '707479292644163604', '474935164451946506', '938487470339801169', NULL),
('2023-09-01 16:38:51', 'PlaySound', '707479292644163604', '474935164451946506', '938487470339801169', NULL),
('2023-09-01 16:39:44', 'PlaySound', '707479292644163604', '474935164451946506', '938487470339801169', NULL),
('2023-09-01 16:40:04', 'PlaySound', '707479292644163604', '474935164451946506', '938487470339801169', NULL),
('2023-09-01 16:40:12', 'PlaySound', '707479292644163604', '474935164451946506', '938487470339801169', NULL),
('2023-09-02 10:06:42', 'PlaySound', '383358222972616705', '474935164451946506', '938487470339801169', NULL),
('2023-09-02 10:10:40', 'InviteBot', '383358222972616705', '474935164451946506', '938487470339801169', NULL),
('2023-09-02 10:12:28', 'Ban', '440489230968553472', '474935164451946506', '938487470339801169', NULL),
('2023-09-02 10:13:01', 'ListGuild', '383358222972616705', '474935164451946506', '938487470339801169', NULL),
('2023-09-02 10:13:13', 'Help', '383358222972616705', '474935164451946506', '938487470339801169', NULL),
('2023-09-02 10:13:29', 'Ban', '440489230968553472', '474935164451946506', '938487470339801169', NULL),
('2023-09-02 10:14:21', 'PlayYoutube', '440489230968553472', '474935164451946506', '938487470339801169', NULL),
('2023-09-02 10:15:35', 'Help', '352192170503045121', '474935164451946506', '938487470339801169', NULL),
('2023-09-02 10:16:47', 'PlayYoutube', '352192170503045121', '474935164451946506', '938487470339801169', NULL),
('2023-09-02 10:16:50', 'PlayYoutube', '383358222972616705', '474935164451946506', '938487470339801169', NULL),
('2023-09-02 10:19:22', 'championSlash', '383358222972616705', '474935164451946506', '938487470339801169', NULL),
('2023-09-02 10:19:51', 'InfoMatches', '383358222972616705', '474935164451946506', '938487470339801169', NULL),
('2023-09-02 10:31:27', 'Ban', '440489230968553472', '474935164451946506', '938487470339801169', NULL),
('2023-09-02 10:31:48', 'Unban', '383358222972616705', '474935164451946506', '938487470339801169', NULL),
('2023-09-02 10:36:37', 'Ban', '440489230968553472', '474935164451946506', '938487470339801169', NULL),
('2023-09-02 10:40:50', 'Ban', '440489230968553472', '474935164451946506', '938487470339801169', NULL),
('2023-09-02 10:44:40', 'Ban', '352192170503045121', '474935164451946506', '938487470339801169', NULL),
('2023-09-02 10:44:49', 'Ban', '352192170503045121', '474935164451946506', '938487470339801169', NULL),
('2023-09-02 10:45:57', 'Clear', '352192170503045121', '474935164451946506', '938487470339801169', NULL),
('2023-09-02 10:46:03', 'Clear', '352192170503045121', '474935164451946506', '938487470339801169', NULL),
('2023-09-02 10:46:12', 'Clear', '383358222972616705', '474935164451946506', '938487470339801169', NULL),
('2023-09-02 10:47:59', 'Ban', '352192170503045121', '474935164451946506', '938487470339801169', NULL),
('2023-09-02 10:48:18', 'Unban', '352192170503045121', '474935164451946506', '938487470339801169', NULL),
('2023-09-02 10:53:46', 'Clear', '383358222972616705', '474935164451946506', '938487470339801169', NULL),
('2023-09-02 10:53:49', 'Clear', '383358222972616705', '474935164451946506', '938487470339801169', NULL),
('2023-09-02 11:00:27', 'Help', '383358222972616705', '474935164451946506', '938487470339801169', NULL),
('2023-09-02 11:22:20', 'Ban', '440489230968553472', '474935164451946506', '938487470339801169', NULL),
('2023-09-02 11:26:50', 'Help', '440489230968553472', '474935164451946506', '983315338886279229', NULL),
('2023-09-02 11:27:16', 'helpSlash', '440489230968553472', '474935164451946506', '983315338886279229', NULL),
('2023-09-02 11:28:36', 'Prefix', '440489230968553472', '474935164451946506', '1074276395640954942', NULL),
('2023-09-02 11:32:12', 'prefixSlash', '383358222972616705', '474935164451946506', '1074276395640954942', NULL),
('2023-09-02 11:45:32', 'Unban', '383358222972616705', '474935164451946506', '938487470339801169', NULL),
('2023-09-02 12:22:31', 'Clear', '440489230968553472', '474935164451946506', '938487470339801169', NULL),
('2023-09-02 12:27:22', 'helpSlash', '440489230968553472', '474935164451946506', '939876818465488926', NULL),
('2023-09-02 14:08:58', 'PlaySound', '707479292644163604', '474935164451946506', '938487470339801169', NULL),
('2023-09-02 14:09:23', 'PlaySound', '707479292644163604', '474935164451946506', '938487470339801169', NULL),
('2023-09-02 14:09:38', 'PlaySound', '707479292644163604', '474935164451946506', '938487470339801169', NULL),
('2023-09-02 14:10:12', 'PlaySound', '707479292644163604', '474935164451946506', '938487470339801169', NULL),
('2023-09-02 14:11:06', 'PlaySound', '707479292644163604', '474935164451946506', '938487470339801169', NULL),
('2023-09-02 14:11:17', 'PlaySound', '707479292644163604', '474935164451946506', '938487470339801169', NULL),
('2023-09-02 14:11:30', 'PlaySound', '707479292644163604', '474935164451946506', '938487470339801169', NULL),
('2023-09-02 14:12:38', 'PlaySound', '707479292644163604', '474935164451946506', '938487470339801169', NULL),
('2023-09-02 14:13:56', 'PlaySound', '707479292644163604', '474935164451946506', '938487470339801169', NULL),
('2023-09-02 14:14:13', 'PlaySound', '707479292644163604', '474935164451946506', '938487470339801169', NULL),
('2023-09-02 14:14:29', 'PlaySound', '707479292644163604', '474935164451946506', '938487470339801169', NULL),
('2023-09-02 14:16:19', 'PlaySound', '707479292644163604', '474935164451946506', '938487470339801169', NULL),
('2023-09-02 14:16:54', 'PlaySound', '707479292644163604', '474935164451946506', '938487470339801169', NULL),
('2023-09-02 14:17:08', 'PlaySound', '707479292644163604', '474935164451946506', '938487470339801169', NULL),
('2023-09-02 14:18:01', 'PlaySound', '707479292644163604', '474935164451946506', '938487470339801169', NULL),
('2023-09-02 14:20:50', 'PlaySound', '707479292644163604', '474935164451946506', '938487470339801169', NULL),
('2023-09-02 14:20:57', 'PlaySound', '707479292644163604', '474935164451946506', '938487470339801169', NULL),
('2023-09-02 14:22:10', 'PlaySound', '707479292644163604', '474935164451946506', '938487470339801169', NULL),
('2023-09-02 14:22:19', 'PlaySound', '707479292644163604', '474935164451946506', '938487470339801169', NULL),
('2023-09-02 14:22:30', 'PlaySound', '707479292644163604', '474935164451946506', '938487470339801169', NULL),
('2023-09-02 14:22:33', 'PlaySound', '707479292644163604', '474935164451946506', '938487470339801169', NULL),
('2023-09-02 14:22:40', 'PlaySound', '707479292644163604', '474935164451946506', '938487470339801169', NULL),
('2023-09-02 14:22:48', 'PlaySound', '707479292644163604', '474935164451946506', '938487470339801169', NULL),
('2023-09-02 14:23:21', 'PlaySound', '707479292644163604', '474935164451946506', '938487470339801169', NULL),
('2023-09-02 14:23:36', 'PlaySound', '707479292644163604', '474935164451946506', '938487470339801169', NULL),
('2023-09-02 14:23:57', 'PlaySound', '707479292644163604', '474935164451946506', '938487470339801169', NULL),
('2023-09-02 14:24:03', 'PlaySound', '707479292644163604', '474935164451946506', '938487470339801169', NULL),
('2023-09-02 14:24:29', 'PlaySound', '707479292644163604', '474935164451946506', '938487470339801169', NULL),
('2023-09-02 14:25:16', 'PlaySound', '707479292644163604', '474935164451946506', '938487470339801169', NULL),
('2023-09-02 14:27:38', 'PlaySound', '707479292644163604', '474935164451946506', '938487470339801169', NULL),
('2023-09-02 14:29:58', 'PlaySound', '707479292644163604', '474935164451946506', '938487470339801169', NULL),
('2023-09-02 14:30:03', 'Stop', '707479292644163604', '474935164451946506', '938487470339801169', NULL),
('2023-09-02 14:31:28', 'PlaySound', '707479292644163604', '474935164451946506', '938487470339801169', NULL),
('2023-09-02 14:34:31', 'PlaySound', '707479292644163604', '474935164451946506', '938487470339801169', NULL),
('2023-09-02 14:34:41', 'Clear', '383358222972616705', '474935164451946506', '938487470339801169', NULL),
('2023-09-02 14:34:58', 'PlaySound', '383358222972616705', '474935164451946506', '938487470339801169', NULL),
('2023-09-02 14:35:01', 'PlaySound', '707479292644163604', '474935164451946506', '938487470339801169', NULL),
('2023-09-02 14:35:15', 'PlaySound', '383358222972616705', '474935164451946506', '938487470339801169', NULL),
('2023-09-02 14:35:17', 'Stop', '383358222972616705', '474935164451946506', '938487470339801169', NULL),
('2023-09-02 14:35:33', 'prefixSlash', '383358222972616705', '474935164451946506', '983315338886279229', NULL);
INSERT IGNORE INTO `command` (`time`, `name`, `user_id`, `guild_id`, `bot_id`, `args`) VALUES
('2023-09-02 14:35:37', 'PlaySound', '383358222972616705', '474935164451946506', '983315338886279229', NULL),
('2023-09-02 14:35:45', 'PlaySound', '383358222972616705', '474935164451946506', '938487470339801169', NULL),
('2023-09-02 14:35:53', 'PlaySound', '383358222972616705', '474935164451946506', '1074276395640954942', NULL),
('2023-09-02 14:36:00', 'PlaySound', '383358222972616705', '474935164451946506', '938487470339801169', NULL),
('2023-09-02 14:36:09', 'PlaySound', '383358222972616705', '474935164451946506', '1074276395640954942', NULL),
('2023-09-02 14:36:14', 'PlaySound', '383358222972616705', '474935164451946506', '938487470339801169', NULL),
('2023-09-02 14:36:26', 'PlaySound', '707479292644163604', '474935164451946506', '1074276395640954942', NULL),
('2023-09-02 14:36:44', 'PlaySound', '383358222972616705', '474935164451946506', '938487470339801169', NULL),
('2023-09-02 14:36:56', 'PlaySound', '707479292644163604', '474935164451946506', '983315338886279229', NULL),
('2023-09-02 14:37:08', 'PlaySound', '383358222972616705', '474935164451946506', '983315338886279229', NULL),
('2023-09-02 14:37:36', 'prefixSlash', '383358222972616705', '474935164451946506', '983315338886279229', NULL),
('2023-09-02 14:37:41', 'PlaySound', '383358222972616705', '474935164451946506', '938487470339801169', NULL),
('2023-09-02 14:37:43', 'PlaySound', '383358222972616705', '474935164451946506', '1074276395640954942', NULL),
('2023-09-02 14:37:46', 'PlaySound', '383358222972616705', '474935164451946506', '983315338886279229', NULL),
('2023-09-03 12:19:44', 'PlaySound', '383358222972616705', '474935164451946506', '938487470339801169', NULL),
('2023-09-03 12:20:12', 'PlaySound', '383358222972616705', '474935164451946506', '938487470339801169', NULL),
('2023-09-03 12:28:49', 'TTS', '383358222972616705', '474935164451946506', '938487470339801169', NULL),
('2023-09-03 14:30:51', 'ServerInfo', '440489230968553472', '474935164451946506', '938487470339801169', NULL),
('2023-09-03 16:21:11', 'PlayYoutube', '707479292644163604', '474935164451946506', '938487470339801169', NULL),
('2023-09-03 16:46:50', 'Move', '383358222972616705', '474935164451946506', '938487470339801169', NULL),
('2023-09-03 17:28:04', 'PlaySound', '383358222972616705', '474935164451946506', '938487470339801169', NULL),
('2023-09-03 20:18:05', 'anonymSlash', '1031535221067218965', '333949691962195969', '938487470339801169', NULL),
('2023-09-03 20:19:01', 'listSlash', '1031535221067218965', '333949691962195969', '938487470339801169', NULL),
('2023-09-03 20:19:11', 'listguildSlash', '1031535221067218965', '333949691962195969', '938487470339801169', NULL),
('2023-09-03 21:56:13', 'Clear', '352192170503045121', '474935164451946506', '938487470339801169', NULL),
('2023-09-03 21:56:19', 'Clear', '383358222972616705', '474935164451946506', '938487470339801169', NULL),
('2023-09-03 21:56:22', 'Clear', '383358222972616705', '474935164451946506', '938487470339801169', NULL),
('2023-09-03 21:56:25', 'Clear', '383358222972616705', '474935164451946506', '938487470339801169', NULL),
('2023-09-04 16:15:11', 'PlaySound', '707479292644163604', '474935164451946506', '938487470339801169', NULL),
('2023-09-04 16:51:34', 'PlaySound', '707479292644163604', '474935164451946506', '938487470339801169', NULL),
('2023-09-05 08:40:58', 'Help', '873368320756318229', '333949691962195969', '938487470339801169', NULL),
('2023-09-05 08:41:07', 'Leaderboard', '873368320756318229', '333949691962195969', '938487470339801169', NULL),
('2023-09-05 08:41:24', 'Kick', '873368320756318229', '333949691962195969', '938487470339801169', NULL),
('2023-09-05 08:41:34', 'ListRoom', '873368320756318229', '333949691962195969', '938487470339801169', NULL),
('2023-09-05 08:41:44', 'anonymSlash', '873368320756318229', '333949691962195969', '938487470339801169', NULL),
('2023-09-05 08:42:06', 'listSlash', '873368320756318229', '333949691962195969', '938487470339801169', NULL),
('2023-09-05 08:42:18', 'msgSlash', '873368320756318229', '333949691962195969', '938487470339801169', NULL),
('2023-09-05 08:42:57', 'summonerSlash', '873368320756318229', '333949691962195969', '938487470339801169', NULL),
('2023-09-05 08:43:12', 'muteSlash', '873368320756318229', '333949691962195969', '938487470339801169', NULL),
('2023-09-05 08:47:55', 'Leaderboard', '383358222972616705', '1132694832305934439', '938487470339801169', NULL),
('2023-09-05 12:57:37', 'Leaderboard', '352192170503045121', '731222545864458260', '938487470339801169', NULL),
('2023-09-05 12:57:58', 'levelupSlash', '352192170503045121', '731222545864458260', '938487470339801169', NULL),
('2023-09-05 12:58:28', 'Clear', '352192170503045121', '731222545864458260', '938487470339801169', NULL),
('2023-09-05 12:58:38', 'Leaderboard', '352192170503045121', '731222545864458260', '938487470339801169', NULL),
('2023-09-05 12:58:40', 'leaderboardSlash', '352192170503045121', '731222545864458260', '938487470339801169', NULL),
('2023-09-05 13:10:38', 'Clear', '383358222972616705', '474935164451946506', '938487470339801169', NULL),
('2023-09-05 14:09:11', 'levelupSlash', '352192170503045121', '731222545864458260', '938487470339801169', NULL),
('2023-09-05 14:09:18', 'leaderboardSlash', '352192170503045121', '731222545864458260', '938487470339801169', NULL),
('2023-09-05 14:12:40', 'leaderboardSlash', '352192170503045121', '731222545864458260', '938487470339801169', NULL),
('2023-09-05 14:13:09', 'Leaderboard', '352192170503045121', '731222545864458260', '938487470339801169', NULL),
('2023-09-07 00:02:24', 'playSlash', '404277619094192138', '983324272627974144', '938487470339801169', NULL),
('2023-09-07 00:03:22', 'playSlash', '401103768789450753', '983324272627974144', '938487470339801169', NULL),
('2023-09-07 14:00:56', 'PlayYoutube', '440489230968553472', '474935164451946506', '938487470339801169', NULL),
('2023-09-07 14:01:32', 'Stop', '440489230968553472', '474935164451946506', '938487470339801169', NULL),
('2023-09-08 14:50:06', 'listSlash', '440489230968553472', '474935164451946506', '938487470339801169', NULL),
('2023-09-08 14:51:09', 'listSlash', '440489230968553472', '474935164451946506', '938487470339801169', NULL),
('2023-09-08 14:51:11', 'listSlash', '383358222972616705', '474935164451946506', '938487470339801169', NULL),
('2023-09-08 14:51:17', 'listSlash', '383358222972616705', '474935164451946506', '938487470339801169', NULL),
('2023-09-08 14:51:20', 'listSlash', '440489230968553472', '474935164451946506', '938487470339801169', NULL),
('2023-09-08 17:58:54', 'banSlash', '707479292644163604', '474935164451946506', '939876818465488926', NULL),
('2023-09-08 18:00:25', 'banSlash', '707479292644163604', '474935164451946506', '939876818465488926', NULL),
('2023-09-08 18:01:07', 'helpSlash', '904801563019714570', '1071851182160629790', '938487470339801169', NULL),
('2023-09-09 00:01:08', 'Clear', '440489230968553472', '876606568412639272', '938487470339801169', NULL),
('2023-09-09 20:57:55', 'Clear', '383358222972616705', '474935164451946506', '938487470339801169', NULL),
('2023-09-09 21:37:25', 'Summoner', '383358222972616705', '474935164451946506', '938487470339801169', NULL),
('2023-09-09 21:38:31', 'Restart', '383358222972616705', '474935164451946506', '938487470339801169', NULL),
('2023-09-09 21:40:00', 'listSlash', '440489230968553472', '474935164451946506', '938487470339801169', NULL),
('2023-09-09 21:40:07', 'listSlash', '440489230968553472', '474935164451946506', '938487470339801169', NULL),
('2023-09-09 22:13:15', 'banSlash', '383358222972616705', '1132694832305934439', '939876818465488926', NULL),
('2023-09-09 22:20:01', 'banSlash', '383358222972616705', '1132694832305934439', '939876818465488926', NULL),
('2023-09-09 22:31:23', 'banSlash', '383358222972616705', '1132694832305934439', '939876818465488926', NULL),
('2023-09-09 22:44:56', 'banSlash', '383358222972616705', '1132694832305934439', '939876818465488926', NULL),
('2023-09-10 08:56:35', 'welcomeSlash', '383358222972616705', '1132694832305934439', '938487470339801169', NULL),
('2023-09-10 08:57:00', 'leaveSlash', '383358222972616705', '1132694832305934439', '938487470339801169', NULL),
('2023-09-10 10:50:18', 'Restart', '383358222972616705', '1132694832305934439', '938487470339801169', NULL),
('2023-09-10 12:57:26', 'playSlash', '1128456048781574246', '1131943807714349117', '938487470339801169', NULL),
('2023-09-10 17:29:39', 'PlaySound', '440489230968553472', '474935164451946506', '938487470339801169', NULL),
('2023-09-10 17:29:51', 'PlaySound', '383358222972616705', '474935164451946506', '938487470339801169', NULL),
('2023-09-12 16:23:17', 'PlaySound', '440489230968553472', '474935164451946506', '938487470339801169', NULL),
('2023-09-12 16:25:10', 'PlaySound', '440489230968553472', '474935164451946506', '938487470339801169', NULL),
('2023-09-12 23:13:18', 'Ram', '440489230968553472', '876606568412639272', '938487470339801169', NULL),
('2023-09-12 23:13:19', 'Ram', '440489230968553472', '876606568412639272', '938487470339801169', NULL),
('2023-09-12 23:13:20', 'Ram', '440489230968553472', '876606568412639272', '938487470339801169', NULL),
('2023-09-12 23:13:21', 'Ram', '440489230968553472', '876606568412639272', '938487470339801169', NULL),
('2023-09-12 23:13:22', 'Ram', '440489230968553472', '876606568412639272', '938487470339801169', NULL),
('2023-09-12 23:13:23', 'Ram', '440489230968553472', '876606568412639272', '938487470339801169', NULL),
('2023-09-12 23:13:24', 'Ram', '440489230968553472', '876606568412639272', '938487470339801169', NULL),
('2023-09-13 09:21:18', 'Ban', '352192170503045121', '474935164451946506', '938487470339801169', NULL),
('2023-09-13 10:48:20', 'PlaySound', '707479292644163604', '474935164451946506', '938487470339801169', NULL),
('2023-09-13 10:49:11', 'Help', '707479292644163604', '474935164451946506', '938487470339801169', NULL),
('2023-09-13 10:49:38', 'Help', '707479292644163604', '474935164451946506', '938487470339801169', NULL),
('2023-09-13 10:50:03', 'Aliases', '440489230968553472', '474935164451946506', '938487470339801169', NULL),
('2023-09-13 11:12:33', 'PlayYoutube', '707479292644163604', '474935164451946506', '938487470339801169', NULL),
('2023-09-13 11:12:50', 'Stop', '707479292644163604', '474935164451946506', '938487470339801169', NULL),
('2023-09-13 11:13:30', 'PlayYoutube', '707479292644163604', '474935164451946506', '938487470339801169', NULL),
('2023-09-13 11:16:45', 'PlayYoutube', '707479292644163604', '474935164451946506', '938487470339801169', NULL),
('2023-09-13 11:17:37', 'PlayYoutube', '707479292644163604', '474935164451946506', '938487470339801169', NULL),
('2023-09-13 11:19:35', 'Jelly', '383358222972616705', '474935164451946506', '938487470339801169', NULL),
('2023-09-13 11:22:22', 'Jelly', '440489230968553472', '474935164451946506', '938487470339801169', NULL),
('2023-09-13 11:22:31', 'Jelly', '440489230968553472', '474935164451946506', '938487470339801169', NULL),
('2023-09-13 11:41:44', 'infomatchesSlash', '440489230968553472', '474935164451946506', '938487470339801169', NULL),
('2023-09-13 11:43:55', 'rewardsSlash', '440489230968553472', '474935164451946506', '938487470339801169', NULL),
('2023-09-13 16:55:41', 'Query', '440489230968553472', '474935164451946506', '938487470339801169', NULL),
('2023-09-13 17:11:14', 'Clear', '440489230968553472', '474935164451946506', '938487470339801169', NULL),
('2023-09-13 17:19:15', 'Clear', '440489230968553472', '474935164451946506', '938487470339801169', NULL),
('2023-09-13 17:19:22', 'Clear', '440489230968553472', '474935164451946506', '938487470339801169', NULL),
('2023-09-13 17:35:31', 'Clear', '383358222972616705', '474935164451946506', '938487470339801169', NULL),
('2023-09-13 21:35:10', 'PlaySound', '707479292644163604', '474935164451946506', '938487470339801169', NULL),
('2023-09-13 21:35:36', 'PlaySound', '707479292644163604', '474935164451946506', '938487470339801169', NULL),
('2023-09-13 21:35:49', 'PlaySound', '707479292644163604', '474935164451946506', '938487470339801169', NULL),
('2023-09-13 21:36:01', 'PlaySound', '707479292644163604', '474935164451946506', '938487470339801169', NULL),
('2023-09-13 21:36:02', 'PlaySound', '707479292644163604', '474935164451946506', '938487470339801169', NULL),
('2023-09-13 21:36:03', 'PlaySound', '707479292644163604', '474935164451946506', '938487470339801169', NULL),
('2023-09-13 21:36:04', 'PlaySound', '707479292644163604', '474935164451946506', '938487470339801169', NULL),
('2023-09-13 21:36:05', 'PlaySound', '707479292644163604', '474935164451946506', '938487470339801169', NULL),
('2023-09-13 21:36:08', 'PlaySound', '707479292644163604', '474935164451946506', '938487470339801169', NULL),
('2023-09-13 21:36:09', 'PlaySound', '707479292644163604', '474935164451946506', '938487470339801169', NULL),
('2023-09-13 21:36:11', 'PlaySound', '707479292644163604', '474935164451946506', '938487470339801169', NULL),
('2023-09-13 21:36:12', 'PlaySound', '707479292644163604', '474935164451946506', '938487470339801169', NULL),
('2023-09-13 21:36:13', 'PlaySound', '707479292644163604', '474935164451946506', '938487470339801169', NULL),
('2023-09-13 21:36:16', 'PlaySound', '707479292644163604', '474935164451946506', '938487470339801169', NULL),
('2023-09-13 21:36:17', 'PlaySound', '707479292644163604', '474935164451946506', '938487470339801169', NULL),
('2023-09-13 21:36:18', 'PlaySound', '707479292644163604', '474935164451946506', '938487470339801169', NULL),
('2023-09-13 21:36:19', 'PlaySound', '707479292644163604', '474935164451946506', '938487470339801169', NULL),
('2023-09-13 21:36:20', 'PlaySound', '707479292644163604', '474935164451946506', '938487470339801169', NULL),
('2023-09-13 21:36:21', 'PlaySound', '707479292644163604', '474935164451946506', '938487470339801169', NULL),
('2023-09-13 21:36:26', 'PlaySound', '707479292644163604', '474935164451946506', '938487470339801169', NULL),
('2023-09-13 21:36:31', 'PlaySound', '707479292644163604', '474935164451946506', '938487470339801169', NULL),
('2023-09-13 21:36:32', 'PlaySound', '707479292644163604', '474935164451946506', '938487470339801169', NULL),
('2023-09-13 21:36:33', 'PlaySound', '707479292644163604', '474935164451946506', '938487470339801169', NULL),
('2023-09-13 21:36:34', 'PlaySound', '707479292644163604', '474935164451946506', '938487470339801169', NULL),
('2023-09-13 21:36:35', 'PlaySound', '707479292644163604', '474935164451946506', '938487470339801169', NULL),
('2023-09-13 21:36:36', 'PlaySound', '707479292644163604', '474935164451946506', '938487470339801169', NULL),
('2023-09-13 21:36:44', 'PlaySound', '707479292644163604', '474935164451946506', '938487470339801169', NULL),
('2023-09-13 21:36:45', 'PlaySound', '707479292644163604', '474935164451946506', '938487470339801169', NULL),
('2023-09-13 21:36:46', 'PlaySound', '707479292644163604', '474935164451946506', '938487470339801169', NULL),
('2023-09-13 21:36:47', 'PlaySound', '707479292644163604', '474935164451946506', '938487470339801169', NULL),
('2023-09-13 21:36:49', 'PlaySound', '707479292644163604', '474935164451946506', '938487470339801169', NULL),
('2023-09-13 21:36:50', 'PlaySound', '707479292644163604', '474935164451946506', '938487470339801169', NULL),
('2023-09-13 21:36:51', 'PlaySound', '707479292644163604', '474935164451946506', '938487470339801169', NULL),
('2023-09-13 21:36:52', 'PlaySound', '707479292644163604', '474935164451946506', '938487470339801169', NULL),
('2023-09-13 21:36:53', 'PlaySound', '707479292644163604', '474935164451946506', '938487470339801169', NULL),
('2023-09-13 21:36:54', 'PlaySound', '707479292644163604', '474935164451946506', '938487470339801169', NULL),
('2023-09-13 21:36:55', 'PlaySound', '707479292644163604', '474935164451946506', '938487470339801169', NULL),
('2023-09-13 21:36:57', 'PlaySound', '707479292644163604', '474935164451946506', '938487470339801169', NULL),
('2023-09-13 21:36:59', 'PlaySound', '707479292644163604', '474935164451946506', '938487470339801169', NULL),
('2023-09-13 21:37:23', 'PlaySound', '440489230968553472', '474935164451946506', '938487470339801169', NULL),
('2023-09-13 21:37:43', 'PlaySound', '707479292644163604', '474935164451946506', '938487470339801169', NULL),
('2023-09-13 21:37:44', 'PlaySound', '707479292644163604', '474935164451946506', '938487470339801169', NULL),
('2023-09-13 21:37:45', 'PlaySound', '707479292644163604', '474935164451946506', '938487470339801169', NULL),
('2023-09-13 21:37:46', 'PlaySound', '707479292644163604', '474935164451946506', '938487470339801169', NULL),
('2023-09-13 21:37:53', 'PlaySound', '440489230968553472', '474935164451946506', '938487470339801169', NULL),
('2023-09-13 21:38:00', 'PlaySound', '707479292644163604', '474935164451946506', '938487470339801169', NULL),
('2023-09-13 21:38:16', 'TTS', '440489230968553472', '474935164451946506', '938487470339801169', NULL),
('2023-09-13 21:40:29', 'PlaySound', '707479292644163604', '474935164451946506', '938487470339801169', NULL),
('2023-09-13 21:40:38', 'PlaySound', '707479292644163604', '474935164451946506', '938487470339801169', NULL),
('2023-09-13 21:40:50', 'TTS', '440489230968553472', '474935164451946506', '938487470339801169', NULL),
('2023-09-13 21:41:00', 'PlaySound', '707479292644163604', '474935164451946506', '938487470339801169', NULL),
('2023-09-13 21:41:27', 'TTS', '440489230968553472', '474935164451946506', '938487470339801169', NULL),
('2023-09-13 21:41:40', 'PlaySound', '707479292644163604', '474935164451946506', '938487470339801169', NULL),
('2023-09-13 21:41:45', 'TTS', '440489230968553472', '474935164451946506', '938487470339801169', NULL),
('2023-09-13 21:42:01', 'PlaySound', '707479292644163604', '474935164451946506', '938487470339801169', NULL),
('2023-09-13 21:46:47', 'List', '440489230968553472', '474935164451946506', '938487470339801169', NULL),
('2023-09-13 21:47:13', 'List', '707479292644163604', '474935164451946506', '938487470339801169', NULL),
('2023-09-13 21:47:24', 'PlaySound', '707479292644163604', '474935164451946506', '938487470339801169', NULL),
('2023-09-13 21:47:33', 'PlaySound', '707479292644163604', '474935164451946506', '938487470339801169', NULL),
('2023-09-13 21:50:17', 'ListUser', '440489230968553472', '474935164451946506', '938487470339801169', NULL),
('2023-09-13 21:57:34', 'PlaySound', '440489230968553472', '474935164451946506', '938487470339801169', NULL),
('2023-09-13 22:02:44', 'PlayYoutube', '440489230968553472', '474935164451946506', '938487470339801169', NULL),
('2023-09-13 22:03:10', 'PlayYoutube', '440489230968553472', '474935164451946506', '938487470339801169', NULL),
('2023-09-13 22:03:17', 'Stop', '440489230968553472', '474935164451946506', '938487470339801169', NULL),
('2023-09-13 22:05:26', 'TTS', '440489230968553472', '474935164451946506', '938487470339801169', NULL),
('2023-09-13 22:06:18', 'TTS', '440489230968553472', '474935164451946506', '938487470339801169', NULL),
('2023-09-13 22:06:33', 'TTS', '440489230968553472', '474935164451946506', '938487470339801169', NULL),
('2023-09-13 22:06:37', 'TTS', '440489230968553472', '474935164451946506', '938487470339801169', NULL),
('2023-09-13 22:24:14', 'PlaySound', '707479292644163604', '474935164451946506', '938487470339801169', NULL),
('2023-09-13 22:24:34', 'PlaySound', '707479292644163604', '474935164451946506', '938487470339801169', NULL),
('2023-09-13 22:32:51', 'PlayYoutube', '707479292644163604', '474935164451946506', '938487470339801169', NULL),
('2023-09-13 22:34:57', 'TTS', '707479292644163604', '474935164451946506', '938487470339801169', NULL),
('2023-09-13 22:35:26', 'TTS', '707479292644163604', '474935164451946506', '938487470339801169', NULL),
('2023-09-13 22:36:17', 'TTS', '707479292644163604', '474935164451946506', '938487470339801169', NULL),
('2023-09-13 22:36:45', 'TTS', '707479292644163604', '474935164451946506', '938487470339801169', NULL),
('2023-09-13 22:37:09', 'TTS', '707479292644163604', '474935164451946506', '938487470339801169', NULL),
('2023-09-13 22:37:33', 'TTS', '707479292644163604', '474935164451946506', '938487470339801169', NULL),
('2023-09-13 22:49:22', 'Summoner', '440489230968553472', '474935164451946506', '938487470339801169', NULL),
('2023-09-13 22:51:44', 'InfoMatches', '440489230968553472', '474935164451946506', '938487470339801169', NULL),
('2023-09-13 22:52:03', 'championSlash', '440489230968553472', '474935164451946506', '938487470339801169', NULL),
('2023-09-13 22:58:15', 'PlayYoutube', '707479292644163604', '474935164451946506', '938487470339801169', NULL),
('2023-09-13 22:58:56', 'PlayYoutube', '707479292644163604', '474935164451946506', '938487470339801169', NULL),
('2023-09-13 22:59:03', 'PlayYoutube', '707479292644163604', '474935164451946506', '938487470339801169', NULL),
('2023-09-13 23:00:06', 'PlayYoutube', '707479292644163604', '474935164451946506', '938487470339801169', NULL),
('2023-09-13 23:03:18', 'PlayYoutube', '707479292644163604', '474935164451946506', '938487470339801169', NULL),
('2023-09-13 23:04:34', 'Clear', '440489230968553472', '474935164451946506', '938487470339801169', NULL),
('2023-09-13 23:04:55', 'PlayYoutube', '707479292644163604', '474935164451946506', '938487470339801169', NULL),
('2023-09-13 23:07:58', 'PlayYoutube', '707479292644163604', '474935164451946506', '938487470339801169', NULL),
('2023-09-13 23:08:19', 'PlayYoutube', '707479292644163604', '474935164451946506', '938487470339801169', NULL),
('2023-09-13 23:08:26', 'PlayYoutube', '440489230968553472', '474935164451946506', '938487470339801169', NULL),
('2023-09-13 23:09:20', 'PlayYoutube', '707479292644163604', '474935164451946506', '938487470339801169', NULL),
('2023-09-13 23:12:10', 'PlayYoutube', '707479292644163604', '474935164451946506', '938487470339801169', NULL),
('2023-09-13 23:14:29', 'EmojiInfo', '440489230968553472', '474935164451946506', '938487470339801169', NULL),
('2023-09-13 23:14:42', 'EmojiInfo', '440489230968553472', '474935164451946506', '938487470339801169', NULL),
('2023-09-13 23:15:40', 'PlayYoutube', '707479292644163604', '474935164451946506', '938487470339801169', NULL),
('2023-09-13 23:17:05', 'PlayYoutube', '707479292644163604', '474935164451946506', '938487470339801169', NULL),
('2023-09-13 23:20:19', 'Help', '440489230968553472', '474935164451946506', '938487470339801169', NULL),
('2023-09-13 23:21:57', 'PlayYoutube', '707479292644163604', '474935164451946506', '938487470339801169', NULL),
('2023-09-13 23:23:22', 'PlayYoutube', '707479292644163604', '474935164451946506', '938487470339801169', NULL),
('2023-09-13 23:25:38', 'PlayYoutube', '707479292644163604', '474935164451946506', '938487470339801169', NULL),
('2023-09-13 23:29:24', 'PlayYoutube', '440489230968553472', '474935164451946506', '938487470339801169', NULL),
('2023-09-13 23:32:44', 'PlayYoutube', '707479292644163604', '474935164451946506', '938487470339801169', NULL),
('2023-09-13 23:38:46', 'PlayYoutube', '440489230968553472', '474935164451946506', '938487470339801169', NULL),
('2023-09-13 23:45:26', 'PlayYoutube', '440489230968553472', '474935164451946506', '938487470339801169', NULL),
('2023-09-13 23:47:55', 'PlayYoutube', '440489230968553472', '474935164451946506', '938487470339801169', NULL),
('2023-09-13 23:51:50', 'PlayYoutube', '440489230968553472', '474935164451946506', '938487470339801169', NULL),
('2023-09-13 23:55:38', 'PlayYoutube', '440489230968553472', '474935164451946506', '938487470339801169', NULL),
('2023-09-13 23:58:06', 'PlayYoutube', '440489230968553472', '474935164451946506', '938487470339801169', NULL),
('2023-09-14 00:00:19', 'PlayYoutube', '440489230968553472', '474935164451946506', '938487470339801169', NULL),
('2023-09-14 00:03:41', 'PlayYoutube', '440489230968553472', '474935164451946506', '938487470339801169', NULL),
('2023-09-14 00:06:26', 'PlayYoutube', '440489230968553472', '474935164451946506', '938487470339801169', NULL),
('2023-09-14 00:06:43', 'PlayYoutube', '440489230968553472', '474935164451946506', '938487470339801169', NULL),
('2023-09-14 00:09:42', 'PlayYoutube', '440489230968553472', '474935164451946506', '938487470339801169', NULL),
('2023-09-14 00:09:48', 'Stop', '440489230968553472', '474935164451946506', '938487470339801169', NULL),
('2023-09-14 00:09:55', 'PlayYoutube', '440489230968553472', '474935164451946506', '938487470339801169', NULL),
('2023-09-14 00:12:18', 'PlayYoutube', '440489230968553472', '474935164451946506', '938487470339801169', NULL),
('2023-09-14 00:15:09', 'PlayYoutube', '440489230968553472', '474935164451946506', '938487470339801169', NULL),
('2023-09-14 00:17:11', 'PlayYoutube', '707479292644163604', '474935164451946506', '938487470339801169', NULL),
('2023-09-14 00:17:19', 'PlayYoutube', '707479292644163604', '474935164451946506', '938487470339801169', NULL),
('2023-09-14 00:17:27', 'Stop', '707479292644163604', '474935164451946506', '938487470339801169', NULL),
('2023-09-14 00:17:36', 'PlayYoutube', '707479292644163604', '474935164451946506', '938487470339801169', NULL),
('2023-09-14 00:28:38', 'PlaySound', '707479292644163604', '474935164451946506', '938487470339801169', NULL),
('2023-09-14 01:07:03', 'ttsSlash', '440489230968553472', '474935164451946506', '939876818465488926', NULL),
('2023-09-14 01:27:56', 'rewardsSlash', '440489230968553472', '876606568412639272', '938487470339801169', NULL),
('2023-09-14 01:31:16', 'helpSlash', '440489230968553472', '876606568412639272', '938487470339801169', NULL),
('2023-09-14 01:53:21', 'clearSlash', '440489230968553472', '474935164451946506', '939876818465488926', NULL),
('2023-09-14 01:53:49', 'clearSlash', '440489230968553472', '474935164451946506', '939876818465488926', NULL),
('2023-09-14 11:06:29', 'PlaySound', '707479292644163604', '474935164451946506', '938487470339801169', NULL),
('2023-09-14 11:06:40', 'PlaySound', '707479292644163604', '474935164451946506', '938487470339801169', NULL),
('2023-09-14 11:14:08', 'PlaySound', '707479292644163604', '474935164451946506', '938487470339801169', NULL),
('2023-09-14 11:14:54', 'Help', '707479292644163604', '474935164451946506', '938487470339801169', NULL),
('2023-09-14 11:15:03', 'PlaySound', '707479292644163604', '474935164451946506', '938487470339801169', NULL),
('2023-09-14 11:15:11', 'PlaySound', '707479292644163604', '474935164451946506', '938487470339801169', NULL),
('2023-09-15 08:55:40', 'welcomeSlash', '383358222972616705', '474935164451946506', '938487470339801169', NULL),
('2023-09-15 08:55:56', 'leaveSlash', '383358222972616705', '474935164451946506', '938487470339801169', NULL),
('2023-09-15 08:56:19', 'boostSlash', '383358222972616705', '474935164451946506', '938487470339801169', NULL),
('2023-09-15 18:23:41', 'PlaySound', '707479292644163604', '474935164451946506', '938487470339801169', NULL),
('2023-09-15 18:24:05', 'PlaySound', '707479292644163604', '474935164451946506', '938487470339801169', NULL),
('2023-09-15 18:24:25', 'PlaySound', '707479292644163604', '474935164451946506', '938487470339801169', NULL),
('2023-09-15 18:24:31', 'PlaySound', '707479292644163604', '474935164451946506', '938487470339801169', NULL),
('2023-09-15 18:26:04', 'PlaySound', '707479292644163604', '474935164451946506', '938487470339801169', NULL),
('2023-09-15 18:26:10', 'PlaySound', '707479292644163604', '474935164451946506', '938487470339801169', NULL),
('2023-09-16 12:51:52', 'TTS', '440489230968553472', '474935164451946506', '938487470339801169', NULL),
('2023-09-16 13:08:33', 'PlaySound', '440489230968553472', '474935164451946506', '938487470339801169', NULL),
('2023-09-16 13:08:41', 'PlaySound', '440489230968553472', '474935164451946506', '938487470339801169', NULL),
('2023-09-16 13:08:53', 'soundboardSlash', '383358222972616705', '474935164451946506', '938487470339801169', NULL),
('2023-09-16 13:09:01', 'PlaySound', '440489230968553472', '474935164451946506', '938487470339801169', NULL),
('2023-09-16 13:09:30', 'soundboardSlash', '383358222972616705', '474935164451946506', '938487470339801169', NULL),
('2023-09-16 13:10:34', 'PlaySound', '440489230968553472', '474935164451946506', '938487470339801169', NULL),
('2023-09-16 13:10:35', 'List', '383358222972616705', '474935164451946506', '938487470339801169', NULL),
('2023-09-16 13:10:44', 'TTS', '440489230968553472', '474935164451946506', '938487470339801169', NULL),
('2023-09-16 13:10:52', 'TTS', '440489230968553472', '474935164451946506', '938487470339801169', NULL),
('2023-09-16 13:10:58', 'PlaySound', '383358222972616705', '474935164451946506', '938487470339801169', NULL),
('2023-09-16 13:11:08', 'PlaySound', '383358222972616705', '474935164451946506', '938487470339801169', NULL),
('2023-09-16 13:11:22', 'PlaySound', '383358222972616705', '474935164451946506', '938487470339801169', NULL),
('2023-09-16 13:11:53', 'Stop', '440489230968553472', '474935164451946506', '938487470339801169', NULL),
('2023-09-16 13:44:23', 'PlayYoutube', '383358222972616705', '474935164451946506', '938487470339801169', NULL),
('2023-09-16 15:07:37', 'helpSlash', '707479292644163604', '474935164451946506', '1074276395640954942', NULL),
('2023-09-16 15:08:00', 'PlaySound', '707479292644163604', '474935164451946506', '1074276395640954942', NULL),
('2023-09-16 15:08:26', 'soundboardSlash', '707479292644163604', '474935164451946506', '1074276395640954942', NULL),
('2023-09-16 15:09:05', 'PlaySound', '383358222972616705', '474935164451946506', '1074276395640954942', NULL),
('2023-09-16 15:09:06', 'Stop', '383358222972616705', '474935164451946506', '1074276395640954942', NULL),
('2023-09-16 15:14:59', 'PlaySound', '707479292644163604', '474935164451946506', '1074276395640954942', NULL),
('2023-09-16 15:15:05', 'PlaySound', '707479292644163604', '474935164451946506', '1074276395640954942', NULL),
('2023-09-16 17:30:40', 'PlaySound', '440489230968553472', '474935164451946506', '938487470339801169', NULL),
('2023-09-16 18:33:41', 'PlaySound', '383358222972616705', '474935164451946506', '938487470339801169', NULL),
('2023-09-16 18:34:42', 'soundboardSlash', '383358222972616705', '474935164451946506', '938487470339801169', NULL),
('2023-09-16 18:34:53', 'soundboardSlash', '383358222972616705', '474935164451946506', '938487470339801169', NULL),
('2023-09-16 18:35:48', 'soundboardSlash', '383358222972616705', '474935164451946506', '938487470339801169', NULL),
('2023-09-16 18:35:58', 'PlaySound', '440489230968553472', '474935164451946506', '938487470339801169', NULL),
('2023-09-16 18:36:17', 'soundboardSlash', '383358222972616705', '474935164451946506', '938487470339801169', NULL),
('2023-09-16 18:36:23', 'downloadsoundSlash', '440489230968553472', '474935164451946506', '938487470339801169', NULL),
('2023-09-16 18:36:25', 'soundboardSlash', '383358222972616705', '474935164451946506', '938487470339801169', NULL),
('2023-09-16 18:37:28', 'ThreadCounter', '383358222972616705', '474935164451946506', '938487470339801169', NULL),
('2023-09-16 18:37:47', 'ThreadCounter', '383358222972616705', '474935164451946506', '938487470339801169', NULL),
('2023-09-16 18:38:02', 'ThreadCounter', '383358222972616705', '474935164451946506', '938487470339801169', NULL),
('2023-09-16 18:38:18', 'ThreadCounter', '383358222972616705', '474935164451946506', '938487470339801169', NULL),
('2023-09-16 18:38:39', 'ThreadCounter', '383358222972616705', '474935164451946506', '938487470339801169', NULL),
('2023-09-16 18:39:11', 'ThreadCounter', '383358222972616705', '474935164451946506', '938487470339801169', NULL),
('2023-09-16 18:39:35', 'ThreadCounter', '383358222972616705', '474935164451946506', '938487470339801169', NULL),
('2023-09-16 18:39:40', 'PlaySound', '383358222972616705', '474935164451946506', '938487470339801169', NULL),
('2023-09-16 18:39:43', 'Stop', '383358222972616705', '474935164451946506', '938487470339801169', NULL),
('2023-09-16 18:39:50', 'ThreadCounter', '383358222972616705', '474935164451946506', '938487470339801169', NULL),
('2023-09-16 18:39:52', 'ThreadCounter', '383358222972616705', '474935164451946506', '938487470339801169', NULL),
('2023-09-16 18:39:54', 'ThreadCounter', '383358222972616705', '474935164451946506', '938487470339801169', NULL),
('2023-09-16 18:39:55', 'ThreadCounter', '383358222972616705', '474935164451946506', '938487470339801169', NULL),
('2023-09-16 18:39:57', 'ThreadCounter', '383358222972616705', '474935164451946506', '938487470339801169', NULL),
('2023-09-16 18:39:58', 'ThreadCounter', '383358222972616705', '474935164451946506', '938487470339801169', NULL),
('2023-09-16 18:39:59', 'ThreadCounter', '383358222972616705', '474935164451946506', '938487470339801169', NULL),
('2023-09-16 18:40:00', 'ThreadCounter', '383358222972616705', '474935164451946506', '938487470339801169', NULL),
('2023-09-16 18:40:01', 'ThreadCounter', '383358222972616705', '474935164451946506', '938487470339801169', NULL),
('2023-09-16 18:40:03', 'ThreadCounter', '383358222972616705', '474935164451946506', '938487470339801169', NULL),
('2023-09-16 18:40:04', 'ThreadCounter', '383358222972616705', '474935164451946506', '938487470339801169', NULL),
('2023-09-16 21:30:58', 'championSlash', '440489230968553472', '474935164451946506', '938487470339801169', NULL),
('2023-09-16 22:03:51', 'championSlash', '440489230968553472', '474935164451946506', '938487470339801169', NULL),
('2023-09-16 23:00:20', 'championSlash', '440489230968553472', '474935164451946506', '938487470339801169', NULL),
('2023-09-17 17:06:08', 'championSlash', '440489230968553472', '474935164451946506', '938487470339801169', NULL),
('2023-09-17 17:26:25', 'championSlash', '440489230968553472', '474935164451946506', '938487470339801169', NULL),
('2023-09-17 18:28:37', 'Stop', '440489230968553472', '474935164451946506', '938487470339801169', NULL),
('2023-09-17 18:28:48', 'Stop', '440489230968553472', '474935164451946506', '938487470339801169', NULL),
('2023-09-17 18:28:53', 'PlaySound', '383358222972616705', '474935164451946506', '938487470339801169', NULL),
('2023-09-17 18:28:55', 'Stop', '383358222972616705', '474935164451946506', '938487470339801169', NULL),
('2023-09-17 18:30:45', 'TTS', '383358222972616705', '474935164451946506', '938487470339801169', NULL),
('2023-09-17 18:31:02', 'PlaySound', '383358222972616705', '474935164451946506', '938487470339801169', NULL),
('2023-09-17 18:31:07', 'Stop', '383358222972616705', '474935164451946506', '938487470339801169', NULL),
('2023-09-17 18:31:15', 'PlaySound', '383358222972616705', '474935164451946506', '938487470339801169', NULL),
('2023-09-17 18:31:24', 'PlaySound', '383358222972616705', '474935164451946506', '938487470339801169', NULL),
('2023-09-17 18:31:27', 'PlaySound', '383358222972616705', '474935164451946506', '938487470339801169', NULL),
('2023-09-17 18:31:31', 'PlaySound', '383358222972616705', '474935164451946506', '938487470339801169', NULL),
('2023-09-17 18:31:48', 'PlayYoutube', '383358222972616705', '474935164451946506', '938487470339801169', NULL),
('2023-09-17 18:31:52', 'Stop', '383358222972616705', '474935164451946506', '938487470339801169', NULL),
('2023-09-18 12:54:50', 'PlaySound', '707479292644163604', '474935164451946506', '938487470339801169', NULL),
('2023-09-18 12:55:00', 'PlaySound', '707479292644163604', '474935164451946506', '938487470339801169', NULL),
('2023-09-18 12:55:28', 'PlaySound', '707479292644163604', '474935164451946506', '938487470339801169', NULL),
('2023-09-18 12:55:39', 'PlaySound', '707479292644163604', '474935164451946506', '938487470339801169', NULL),
('2023-09-18 12:55:40', 'PlaySound', '707479292644163604', '474935164451946506', '938487470339801169', NULL),
('2023-09-18 12:55:41', 'PlaySound', '707479292644163604', '474935164451946506', '938487470339801169', NULL),
('2023-09-18 12:55:42', 'PlaySound', '707479292644163604', '474935164451946506', '938487470339801169', NULL),
('2023-09-18 12:55:43', 'PlaySound', '707479292644163604', '474935164451946506', '938487470339801169', NULL),
('2023-09-18 12:55:44', 'PlaySound', '707479292644163604', '474935164451946506', '938487470339801169', NULL),
('2023-09-18 12:55:45', 'PlaySound', '707479292644163604', '474935164451946506', '938487470339801169', NULL),
('2023-09-18 12:56:02', 'PlaySound', '707479292644163604', '474935164451946506', '938487470339801169', NULL),
('2023-09-18 12:56:32', 'PlaySound', '707479292644163604', '474935164451946506', '938487470339801169', NULL),
('2023-09-18 13:07:52', 'TTS', '440489230968553472', '474935164451946506', '938487470339801169', NULL),
('2023-09-18 13:20:10', 'TTS', '440489230968553472', '474935164451946506', '938487470339801169', NULL),
('2023-09-18 13:20:18', 'TTS', '440489230968553472', '474935164451946506', '938487470339801169', NULL),
('2023-09-18 13:29:39', 'TTS', '440489230968553472', '474935164451946506', '938487470339801169', NULL),
('2023-09-18 20:02:46', 'PlaySound', '707479292644163604', '474935164451946506', '938487470339801169', NULL),
('2023-09-18 20:02:49', 'PlaySound', '707479292644163604', '474935164451946506', '938487470339801169', NULL),
('2023-09-18 20:02:50', 'PlaySound', '707479292644163604', '474935164451946506', '938487470339801169', NULL),
('2023-09-18 20:02:51', 'PlaySound', '707479292644163604', '474935164451946506', '938487470339801169', NULL),
('2023-09-18 20:02:53', 'PlaySound', '707479292644163604', '474935164451946506', '938487470339801169', NULL),
('2023-09-18 20:02:54', 'PlaySound', '707479292644163604', '474935164451946506', '938487470339801169', NULL),
('2023-09-18 20:02:55', 'PlaySound', '707479292644163604', '474935164451946506', '938487470339801169', NULL),
('2023-09-18 20:02:56', 'PlaySound', '707479292644163604', '474935164451946506', '938487470339801169', NULL),
('2023-09-18 20:02:57', 'PlaySound', '707479292644163604', '474935164451946506', '938487470339801169', NULL),
('2023-09-18 20:02:58', 'PlaySound', '707479292644163604', '474935164451946506', '938487470339801169', NULL),
('2023-09-18 20:02:59', 'PlaySound', '707479292644163604', '474935164451946506', '938487470339801169', NULL),
('2023-09-18 20:03:00', 'PlaySound', '707479292644163604', '474935164451946506', '938487470339801169', NULL),
('2023-09-18 20:03:01', 'PlaySound', '707479292644163604', '474935164451946506', '938487470339801169', NULL),
('2023-09-18 20:03:02', 'PlaySound', '707479292644163604', '474935164451946506', '938487470339801169', NULL),
('2023-09-18 20:03:03', 'PlaySound', '707479292644163604', '474935164451946506', '938487470339801169', NULL),
('2023-09-18 20:03:04', 'PlaySound', '707479292644163604', '474935164451946506', '938487470339801169', NULL),
('2023-09-18 20:03:05', 'PlaySound', '707479292644163604', '474935164451946506', '938487470339801169', NULL),
('2023-09-18 20:03:06', 'PlaySound', '707479292644163604', '474935164451946506', '938487470339801169', NULL),
('2023-09-18 20:03:15', 'PlaySound', '707479292644163604', '474935164451946506', '938487470339801169', NULL),
('2023-09-18 20:03:16', 'PlaySound', '707479292644163604', '474935164451946506', '938487470339801169', NULL),
('2023-09-18 20:03:17', 'PlaySound', '707479292644163604', '474935164451946506', '938487470339801169', NULL),
('2023-09-18 20:03:18', 'PlaySound', '707479292644163604', '474935164451946506', '938487470339801169', NULL),
('2023-09-18 20:03:19', 'PlaySound', '707479292644163604', '474935164451946506', '938487470339801169', NULL),
('2023-09-18 20:03:20', 'PlaySound', '707479292644163604', '474935164451946506', '938487470339801169', NULL),
('2023-09-18 20:03:21', 'PlaySound', '707479292644163604', '474935164451946506', '938487470339801169', NULL),
('2023-09-18 20:03:22', 'PlaySound', '707479292644163604', '474935164451946506', '938487470339801169', NULL),
('2023-09-18 20:03:23', 'PlaySound', '707479292644163604', '474935164451946506', '938487470339801169', NULL),
('2023-09-18 20:03:24', 'PlaySound', '707479292644163604', '474935164451946506', '938487470339801169', NULL),
('2023-09-18 20:03:25', 'PlaySound', '707479292644163604', '474935164451946506', '938487470339801169', NULL),
('2023-09-18 20:03:26', 'PlaySound', '707479292644163604', '474935164451946506', '938487470339801169', NULL),
('2023-09-18 20:03:27', 'PlaySound', '707479292644163604', '474935164451946506', '938487470339801169', NULL),
('2023-09-18 20:03:28', 'PlaySound', '707479292644163604', '474935164451946506', '938487470339801169', NULL),
('2023-09-18 22:07:33', 'PlaySound', '707479292644163604', '474935164451946506', '938487470339801169', NULL),
('2023-09-18 22:07:39', 'PlaySound', '707479292644163604', '474935164451946506', '938487470339801169', NULL),
('2023-09-18 22:07:40', 'PlaySound', '707479292644163604', '474935164451946506', '938487470339801169', NULL),
('2023-09-18 22:07:41', 'PlaySound', '707479292644163604', '474935164451946506', '938487470339801169', NULL),
('2023-09-18 22:07:42', 'PlaySound', '707479292644163604', '474935164451946506', '938487470339801169', NULL),
('2023-09-18 22:07:43', 'PlaySound', '707479292644163604', '474935164451946506', '938487470339801169', NULL),
('2023-09-18 22:07:44', 'PlaySound', '707479292644163604', '474935164451946506', '938487470339801169', NULL),
('2023-09-18 22:07:45', 'PlaySound', '707479292644163604', '474935164451946506', '938487470339801169', NULL),
('2023-09-18 22:07:46', 'PlaySound', '707479292644163604', '474935164451946506', '938487470339801169', NULL),
('2023-09-18 22:07:47', 'PlaySound', '707479292644163604', '474935164451946506', '938487470339801169', NULL),
('2023-09-18 22:07:48', 'PlaySound', '707479292644163604', '474935164451946506', '938487470339801169', NULL),
('2023-09-18 22:07:49', 'PlaySound', '707479292644163604', '474935164451946506', '938487470339801169', NULL),
('2023-09-18 22:07:50', 'PlaySound', '707479292644163604', '474935164451946506', '938487470339801169', NULL),
('2023-09-18 22:07:53', 'PlaySound', '707479292644163604', '474935164451946506', '938487470339801169', NULL),
('2023-09-18 22:07:54', 'PlaySound', '707479292644163604', '474935164451946506', '938487470339801169', NULL),
('2023-09-18 22:07:55', 'PlaySound', '707479292644163604', '474935164451946506', '938487470339801169', NULL),
('2023-09-18 22:07:56', 'PlaySound', '707479292644163604', '474935164451946506', '938487470339801169', NULL),
('2023-09-18 22:07:57', 'PlaySound', '707479292644163604', '474935164451946506', '938487470339801169', NULL),
('2023-09-18 22:07:58', 'PlaySound', '707479292644163604', '474935164451946506', '938487470339801169', NULL),
('2023-09-18 22:07:59', 'PlaySound', '707479292644163604', '474935164451946506', '938487470339801169', NULL),
('2023-09-18 22:08:10', 'PlaySound', '707479292644163604', '474935164451946506', '938487470339801169', NULL),
('2023-09-18 22:08:11', 'PlaySound', '707479292644163604', '474935164451946506', '938487470339801169', NULL),
('2023-09-18 22:08:12', 'PlaySound', '707479292644163604', '474935164451946506', '938487470339801169', NULL),
('2023-09-18 22:08:13', 'PlaySound', '707479292644163604', '474935164451946506', '938487470339801169', NULL),
('2023-09-18 22:08:14', 'PlaySound', '707479292644163604', '474935164451946506', '938487470339801169', NULL),
('2023-09-18 22:08:15', 'PlaySound', '707479292644163604', '474935164451946506', '938487470339801169', NULL),
('2023-09-18 22:08:16', 'PlaySound', '707479292644163604', '474935164451946506', '938487470339801169', NULL),
('2023-09-18 22:08:17', 'PlaySound', '707479292644163604', '474935164451946506', '938487470339801169', NULL),
('2023-09-18 22:08:19', 'PlaySound', '707479292644163604', '474935164451946506', '938487470339801169', NULL),
('2023-09-18 22:11:54', 'PlaySound', '707479292644163604', '474935164451946506', '938487470339801169', NULL),
('2023-09-18 22:12:14', 'TTS', '707479292644163604', '474935164451946506', '938487470339801169', NULL),
('2023-09-18 22:12:47', 'PlaySound', '707479292644163604', '474935164451946506', '938487470339801169', NULL),
('2023-09-19 22:40:55', 'Image', '440489230968553472', '474935164451946506', '938487470339801169', NULL),
('2023-09-19 22:41:08', 'Clear', '440489230968553472', '474935164451946506', '938487470339801169', NULL),
('2023-09-21 09:49:46', 'TTS', '707479292644163604', '474935164451946506', '938487470339801169', NULL),
('2023-09-21 10:07:17', 'TTS', '707479292644163604', '474935164451946506', '938487470339801169', NULL),
('2023-09-21 10:07:20', 'Stop', '440489230968553472', '474935164451946506', '938487470339801169', NULL),
('2023-09-21 10:07:54', 'TTS', '440489230968553472', '474935164451946506', '938487470339801169', NULL),
('2023-09-21 10:08:13', 'Stop', '440489230968553472', '474935164451946506', '938487470339801169', NULL),
('2023-09-21 10:08:47', 'TTS', '440489230968553472', '474935164451946506', '938487470339801169', NULL),
('2023-09-21 18:49:40', 'PlaySound', '417033314290106368', '943974473370062948', '938487470339801169', NULL),
('2023-09-21 18:50:42', 'PlaySound', '417033314290106368', '943974473370062948', '938487470339801169', NULL),
('2023-09-23 13:53:27', 'TTS', '440489230968553472', '474935164451946506', '938487470339801169', NULL),
('2023-09-23 13:53:52', 'TTS', '440489230968553472', '474935164451946506', '938487470339801169', NULL),
('2023-09-23 13:53:58', 'TTS', '383358222972616705', '474935164451946506', '938487470339801169', NULL),
('2023-09-23 13:54:02', 'TTS', '383358222972616705', '474935164451946506', '938487470339801169', NULL),
('2023-09-23 13:54:03', 'TTS', '440489230968553472', '474935164451946506', '938487470339801169', NULL),
('2023-09-23 13:54:09', 'TTS', '440489230968553472', '474935164451946506', '938487470339801169', NULL),
('2023-09-23 13:54:30', 'TTS', '440489230968553472', '474935164451946506', '938487470339801169', NULL),
('2023-09-23 13:54:43', 'TTS', '383358222972616705', '474935164451946506', '938487470339801169', NULL),
('2023-09-23 13:54:54', 'TTS', '440489230968553472', '474935164451946506', '938487470339801169', NULL),
('2023-09-23 13:55:09', 'TTS', '440489230968553472', '474935164451946506', '938487470339801169', NULL),
('2023-09-23 13:55:13', 'TTS', '383358222972616705', '474935164451946506', '938487470339801169', NULL),
('2023-09-23 13:55:25', 'TTS', '440489230968553472', '474935164451946506', '938487470339801169', NULL),
('2023-09-23 13:55:28', 'TTS', '383358222972616705', '474935164451946506', '938487470339801169', NULL),
('2023-09-23 13:55:38', 'TTS', '383358222972616705', '474935164451946506', '938487470339801169', NULL),
('2023-09-23 13:56:08', 'TTS', '383358222972616705', '474935164451946506', '938487470339801169', NULL),
('2023-09-23 13:56:12', 'TTS', '383358222972616705', '474935164451946506', '938487470339801169', NULL),
('2023-09-23 13:56:16', 'TTS', '383358222972616705', '474935164451946506', '938487470339801169', NULL),
('2023-09-23 13:56:19', 'TTS', '383358222972616705', '474935164451946506', '938487470339801169', NULL),
('2023-09-23 13:56:20', 'TTS', '440489230968553472', '474935164451946506', '938487470339801169', NULL),
('2023-09-23 13:56:25', 'TTS', '383358222972616705', '474935164451946506', '938487470339801169', NULL),
('2023-09-23 13:56:29', 'PlaySound', '383358222972616705', '474935164451946506', '938487470339801169', NULL),
('2023-09-23 13:56:29', 'TTS', '440489230968553472', '474935164451946506', '938487470339801169', NULL),
('2023-09-23 13:56:33', 'PlaySound', '383358222972616705', '474935164451946506', '938487470339801169', NULL),
('2023-09-23 13:56:34', 'Stop', '440489230968553472', '474935164451946506', '938487470339801169', NULL),
('2023-09-23 13:56:40', 'PlaySound', '383358222972616705', '474935164451946506', '938487470339801169', NULL),
('2023-09-23 13:56:41', 'Stop', '440489230968553472', '474935164451946506', '938487470339801169', NULL),
('2023-09-23 13:56:50', 'PlaySound', '383358222972616705', '474935164451946506', '938487470339801169', NULL),
('2023-09-23 13:56:53', 'Stop', '440489230968553472', '474935164451946506', '938487470339801169', NULL),
('2023-09-23 13:56:54', 'Stop', '440489230968553472', '474935164451946506', '938487470339801169', NULL),
('2023-09-23 13:56:55', 'Stop', '440489230968553472', '474935164451946506', '938487470339801169', NULL),
('2023-09-23 13:56:56', 'Stop', '440489230968553472', '474935164451946506', '938487470339801169', NULL),
('2023-09-23 13:56:57', 'Stop', '440489230968553472', '474935164451946506', '938487470339801169', NULL),
('2023-09-23 13:57:00', 'Stop', '440489230968553472', '474935164451946506', '938487470339801169', NULL),
('2023-09-23 13:57:05', 'Stop', '440489230968553472', '474935164451946506', '938487470339801169', NULL),
('2023-09-23 13:57:08', 'Stop', '440489230968553472', '474935164451946506', '938487470339801169', NULL),
('2023-09-23 13:57:09', 'Stop', '440489230968553472', '474935164451946506', '938487470339801169', NULL),
('2023-09-23 13:57:10', 'Stop', '440489230968553472', '474935164451946506', '938487470339801169', NULL),
('2023-09-23 13:57:11', 'Stop', '440489230968553472', '474935164451946506', '938487470339801169', NULL),
('2023-09-23 13:57:26', 'Stop', '440489230968553472', '474935164451946506', '938487470339801169', NULL),
('2023-09-23 13:57:41', 'RandomMove', '383358222972616705', '474935164451946506', '938487470339801169', NULL),
('2023-09-23 13:58:45', 'TTS', '440489230968553472', '474935164451946506', '938487470339801169', NULL),
('2023-09-23 13:58:54', 'TTS', '383358222972616705', '474935164451946506', '938487470339801169', NULL),
('2023-09-23 14:00:08', 'Ban', '383358222972616705', '474935164451946506', '938487470339801169', NULL),
('2023-09-23 14:00:37', 'Jelly', '440489230968553472', '474935164451946506', '938487470339801169', NULL),
('2023-09-23 16:27:38', 'rewardsSlash', '440489230968553472', '474935164451946506', '939876818465488926', NULL),
('2023-09-23 16:28:59', 'rewardsSlash', '440489230968553472', '474935164451946506', '939876818465488926', NULL),
('2023-09-23 16:30:53', 'rewardsSlash', '440489230968553472', '474935164451946506', '939876818465488926', NULL),
('2023-09-23 20:09:59', 'PlayYoutube', '440489230968553472', '474935164451946506', '938487470339801169', NULL),
('2023-09-23 20:10:05', 'PlaySound', '383358222972616705', '474935164451946506', '938487470339801169', NULL),
('2023-09-23 20:10:06', 'Stop', '383358222972616705', '474935164451946506', '938487470339801169', NULL),
('2023-09-23 20:10:55', 'PlaySound', '383358222972616705', '474935164451946506', '938487470339801169', NULL),
('2023-09-23 20:10:59', 'Stop', '440489230968553472', '474935164451946506', '938487470339801169', NULL),
('2023-09-23 20:24:01', 'PlayYoutube', '440489230968553472', '474935164451946506', '938487470339801169', NULL),
('2023-09-23 20:26:37', 'PlayYoutube', '440489230968553472', '474935164451946506', '938487470339801169', NULL),
('2023-09-23 22:51:38', 'championSlash', '440489230968553472', '474935164451946506', '938487470339801169', NULL),
('2023-09-23 23:06:00', 'championSlash', '440489230968553472', '474935164451946506', '938487470339801169', NULL);
INSERT IGNORE INTO `command` (`time`, `name`, `user_id`, `guild_id`, `bot_id`, `args`) VALUES
('2023-09-23 23:48:53', 'PlayYoutube', '440489230968553472', '474935164451946506', '938487470339801169', NULL),
('2023-09-23 23:49:00', 'Stop', '440489230968553472', '474935164451946506', '938487470339801169', NULL),
('2023-09-23 23:49:56', 'PlayYoutube', '440489230968553472', '474935164451946506', '938487470339801169', NULL),
('2023-09-23 23:54:43', 'PlayYoutube', '440489230968553472', '474935164451946506', '938487470339801169', NULL),
('2023-09-23 23:54:55', 'Clear', '440489230968553472', '474935164451946506', '938487470339801169', NULL),
('2023-09-23 23:56:07', 'PlayYoutube', '440489230968553472', '474935164451946506', '938487470339801169', NULL),
('2023-09-23 23:56:10', 'Clear', '440489230968553472', '474935164451946506', '938487470339801169', NULL),
('2023-09-24 13:32:09', 'championSlash', '440489230968553472', '474935164451946506', '938487470339801169', NULL),
('2023-09-24 13:53:34', 'helpSlash', '754315956985266186', '518108973824475136', '938487470339801169', NULL),
('2023-09-24 13:54:07', 'playSlash', '754315956985266186', '518108973824475136', '938487470339801169', NULL),
('2023-09-24 13:55:50', 'playSlash', '754315956985266186', '518108973824475136', '938487470339801169', NULL),
('2023-09-24 13:56:23', 'stopSlash', '754315956985266186', '518108973824475136', '938487470339801169', NULL),
('2023-09-24 13:56:27', 'stopSlash', '754315956985266186', '518108973824475136', '938487470339801169', NULL),
('2023-09-24 13:57:24', 'playSlash', '754315956985266186', '518108973824475136', '938487470339801169', NULL),
('2023-09-24 14:03:35', 'championSlash', '440489230968553472', '474935164451946506', '938487470339801169', NULL),
('2023-09-24 14:05:33', 'gamerankSlash', '383358222972616705', '474935164451946506', '938487470339801169', NULL),
('2023-09-24 14:05:46', 'gamerankSlash', '383358222972616705', '474935164451946506', '938487470339801169', NULL),
('2023-09-24 14:06:05', 'gamerankSlash', '383358222972616705', '474935164451946506', '938487470339801169', NULL),
('2023-09-24 14:06:27', 'gamerankSlash', '383358222972616705', '474935164451946506', '938487470339801169', NULL),
('2023-09-24 14:06:56', 'gamerankSlash', '383358222972616705', '474935164451946506', '938487470339801169', NULL),
('2023-09-24 14:07:04', 'gamerankSlash', '707479292644163604', '474935164451946506', '938487470339801169', NULL),
('2023-09-24 14:16:13', 'gamerankSlash', '383358222972616705', '474935164451946506', '938487470339801169', NULL),
('2023-09-24 14:34:26', 'Summoner', '383358222972616705', '474935164451946506', '938487470339801169', NULL),
('2023-09-24 14:34:44', 'gamerankSlash', '440489230968553472', '474935164451946506', '938487470339801169', NULL),
('2023-09-24 15:49:41', 'TTS', '440489230968553472', '474935164451946506', '938487470339801169', NULL),
('2023-09-24 15:49:50', 'TTS', '440489230968553472', '474935164451946506', '938487470339801169', NULL),
('2023-09-24 15:49:56', 'TTS', '440489230968553472', '474935164451946506', '938487470339801169', NULL),
('2023-09-24 15:50:00', 'TTS', '440489230968553472', '474935164451946506', '938487470339801169', NULL),
('2023-09-24 15:50:06', 'TTS', '440489230968553472', '474935164451946506', '938487470339801169', NULL),
('2023-09-24 15:50:15', 'TTS', '440489230968553472', '474935164451946506', '938487470339801169', NULL),
('2023-09-24 15:50:21', 'TTS', '440489230968553472', '474935164451946506', '938487470339801169', NULL),
('2023-09-24 15:50:26', 'TTS', '440489230968553472', '474935164451946506', '938487470339801169', NULL),
('2023-09-24 15:50:31', 'TTS', '440489230968553472', '474935164451946506', '938487470339801169', NULL),
('2023-09-24 15:51:54', 'TTS', '440489230968553472', '474935164451946506', '938487470339801169', NULL),
('2023-09-24 15:52:18', 'TTS', '440489230968553472', '474935164451946506', '938487470339801169', NULL),
('2023-09-24 15:52:30', 'TTS', '440489230968553472', '474935164451946506', '938487470339801169', NULL),
('2023-09-24 15:52:35', 'TTS', '440489230968553472', '474935164451946506', '938487470339801169', NULL),
('2023-09-24 15:52:42', 'TTS', '440489230968553472', '474935164451946506', '938487470339801169', NULL),
('2023-09-24 16:46:10', 'PlayYoutube', '383358222972616705', '474935164451946506', '938487470339801169', NULL),
('2023-09-24 16:46:26', 'Stop', '440489230968553472', '474935164451946506', '938487470339801169', NULL),
('2023-09-24 17:50:54', 'PlaySound', '383358222972616705', '474935164451946506', '938487470339801169', NULL),
('2023-09-24 17:50:57', 'PlaySound', '383358222972616705', '474935164451946506', '938487470339801169', NULL),
('2023-09-24 18:22:11', 'PlayYoutube', '440489230968553472', '474935164451946506', '938487470339801169', NULL),
('2023-09-25 21:35:42', 'PlaySound', '417033314290106368', '943974473370062948', '938487470339801169', NULL),
('2023-09-26 14:13:31', 'PlaySound', '707479292644163604', '474935164451946506', '938487470339801169', NULL),
('2023-09-26 14:13:41', 'PlaySound', '707479292644163604', '474935164451946506', '938487470339801169', NULL),
('2023-09-28 10:57:14', 'Ping', '440489230968553472', '474935164451946506', '938487470339801169', NULL),
('2023-09-28 10:57:56', 'Clear', '440489230968553472', '474935164451946506', '938487470339801169', NULL),
('2023-09-28 21:47:33', 'Help', '440489230968553472', '876606568412639272', '938487470339801169', NULL),
('2023-09-28 21:47:37', 'Help', '440489230968553472', '876606568412639272', '938487470339801169', NULL),
('2023-09-28 21:48:11', 'helpSlash', '440489230968553472', '876606568412639272', '938487470339801169', NULL),
('2023-09-28 21:48:35', 'msgSlash', '440489230968553472', '876606568412639272', '938487470339801169', NULL),
('2023-09-28 21:49:20', 'msgSlash', '440489230968553472', '876606568412639272', '938487470339801169', NULL),
('2023-09-28 21:49:36', 'msgSlash', '440489230968553472', '876606568412639272', '938487470339801169', NULL),
('2023-09-29 16:26:30', 'Help', '383358222972616705', '474935164451946506', '938487470339801169', NULL),
('2023-09-29 20:07:00', 'Shutdown', '383358222972616705', '474935164451946506', '938487470339801169', NULL),
('2023-09-29 20:07:04', 'Shutdown', '383358222972616705', '474935164451946506', '938487470339801169', NULL),
('2023-09-29 20:07:09', 'Shutdown', '383358222972616705', '474935164451946506', '938487470339801169', NULL),
('2023-09-29 20:07:23', 'Shutdown', '383358222972616705', '474935164451946506', '938487470339801169', NULL),
('2023-09-29 20:34:55', 'TTS', '440489230968553472', '474935164451946506', '938487470339801169', NULL),
('2023-09-29 20:34:59', 'Clear', '440489230968553472', '474935164451946506', '938487470339801169', NULL),
('2023-09-29 20:35:15', 'PlaySound', '383358222972616705', '474935164451946506', '938487470339801169', NULL),
('2023-09-29 20:35:16', 'Stop', '383358222972616705', '474935164451946506', '938487470339801169', NULL),
('2023-09-29 21:30:38', 'PrintCache', '383358222972616705', '474935164451946506', '938487470339801169', NULL),
('2023-09-29 21:36:41', 'ListGuild', '383358222972616705', '474935164451946506', '938487470339801169', NULL),
('2023-09-29 21:40:41', 'Help', '440489230968553472', '474935164451946506', '938487470339801169', NULL),
('2023-09-29 21:44:39', 'ServerInfo', '383358222972616705', '474935164451946506', '938487470339801169', NULL),
('2023-09-29 21:49:52', 'PlaySound', '383358222972616705', '474935164451946506', '938487470339801169', NULL),
('2023-09-29 21:49:58', 'PlaySound', '383358222972616705', '474935164451946506', '938487470339801169', NULL),
('2023-09-30 00:20:23', 'PlayYoutube', '440489230968553472', '474935164451946506', '938487470339801169', NULL),
('2023-09-30 00:20:40', 'Clear', '440489230968553472', '474935164451946506', '938487470339801169', NULL),
('2023-09-30 00:20:56', 'Stop', '440489230968553472', '474935164451946506', '938487470339801169', NULL),
('2023-09-30 00:24:18', 'PlaySound', '383358222972616705', '474935164451946506', '938487470339801169', NULL),
('2023-09-30 00:25:43', 'Stop', '383358222972616705', '474935164451946506', '938487470339801169', NULL),
('2023-09-30 00:26:30', 'PlaySound', '383358222972616705', '474935164451946506', '938487470339801169', NULL),
('2023-09-30 00:27:03', 'uploadSlash', '383358222972616705', '474935164451946506', '938487470339801169', NULL),
('2023-09-30 00:27:05', 'PlaySound', '383358222972616705', '474935164451946506', '938487470339801169', NULL),
('2023-09-30 00:27:24', 'Stop', '440489230968553472', '474935164451946506', '938487470339801169', NULL),
('2023-09-30 00:31:26', 'uploadSlash', '383358222972616705', '474935164451946506', '938487470339801169', NULL),
('2023-09-30 00:31:35', 'PlaySound', '383358222972616705', '474935164451946506', '938487470339801169', NULL),
('2023-09-30 00:31:51', 'Stop', '383358222972616705', '474935164451946506', '938487470339801169', NULL),
('2023-09-30 00:32:54', 'PlaySound', '383358222972616705', '474935164451946506', '938487470339801169', NULL),
('2023-09-30 00:32:56', 'Stop', '383358222972616705', '474935164451946506', '938487470339801169', NULL),
('2023-09-30 00:33:40', 'PlaySound', '383358222972616705', '474935164451946506', '938487470339801169', NULL),
('2023-09-30 00:33:57', 'Stop', '383358222972616705', '474935164451946506', '938487470339801169', NULL),
('2023-09-30 00:42:08', 'PlaySound', '383358222972616705', '474935164451946506', '938487470339801169', NULL),
('2023-09-30 00:42:38', 'Stop', '383358222972616705', '474935164451946506', '938487470339801169', NULL),
('2023-09-30 01:19:29', 'ServerInfo', '383358222972616705', '474935164451946506', '938487470339801169', NULL),
('2023-09-30 01:23:39', 'msgSlash', '383358222972616705', '474935164451946506', '938487470339801169', NULL),
('2023-09-30 01:23:49', 'msgSlash', '440489230968553472', '474935164451946506', '938487470339801169', NULL),
('2023-09-30 01:25:03', 'bugsnotifierSlash', '383358222972616705', '474935164451946506', '938487470339801169', NULL),
('2023-09-30 01:25:23', 'Help', '440489230968553472', '474935164451946506', '938487470339801169', NULL),
('2023-09-30 01:25:40', 'bugsnotifierSlash', '383358222972616705', '474935164451946506', '938487470339801169', NULL),
('2023-09-30 10:22:31', 'Shutdown', '383358222972616705', '474935164451946506', '938487470339801169', NULL),
('2023-09-30 10:32:56', 'Restart', '383358222972616705', '474935164451946506', '983315338886279229', NULL),
('2023-09-30 10:33:08', 'List', '383358222972616705', '474935164451946506', '938487470339801169', NULL),
('2023-09-30 10:33:19', 'PlaySound', '383358222972616705', '474935164451946506', '938487470339801169', NULL),
('2023-09-30 10:33:44', 'PlaySound', '383358222972616705', '474935164451946506', '938487470339801169', NULL),
('2023-09-30 10:37:14', 'moveSlash', '383358222972616705', '474935164451946506', '938487470339801169', NULL),
('2023-09-30 10:44:28', 'List', '383358222972616705', '474935164451946506', '938487470339801169', ''),
('2023-09-30 10:44:53', 'soundboardSlash', '383358222972616705', '474935164451946506', '938487470339801169', '[OptionMapping[STRING](name=name, value=2)]'),
('2023-09-30 10:45:22', 'PlaySound', '383358222972616705', '474935164451946506', '938487470339801169', '194'),
('2023-09-30 10:48:38', 'championSlash', '440489230968553472', '474935164451946506', '938487470339801169', '[OptionMapping[STRING](name=champ, value=Samira), OptionMapping[STRING](name=lane, value=ADC)]'),
('2023-09-30 10:51:31', 'List', '383358222972616705', '474935164451946506', '938487470339801169', ''),
('2023-09-30 10:51:34', 'PlaySound', '383358222972616705', '474935164451946506', '938487470339801169', '197'),
('2023-09-30 10:51:39', 'PlaySound', '383358222972616705', '474935164451946506', '938487470339801169', '198'),
('2023-09-30 10:51:41', 'PlaySound', '383358222972616705', '474935164451946506', '938487470339801169', '199'),
('2023-09-30 10:51:43', 'PlaySound', '383358222972616705', '474935164451946506', '938487470339801169', '200'),
('2023-09-30 10:51:45', 'PlaySound', '383358222972616705', '474935164451946506', '938487470339801169', '201'),
('2023-09-30 10:51:46', 'Stop', '383358222972616705', '474935164451946506', '938487470339801169', ''),
('2023-09-30 11:02:45', 'PlaySound', '383358222972616705', '474935164451946506', '938487470339801169', 'citta di'),
('2023-09-30 11:06:17', 'PlayYoutube', '383358222972616705', '474935164451946506', '938487470339801169', '1v9 song'),
('2023-09-30 11:06:32', 'Stop', '383358222972616705', '474935164451946506', '938487470339801169', ''),
('2023-09-30 11:20:05', 'primeSlash', '291624587278417920', '474935164451946506', '938487470339801169', '[OptionMapping[INTEGER](name=value, value=1593)]'),
('2023-09-30 11:20:37', 'primeSlash', '440489230968553472', '474935164451946506', '938487470339801169', '[OptionMapping[INTEGER](name=value, value=2048)]'),
('2023-09-30 11:20:46', 'primeSlash', '440489230968553472', '474935164451946506', '938487470339801169', '[OptionMapping[INTEGER](name=value, value=2048)]'),
('2023-09-30 11:20:55', 'primeSlash', '440489230968553472', '474935164451946506', '938487470339801169', '[OptionMapping[INTEGER](name=value, value=2048)]'),
('2023-09-30 11:21:05', 'test', '440489230968553472', '474935164451946506', '938487470339801169', '12'),
('2023-09-30 11:21:15', 'primeSlash', '291624587278417920', '474935164451946506', '938487470339801169', '[OptionMapping[INTEGER](name=value, value=2048)]'),
('2023-09-30 11:21:18', 'test', '440489230968553472', '474935164451946506', '938487470339801169', '4096'),
('2023-09-30 11:22:57', 'Help', '383358222972616705', '474935164451946506', '938487470339801169', ''),
('2023-09-30 11:23:17', 'primeSlash', '383358222972616705', '474935164451946506', '983315338886279229', '[OptionMapping[INTEGER](name=value, value=10000)]'),
('2023-09-30 11:23:49', 'InfoMatches', '383358222972616705', '474935164451946506', '938487470339801169', 'vallozzo'),
('2023-09-30 11:28:52', 'championSlash', '383358222972616705', '474935164451946506', '938487470339801169', '[OptionMapping[STRING](name=champ, value=Morgana), OptionMapping[STRING](name=lane, value=JUNGLE)]'),
('2023-09-30 11:28:56', 'championSlash', '291624587278417920', '474935164451946506', '938487470339801169', '[OptionMapping[STRING](name=champ, value=Renekton), OptionMapping[STRING](name=lane, value=ADC)]'),
('2023-09-30 11:29:35', 'serverinfoSlash', '440489230968553472', '474935164451946506', '939876818465488926', '[OptionMapping[INTEGER](name=rolecharnumber, value=1)]'),
('2023-09-30 11:30:13', 'freechampSlash', '383358222972616705', '474935164451946506', '938487470339801169', '[]'),
('2023-09-30 11:30:14', 'helpSlash', '440489230968553472', '474935164451946506', '938487470339801169', '[]'),
('2023-09-30 11:30:34', 'Summoner', '383358222972616705', '474935164451946506', '938487470339801169', 'vallozzo'),
('2023-09-30 11:31:00', 'msgSlash', '440489230968553472', '474935164451946506', '939876818465488926', '[OptionMapping[USER](name=user, value=440489230968553472), OptionMapping[STRING](name=msg, value=<:skull:1027302319714484305>), OptionMapping[BOOLEAN](name=anonym, value=true)]'),
('2023-09-30 11:31:11', 'Help', '440489230968553472', '474935164451946506', '938487470339801169', ''),
('2023-09-30 11:31:15', 'helpSlash', '440489230968553472', '474935164451946506', '938487470339801169', '[]'),
('2023-09-30 11:31:17', 'Dice', '383358222972616705', '474935164451946506', '938487470339801169', '20d'),
('2023-09-30 11:31:24', 'Dice', '440489230968553472', '474935164451946506', '938487470339801169', '1d20'),
('2023-09-30 11:31:34', 'Dice', '440489230968553472', '474935164451946506', '938487470339801169', '2d20+3d2'),
('2023-09-30 11:31:42', 'Dice', '440489230968553472', '474935164451946506', '938487470339801169', '2d20'),
('2023-09-30 11:32:55', 'infomatchesSlash', '440489230968553472', '474935164451946506', '938487470339801169', '[OptionMapping[STRING](name=user, value=Leon4)]'),
('2023-09-30 11:33:14', 'lastmatchesSlash', '440489230968553472', '474935164451946506', '938487470339801169', '[OptionMapping[INTEGER](name=games, value=20)]'),
('2023-09-30 11:33:53', 'infomatchesSlash', '440489230968553472', '474935164451946506', '938487470339801169', '[]'),
('2023-09-30 11:34:11', 'gamerankSlash', '383358222972616705', '474935164451946506', '938487470339801169', '[]'),
('2023-09-30 11:34:18', 'gamerankSlash', '440489230968553472', '474935164451946506', '938487470339801169', '[]'),
('2023-09-30 11:39:51', 'championSlash', '440489230968553472', '474935164451946506', '938487470339801169', '[OptionMapping[STRING](name=champ, value=Blitzcrank), OptionMapping[STRING](name=lane, value=SUPPORT)]'),
('2023-09-30 12:37:58', 'PlaySound', '383358222972616705', '474935164451946506', '938487470339801169', 'pirupiru'),
('2023-09-30 12:38:11', 'PlaySound', '383358222972616705', '474935164451946506', '938487470339801169', 'piru'),
('2023-09-30 12:38:17', 'PlaySound', '383358222972616705', '474935164451946506', '938487470339801169', 'trisana'),
('2023-09-30 12:38:19', 'PlaySound', '383358222972616705', '474935164451946506', '938487470339801169', 'tristana'),
('2023-09-30 13:13:30', 'championSlash', '440489230968553472', '474935164451946506', '938487470339801169', '[OptionMapping[STRING](name=champ, value=Mordekaiser), OptionMapping[STRING](name=lane, value=ADC)]'),
('2023-09-30 13:47:37', 'championSlash', '440489230968553472', '474935164451946506', '938487470339801169', '[OptionMapping[STRING](name=champ, value=Yasuo), OptionMapping[STRING](name=lane, value=ADC)]'),
('2023-09-30 16:02:58', 'PlaySound', '383358222972616705', '474935164451946506', '938487470339801169', 'bongo'),
('2023-09-30 16:03:06', 'Stop', '383358222972616705', '474935164451946506', '938487470339801169', ''),
('2023-09-30 20:52:22', 'PlayYoutube', '440489230968553472', '474935164451946506', '938487470339801169', 'https://www.youtube.com/watch?v=MuzQPHcktQ4'),
('2023-09-30 20:53:22', 'PlayYoutube', '440489230968553472', '474935164451946506', '938487470339801169', 'https://www.youtube.com/watch?v=x4lU8HHz5II'),
('2023-09-30 20:54:15', 'PlayYoutube', '383358222972616705', '474935164451946506', '938487470339801169', 'https://www.youtube.com/watch?v=zSWtoOgm7Us&ab_channel=%EC%8B%A0%EB%AA%A9'),
('2023-09-30 20:54:49', 'PlayYoutube', '440489230968553472', '474935164451946506', '938487470339801169', 'https://www.youtube.com/watch?v=atNWemazQag'),
('2023-09-30 20:56:13', 'Stop', '440489230968553472', '474935164451946506', '938487470339801169', ''),
('2023-09-30 22:56:00', 'PlaySound', '383358222972616705', '474935164451946506', '938487470339801169', 'fart ex'),
('2023-10-01 16:53:11', 'moveSlash', '383358222972616705', '474935164451946506', '938487470339801169', '[OptionMapping[CHANNEL](name=room, value=691006700970311712), OptionMapping[CHANNEL](name=destroom, value=717461111963648082)]'),
('2023-10-01 16:55:40', 'championSlash', '440489230968553472', '474935164451946506', '938487470339801169', '[OptionMapping[STRING](name=champ, value=Mordekaiser), OptionMapping[STRING](name=lane, value=ADC)]'),
('2023-10-01 16:56:00', 'PlaySound', '383358222972616705', '474935164451946506', '938487470339801169', '1v9 song'),
('2023-10-01 16:56:04', 'PlayYoutube', '383358222972616705', '474935164451946506', '938487470339801169', '1vb9 song'),
('2023-10-01 16:56:12', 'PlayYoutube', '383358222972616705', '474935164451946506', '938487470339801169', '1v9 song'),
('2023-10-01 16:56:23', 'PlayYoutube', '440489230968553472', '474935164451946506', '938487470339801169', 'nokia 3310 ringtone'),
('2023-10-01 16:56:34', 'PlaySound', '383358222972616705', '474935164451946506', '938487470339801169', 'swampsong'),
('2023-10-01 16:56:37', 'PlaySound', '383358222972616705', '474935164451946506', '938487470339801169', 'chase'),
('2023-10-01 16:56:43', 'Stop', '440489230968553472', '474935164451946506', '938487470339801169', ''),
('2023-10-01 16:56:44', 'PlaySound', '383358222972616705', '474935164451946506', '938487470339801169', '201'),
('2023-10-01 16:56:46', 'Stop', '383358222972616705', '474935164451946506', '938487470339801169', ''),
('2023-10-01 16:56:52', 'Ping', '440489230968553472', '474935164451946506', '938487470339801169', ''),
('2023-10-01 16:56:53', 'Ping', '383358222972616705', '474935164451946506', '938487470339801169', ''),
('2023-10-01 19:32:43', 'championSlash', '440489230968553472', '474935164451946506', '938487470339801169', '[OptionMapping[STRING](name=champ, value=Nasus), OptionMapping[STRING](name=lane, value=ADC)]'),
('2023-10-01 19:35:14', 'Shutdown', '440489230968553472', '474935164451946506', '938487470339801169', 'league of legends serverts'),
('2023-10-01 20:08:51', 'List', '440489230968553472', '474935164451946506', '938487470339801169', ''),
('2023-10-01 20:08:55', 'PlaySound', '440489230968553472', '474935164451946506', '938487470339801169', 'parchetto'),
('2023-10-01 20:11:46', 'PlaySound', '383358222972616705', '474935164451946506', '938487470339801169', 'non ce la faccio piu'),
('2023-10-01 20:11:50', 'PlaySound', '383358222972616705', '474935164451946506', '938487470339801169', 'non ce la faccio pi'),
('2023-10-01 20:11:53', 'List', '383358222972616705', '474935164451946506', '938487470339801169', ''),
('2023-10-01 20:12:04', 'PlaySound', '383358222972616705', '474935164451946506', '938487470339801169', '153'),
('2023-10-01 20:15:31', 'PlaySound', '383358222972616705', '474935164451946506', '938487470339801169', 'citta di'),
('2023-10-01 20:19:52', 'GameRank', '383358222972616705', '474935164451946506', '938487470339801169', 'sunyxz'),
('2023-10-01 20:51:50', 'ServerInfo', '383358222972616705', '474935164451946506', '938487470339801169', '726201794031779852'),
('2023-10-01 20:52:14', 'ListGuild', '383358222972616705', '474935164451946506', '938487470339801169', ''),
('2023-10-01 20:58:40', 'Summoner', '383358222972616705', '474935164451946506', '938487470339801169', 'shurimanpirlo****'),
('2023-10-01 20:58:42', 'Summoner', '383358222972616705', '474935164451946506', '938487470339801169', 'shurimanpirlo'),
('2023-10-01 21:56:29', 'championSlash', '383358222972616705', '474935164451946506', '938487470339801169', '[OptionMapping[STRING](name=champ, value=Kindred), OptionMapping[STRING](name=lane, value=JUNGLE)]'),
('2023-10-01 22:04:33', 'championSlash', '440489230968553472', '474935164451946506', '938487470339801169', '[OptionMapping[STRING](name=champ, value=Aphelios), OptionMapping[STRING](name=lane, value=ADC)]'),
('2023-10-01 22:08:00', 'championSlash', '440489230968553472', '474935164451946506', '938487470339801169', '[OptionMapping[STRING](name=champ, value=Yasuo), OptionMapping[STRING](name=lane, value=ADC)]'),
('2023-10-02 11:30:28', 'blacklistSlash', '383358222972616705', '474935164451946506', '939876818465488926', '[OptionMapping[INTEGER](name=threshold, value=3), OptionMapping[CHANNEL](name=channel, value=1113453933508169728)]'),
('2023-10-02 12:44:48', 'Clear', '440489230968553472', '474935164451946506', '938487470339801169', '2'),
('2023-10-02 13:13:54', 'List', '383358222972616705', '474935164451946506', '938487470339801169', ''),
('2023-10-02 13:15:17', 'PrintCache', '383358222972616705', '474935164451946506', '938487470339801169', ''),
('2023-10-02 14:20:56', 'uploadSlash', '383358222972616705', '474935164451946506', '938487470339801169', '[OptionMapping[STRING](name=name, value=eightynine), OptionMapping[ATTACHMENT](name=file, value=1158393180182556773)]'),
('2023-10-02 14:22:19', 'uploadSlash', '383358222972616705', '474935164451946506', '938487470339801169', '[OptionMapping[STRING](name=name, value=eitinain), OptionMapping[ATTACHMENT](name=file, value=1158393529068966008)]'),
('2023-10-02 14:28:18', 'PlaySound', '440489230968553472', '474935164451946506', '938487470339801169', '202'),
('2023-10-02 14:28:22', 'PlaySound', '440489230968553472', '474935164451946506', '938487470339801169', '203'),
('2023-10-02 14:28:30', 'PlaySound', '440489230968553472', '474935164451946506', '938487470339801169', '201'),
('2023-10-02 14:28:34', 'Stop', '440489230968553472', '474935164451946506', '938487470339801169', ''),
('2023-10-02 14:28:35', 'Clear', '440489230968553472', '474935164451946506', '938487470339801169', '2'),
('2023-10-02 14:28:38', 'Clear', '440489230968553472', '474935164451946506', '938487470339801169', '2]'),
('2023-10-02 14:28:40', 'Clear', '440489230968553472', '474935164451946506', '938487470339801169', '3'),
('2023-10-02 14:28:44', 'Clear', '440489230968553472', '474935164451946506', '938487470339801169', '1'),
('2023-10-03 11:44:56', 'playSlash', '586507253767471114', '697504135309820025', '938487470339801169', '[OptionMapping[STRING](name=video, value=https://www.youtube.com/watch?v=3JFmCoJYyhQ&pp=ygUObGVvbiBmYXVuIGdhaWE%3D)]'),
('2023-10-03 15:15:22', 'PlaySound', '440489230968553472', '474935164451946506', '938487470339801169', '202'),
('2023-10-03 15:15:25', 'Stop', '440489230968553472', '474935164451946506', '938487470339801169', ''),
('2023-10-03 16:37:25', 'playSlash', '754315956985266186', '518108973824475136', '938487470339801169', '[OptionMapping[STRING](name=video, value=Cazzi freestyle)]'),
('2023-10-03 16:37:38', 'stopSlash', '754315956985266186', '518108973824475136', '938487470339801169', '[]'),
('2023-10-03 16:37:49', 'playSlash', '754315956985266186', '518108973824475136', '938487470339801169', '[OptionMapping[STRING](name=video, value=cazzi freestyle)]'),
('2023-10-03 16:38:28', 'playSlash', '291624587278417920', '518108973824475136', '938487470339801169', '[OptionMapping[STRING](name=video, value=cazzi freestyle)]'),
('2023-10-03 16:39:08', 'disconnectSlash', '291624587278417920', '518108973824475136', '938487470339801169', '[]'),
('2023-10-03 16:39:12', 'playSlash', '754315956985266186', '518108973824475136', '938487470339801169', '[OptionMapping[STRING](name=video, value=cazzi freestyle)]'),
('2023-10-03 17:30:59', 'PlaySound', '440489230968553472', '474935164451946506', '938487470339801169', 'parchetto'),
('2023-10-03 17:31:01', 'Stop', '440489230968553472', '474935164451946506', '938487470339801169', ''),
('2023-10-03 17:31:10', 'PlaySound', '440489230968553472', '474935164451946506', '938487470339801169', 'non ce la faccio qiu'),
('2023-10-03 17:31:19', 'PlaySound', '440489230968553472', '474935164451946506', '938487470339801169', 'non ce la faccio chiu'),
('2023-10-03 17:38:47', 'PlaySound', '383358222972616705', '474935164451946506', '938487470339801169', 'parchetto'),
('2023-10-03 18:57:59', 'PlaySound', '383358222972616705', '474935164451946506', '938487470339801169', '203'),
('2023-10-03 18:58:04', 'PlaySound', '383358222972616705', '474935164451946506', '938487470339801169', '202'),
('2023-10-03 18:58:37', 'PlaySound', '440489230968553472', '474935164451946506', '938487470339801169', '203'),
('2023-10-03 18:58:40', 'Stop', '440489230968553472', '474935164451946506', '938487470339801169', ''),
('2023-10-03 19:07:23', 'PlaySound', '383358222972616705', '474935164451946506', '938487470339801169', '195'),
('2023-10-03 19:07:27', 'PlaySound', '383358222972616705', '474935164451946506', '938487470339801169', '196'),
('2023-10-03 19:07:29', 'PlaySound', '383358222972616705', '474935164451946506', '938487470339801169', '197'),
('2023-10-03 19:07:32', 'PlaySound', '383358222972616705', '474935164451946506', '938487470339801169', '198'),
('2023-10-03 19:07:34', 'PlaySound', '383358222972616705', '474935164451946506', '938487470339801169', '199'),
('2023-10-03 19:07:37', 'PlaySound', '383358222972616705', '474935164451946506', '938487470339801169', 'sot'),
('2023-10-03 19:07:37', 'Stop', '383358222972616705', '474935164451946506', '938487470339801169', ''),
('2023-10-03 20:07:53', 'ServerInfo', '383358222972616705', '474935164451946506', '938487470339801169', '518108973824475136****'),
('2023-10-03 20:07:57', 'ServerInfo', '383358222972616705', '474935164451946506', '938487470339801169', '518108973824475136'),
('2023-10-03 20:08:22', 'PlayYoutube', '383358222972616705', '474935164451946506', '938487470339801169', 'cazzi freestyle'),
('2023-10-03 20:08:35', 'Summoner', '383358222972616705', '474935164451946506', '938487470339801169', ''),
('2023-10-03 20:08:58', 'PlayYoutube', '383358222972616705', '474935164451946506', '938487470339801169', 'cazzi freestyle'),
('2023-10-03 20:09:13', 'PlayYoutube', '383358222972616705', '474935164451946506', '938487470339801169', '1v9 sonmg'),
('2023-10-03 20:09:28', 'PlayYoutube', '440489230968553472', '474935164451946506', '938487470339801169', 'cazzi freestyle'),
('2023-10-03 20:09:29', 'Stop', '383358222972616705', '474935164451946506', '938487470339801169', ''),
('2023-10-03 20:10:06', 'MemberInfo', '383358222972616705', '474935164451946506', '938487470339801169', '754315956985266186'),
('2023-10-03 20:38:42', 'MemberInfo', '383358222972616705', '474935164451946506', '938487470339801169', '234670519272734721'),
('2023-10-03 20:40:27', 'MemberInfo', '383358222972616705', '474935164451946506', '938487470339801169', '291624587278417920'),
('2023-10-03 20:43:51', 'ListGuild', '383358222972616705', '474935164451946506', '938487470339801169', ''),
('2023-10-03 20:44:23', 'Query', '383358222972616705', '474935164451946506', '938487470339801169', 'select * from command_analytic where user_id != 440489230968553472 and user_id != 383358222972616705 and guild_id != 474935164451946506 and guild_id != 608967318789160970 and guild_id != 876606568412639272'),
('2023-10-03 20:47:18', 'Query', '383358222972616705', '474935164451946506', '938487470339801169', 'select  count(time) from command_analytic where user_id != 440489230968553472 and user_id != 383358222972616705 and guild_id != 474935164451946506 and guild_id != 608967318789160970 and guild_id != 876606568412639272'),
('2023-10-03 20:47:36', 'Query', '383358222972616705', '474935164451946506', '938487470339801169', 'select * from command_analytic'),
('2023-10-03 20:47:47', 'Query', '383358222972616705', '474935164451946506', '938487470339801169', 'select  count(time) from command_analytic'),
('2023-10-03 21:21:16', 'PlaySound', '383358222972616705', '474935164451946506', '938487470339801169', '192'),
('2023-10-03 21:21:21', 'PlaySound', '383358222972616705', '474935164451946506', '938487470339801169', '193'),
('2023-10-03 21:21:22', 'Stop', '383358222972616705', '474935164451946506', '938487470339801169', ''),
('2023-10-03 21:30:30', 'PlayYoutube', '440489230968553472', '474935164451946506', '938487470339801169', 'asdasdasdasdafasa'),
('2023-10-03 21:32:43', 'PlayYoutube', '440489230968553472', '474935164451946506', '938487470339801169', 'adasdasasdasasadasdasdasd'),
('2023-10-03 21:33:03', 'PlayYoutube', '440489230968553472', '474935164451946506', '938487470339801169', 'cazzi freestyle'),
('2023-10-03 21:37:22', 'PlayYoutube', '440489230968553472', '474935164451946506', '938487470339801169', '1v9'),
('2023-10-03 21:37:29', 'PlayYoutube', '440489230968553472', '474935164451946506', '938487470339801169', '1v9 song'),
('2023-10-03 21:37:34', 'PlayYoutube', '440489230968553472', '474935164451946506', '938487470339801169', '1v9 song'),
('2023-10-03 21:37:43', 'PlayYoutube', '440489230968553472', '474935164451946506', '938487470339801169', '1v9 song'),
('2023-10-03 21:37:48', 'PlayYoutube', '440489230968553472', '474935164451946506', '938487470339801169', '1v9 song'),
('2023-10-03 21:37:56', 'Stop', '383358222972616705', '474935164451946506', '938487470339801169', ''),
('2023-10-03 21:37:57', 'PlayYoutube', '440489230968553472', '474935164451946506', '938487470339801169', '1v9 song'),
('2023-10-03 21:38:01', 'Stop', '440489230968553472', '474935164451946506', '938487470339801169', ''),
('2023-10-03 21:39:46', 'PlayYoutube', '383358222972616705', '474935164451946506', '938487470339801169', '1v9 song'),
('2023-10-03 21:39:50', 'Stop', '383358222972616705', '474935164451946506', '938487470339801169', ''),
('2023-10-03 21:41:35', 'PlayYoutube', '440489230968553472', '474935164451946506', '938487470339801169', '1v9 song'),
('2023-10-03 21:41:41', 'Stop', '440489230968553472', '474935164451946506', '938487470339801169', ''),
('2023-10-03 21:44:21', 'uploadSlash', '383358222972616705', '474935164451946506', '938487470339801169', '[OptionMapping[STRING](name=name, value=1v9 song), OptionMapping[ATTACHMENT](name=file, value=1158867148307972126)]'),
('2023-10-03 21:44:24', 'PlaySound', '383358222972616705', '474935164451946506', '938487470339801169', '1v9 song'),
('2023-10-03 21:44:29', 'Stop', '440489230968553472', '474935164451946506', '938487470339801169', ''),
('2023-10-03 21:44:36', 'PlaySound', '383358222972616705', '474935164451946506', '938487470339801169', '1v9 song'),
('2023-10-03 21:44:38', 'PlaySound', '383358222972616705', '474935164451946506', '938487470339801169', '1v9 song'),
('2023-10-03 21:44:39', 'PlaySound', '383358222972616705', '474935164451946506', '938487470339801169', '1v9 song'),
('2023-10-03 21:44:40', 'PlaySound', '383358222972616705', '474935164451946506', '938487470339801169', '1v9 song'),
('2023-10-03 21:44:44', 'Stop', '383358222972616705', '474935164451946506', '938487470339801169', ''),
('2023-10-03 22:05:17', 'PlayYoutube', '440489230968553472', '474935164451946506', '938487470339801169', 'https://www.youtube.com/watch?v=d5qpuIy1GF0'),
('2023-10-03 22:05:48', 'Clear', '440489230968553472', '474935164451946506', '938487470339801169', '2'),
('2023-10-03 22:06:52', 'Stop', '440489230968553472', '474935164451946506', '938487470339801169', ''),
('2023-10-03 22:14:21', 'PlaySound', '383358222972616705', '474935164451946506', '938487470339801169', 'non ce la faccio chiu'),
('2023-10-03 22:15:07', 'Stop', '383358222972616705', '474935164451946506', '938487470339801169', ''),
('2023-10-03 22:16:58', 'TTS', '440489230968553472', '474935164451946506', '938487470339801169', 'ma quanto cazzo fa cip cip sto bot'),
('2023-10-03 22:20:43', 'PlayYoutube', '440489230968553472', '474935164451946506', '938487470339801169', 'https://www.youtube.com/watch?v=fYH8eSiOf5I'),
('2023-10-03 22:29:58', 'Stop', '440489230968553472', '474935164451946506', '938487470339801169', ''),
('2023-10-03 22:36:39', 'Stop', '383358222972616705', '474935164451946506', '938487470339801169', ''),
('2023-10-03 22:37:10', 'Stop', '383358222972616705', '474935164451946506', '938487470339801169', ''),
('2023-10-03 22:37:56', 'Stop', '440489230968553472', '474935164451946506', '938487470339801169', ''),
('2023-10-03 22:48:37', 'championSlash', '440489230968553472', '474935164451946506', '938487470339801169', '[OptionMapping[STRING](name=champ, value=Xerath), OptionMapping[STRING](name=lane, value=ADC)]'),
('2023-10-03 23:32:00', 'playSlash', '383358222972616705', '474935164451946506', '939876818465488926', '[OptionMapping[STRING](name=video, value=cazzi freestyle)]'),
('2023-10-03 23:51:03', 'championSlash', '440489230968553472', '474935164451946506', '938487470339801169', '[OptionMapping[STRING](name=champ, value=pyke), OptionMapping[STRING](name=lane, value=ADC)]'),
('2023-10-03 23:52:44', 'championSlash', '440489230968553472', '474935164451946506', '938487470339801169', '[OptionMapping[STRING](name=champ, value=Pyke), OptionMapping[STRING](name=lane, value=SUPPORT)]'),
('2023-10-04 10:25:43', 'List', '440489230968553472', '474935164451946506', '938487470339801169', ''),
('2023-10-04 10:26:44', 'soundboardSlash', '383358222972616705', '474935164451946506', '938487470339801169', '[OptionMapping[STRING](name=name, value=3)]'),
('2023-10-04 10:31:34', 'Stop', '383358222972616705', '474935164451946506', '938487470339801169', ''),
('2023-10-04 11:38:30', 'PlaySound', '383358222972616705', '474935164451946506', '938487470339801169', '202'),
('2023-10-04 11:38:37', 'PlaySound', '383358222972616705', '474935164451946506', '938487470339801169', '203'),
('2023-10-04 11:38:46', 'soundboardSlash', '383358222972616705', '474935164451946506', '938487470339801169', '[OptionMapping[STRING](name=name, value=7)]'),
('2023-10-04 13:26:15', 'PlayYoutube', '383358222972616705', '474935164451946506', '938487470339801169', 'https://www.youtube.com/watch?v=mOXginnvZ4A&list=PLbb_NncyMIqtQQkM41Ejyw3Wi9fRSgD6a&index=2&ab_channel=KevinMacLeodArchive'),
('2023-10-04 13:52:45', 'uploadSlash', '440489230968553472', '474935164451946506', '938487470339801169', '[OptionMapping[STRING](name=name, value=pantegana), OptionMapping[ATTACHMENT](name=file, value=1159110861512777768)]'),
('2023-10-04 13:52:49', 'PlaySound', '440489230968553472', '474935164451946506', '938487470339801169', 'pantegana'),
('2023-10-04 13:53:47', 'PlayYoutube', '383358222972616705', '474935164451946506', '938487470339801169', 'https://www.youtube.com/watch?v=rWqbZ3myG9U&ab_channel=NoCommonSense'),
('2023-10-04 13:54:09', 'Stop', '440489230968553472', '474935164451946506', '938487470339801169', ''),
('2023-10-04 14:36:45', 'PlaySound', '383358222972616705', '474935164451946506', '938487470339801169', '204'),
('2023-10-04 14:36:48', 'PlaySound', '383358222972616705', '474935164451946506', '938487470339801169', '2015'),
('2023-10-04 14:36:50', 'PlaySound', '383358222972616705', '474935164451946506', '938487470339801169', '205'),
('2023-10-04 14:53:14', 'TTS', '440489230968553472', '474935164451946506', '938487470339801169', 'para a clementino in coppa a stu rep frat'),
('2023-10-04 14:56:01', 'championSlash', '440489230968553472', '474935164451946506', '938487470339801169', '[OptionMapping[STRING](name=champ, value=blitz), OptionMapping[STRING](name=lane, value=SUPPORT)]'),
('2023-10-04 15:04:44', 'TTS', '440489230968553472', '474935164451946506', '938487470339801169', 'a bucchin'),
('2023-10-05 17:55:15', 'PlaySound', '707479292644163604', '474935164451946506', '938487470339801169', '195'),
('2023-10-05 17:55:30', 'PlaySound', '707479292644163604', '474935164451946506', '938487470339801169', '152'),
('2023-10-05 17:55:45', 'PlayYoutube', '440489230968553472', '474935164451946506', '938487470339801169', 'https://www.youtube.com/watch?v=PcQfjN1XjVI'),
('2023-10-05 17:56:27', 'Stop', '440489230968553472', '474935164451946506', '938487470339801169', ''),
('2023-10-05 17:56:39', 'PlaySound', '440489230968553472', '474935164451946506', '938487470339801169', '204'),
('2023-10-05 17:56:53', 'Stop', '440489230968553472', '474935164451946506', '938487470339801169', ''),
('2023-10-05 17:57:00', 'PlaySound', '440489230968553472', '474935164451946506', '938487470339801169', '204'),
('2023-10-05 17:57:05', 'PlaySound', '440489230968553472', '474935164451946506', '938487470339801169', '205'),
('2023-10-05 17:57:18', 'Clear', '440489230968553472', '474935164451946506', '938487470339801169', '2'),
('2023-10-05 17:59:53', 'PlaySound', '440489230968553472', '474935164451946506', '938487470339801169', '203'),
('2023-10-05 18:00:10', 'PlayYoutube', '440489230968553472', '474935164451946506', '938487470339801169', 'cazzi freestyle'),
('2023-10-05 18:00:59', 'PlayYoutube', '707479292644163604', '474935164451946506', '938487470339801169', 'https://youtu.be/IvgY4QSIjY8?si=kIUZEj27JbI__EAt'),
('2023-10-05 18:02:37', 'Stop', '440489230968553472', '474935164451946506', '938487470339801169', ''),
('2023-10-05 18:02:45', 'PlayYoutube', '440489230968553472', '474935164451946506', '938487470339801169', 'cazzi freestyle'),
('2023-10-05 18:03:02', 'PlayYoutube', '707479292644163604', '474935164451946506', '938487470339801169', 'https://youtu.be/tQ5kmBZI-Cc?si=2egikTfMeBRv7jCB'),
('2023-10-05 18:04:48', 'Stop', '440489230968553472', '474935164451946506', '938487470339801169', ''),
('2023-10-05 18:05:59', 'PlayYoutube', '440489230968553472', '474935164451946506', '938487470339801169', 'oidozir'),
('2023-10-05 18:06:07', 'PlayYoutube', '440489230968553472', '474935164451946506', '938487470339801169', 'maaaaaaaaaadoooooooonnnnnnna'),
('2023-10-05 18:06:13', 'PlayYoutube', '440489230968553472', '474935164451946506', '938487470339801169', 'mortacci stracci'),
('2023-10-05 19:57:52', 'RandomMove', '383358222972616705', '474935164451946506', '938487470339801169', '10 <@707479292644163604>'),
('2023-10-05 19:58:07', 'RandomMove', '383358222972616705', '474935164451946506', '938487470339801169', '<@707479292644163604> 10'),
('2023-10-05 19:59:36', 'PlaySound', '707479292644163604', '474935164451946506', '938487470339801169', '203'),
('2023-10-05 19:59:45', 'PlaySound', '707479292644163604', '474935164451946506', '938487470339801169', '203'),
('2023-10-05 20:10:05', 'PlaySound', '383358222972616705', '474935164451946506', '938487470339801169', '204'),
('2023-10-05 20:10:07', 'Stop', '383358222972616705', '474935164451946506', '938487470339801169', ''),
('2023-10-05 20:10:09', 'PlaySound', '383358222972616705', '474935164451946506', '938487470339801169', '205'),
('2023-10-05 20:10:21', 'TTS', '440489230968553472', '474935164451946506', '938487470339801169', 'la pantegana'),
('2023-10-05 20:10:35', 'TTS', '440489230968553472', '474935164451946506', '938487470339801169', 'ma quindi satis o bebo?'),
('2023-10-05 20:10:47', 'TTS', '440489230968553472', '474935164451946506', '938487470339801169', 'so?'),
('2023-10-05 20:10:56', 'TTS', '383358222972616705', '474935164451946506', '983315338886279229', 'let me think'),
('2023-10-05 20:10:59', 'TTS', '440489230968553472', '474935164451946506', '938487470339801169', 'de ansuer is?'),
('2023-10-05 20:11:13', 'TTS', '383358222972616705', '474935164451946506', '983315338886279229', 'ai don no'),
('2023-10-05 20:11:28', 'TTS', '383358222972616705', '474935164451946506', '983315338886279229', 'ai vuos tinching about satis'),
('2023-10-05 20:11:45', 'TTS', '383358222972616705', '474935164451946506', '983315338886279229', 'oor we could play'),
('2023-10-05 20:11:53', 'PlaySound', '383358222972616705', '474935164451946506', '983315338886279229', '204'),
('2023-10-05 20:11:57', 'TTS', '440489230968553472', '474935164451946506', '938487470339801169', 'satis is ok'),
('2023-10-05 20:37:48', 'PlaySound', '383358222972616705', '474935164451946506', '938487470339801169', '3 in canna'),
('2023-10-05 20:37:54', 'List', '383358222972616705', '474935164451946506', '938487470339801169', ''),
('2023-10-05 20:38:03', 'PlaySound', '383358222972616705', '474935164451946506', '938487470339801169', 'tre in canna'),
('2023-10-05 20:38:20', 'Stop', '383358222972616705', '474935164451946506', '938487470339801169', ''),
('2023-10-05 22:55:03', 'PlaySound', '383358222972616705', '474935164451946506', '938487470339801169', '205'),
('2023-10-05 23:01:03', 'championSlash', '440489230968553472', '474935164451946506', '938487470339801169', '[OptionMapping[STRING](name=champ, value=Caitlyn), OptionMapping[STRING](name=lane, value=ADC)]'),
('2023-10-05 23:03:40', 'championSlash', '440489230968553472', '474935164451946506', '938487470339801169', '[OptionMapping[STRING](name=champ, value=Shaco), OptionMapping[STRING](name=lane, value=SUPPORT)]'),
('2023-10-06 09:28:50', 'TTS', '440489230968553472', '474935164451946506', '938487470339801169', 'list'),
('2023-10-06 09:28:58', 'TTS', '440489230968553472', '474935164451946506', '938487470339801169', 'list'),
('2023-10-06 09:29:02', 'TTS', '440489230968553472', '474935164451946506', '938487470339801169', 'list'),
('2023-10-06 10:10:27', 'TTS', '440489230968553472', '474935164451946506', '938487470339801169', 'oid'),
('2023-10-06 11:25:56', 'TTS', '707479292644163604', '474935164451946506', '938487470339801169', 'oid'),
('2023-10-06 11:26:29', 'PlaySound', '707479292644163604', '474935164451946506', '938487470339801169', '195'),
('2023-10-06 12:05:51', 'Clear', '440489230968553472', '474935164451946506', '938487470339801169', '4'),
('2023-10-06 12:06:22', 'bugsnotifierSlash', '440489230968553472', '474935164451946506', '938487470339801169', '[OptionMapping[STRING](name=command, value=tts), OptionMapping[STRING](name=text, value=se metti una & il bro si bugga e smette di leggere la frase intera)]'),
('2023-10-06 12:06:38', 'TTS', '440489230968553472', '474935164451946506', '938487470339801169', 'ciao i&o sono a'),
('2023-10-06 12:07:12', 'TTS', '440489230968553472', '474935164451946506', '938487470339801169', 'ciao %^@!#$ dadsdsd'),
('2023-10-06 12:49:37', 'TTS', '383358222972616705', '474935164451946506', '938487470339801169', 'ciao amici'),
('2023-10-06 12:49:42', 'TTS', '383358222972616705', '474935164451946506', '938487470339801169', 'nooo dio cane'),
('2023-10-06 12:50:01', 'TTS', '383358222972616705', '474935164451946506', '938487470339801169', 'pane diventato un franchino'),
('2023-10-06 12:50:09', 'TTS', '383358222972616705', '474935164451946506', '938487470339801169', 'vai'),
('2023-10-06 12:50:24', 'TTS', '383358222972616705', '474935164451946506', '938487470339801169', 'che coglioniiiiiiiiiiiii'),
('2023-10-06 12:50:54', 'TTS', '383358222972616705', '474935164451946506', '938487470339801169', '7 meno meno meno meno  meno meno meno meno meno meno meno meno'),
('2023-10-06 12:51:00', 'TTS', '440489230968553472', '474935164451946506', '938487470339801169', 'pieno'),
('2023-10-06 12:51:02', 'TTS', '383358222972616705', '474935164451946506', '938487470339801169', 'fa prima a dire 2'),
('2023-10-06 12:51:12', 'TTS', '383358222972616705', '474935164451946506', '938487470339801169', 'comunque si'),
('2023-10-06 12:51:26', 'TTS', '383358222972616705', '474935164451946506', '938487470339801169', 'il fornaio sotto casa prendi il pane sembra travi per fare tetti'),
('2023-10-06 12:51:51', 'TTS', '383358222972616705', '474935164451946506', '938487470339801169', 'la pasticceria davanti invece  tier 59 cornetti maker'),
('2023-10-06 12:51:59', 'TTS', '383358222972616705', '474935164451946506', '938487470339801169', 'cognigni enjoyer'),
('2023-10-06 12:52:11', 'TTS', '383358222972616705', '474935164451946506', '938487470339801169', 'chicco di grana must die'),
('2023-10-06 12:52:21', 'TTS', '383358222972616705', '474935164451946506', '938487470339801169', 'fare il pane male  difficile'),
('2023-10-06 12:52:34', 'TTS', '383358222972616705', '474935164451946506', '938487470339801169', 'devi fare due cose'),
('2023-10-06 12:52:37', 'TTS', '383358222972616705', '474935164451946506', '938487470339801169', 'pane e focaccia'),
('2023-10-06 12:52:46', 'TTS', '383358222972616705', '474935164451946506', '938487470339801169', 'come fai a fare bene i cornetti'),
('2023-10-06 12:52:54', 'TTS', '383358222972616705', '474935164451946506', '938487470339801169', 'si'),
('2023-10-06 12:52:58', 'TTS', '383358222972616705', '474935164451946506', '938487470339801169', 'nel senso'),
('2023-10-06 12:53:01', 'TTS', '383358222972616705', '474935164451946506', '938487470339801169', 'bene'),
('2023-10-06 12:53:02', 'TTS', '383358222972616705', '474935164451946506', '938487470339801169', 'per dire'),
('2023-10-06 12:53:08', 'TTS', '383358222972616705', '474935164451946506', '938487470339801169', 'li fanno loro'),
('2023-10-06 12:53:18', 'TTS', '383358222972616705', '474935164451946506', '938487470339801169', 'la mattina alle 4 li vedi sgozzare'),
('2023-10-06 12:53:38', 'TTS', '383358222972616705', '474935164451946506', '938487470339801169', 'come va il king of jda of bebyt of guma'),
('2023-10-06 12:53:55', 'TTS', '383358222972616705', '474935164451946506', '938487470339801169', 'mario zitto stavo chiedendo a pane come va il king of jda of bebyt of guma'),
('2023-10-06 12:54:17', 'TTS', '383358222972616705', '474935164451946506', '938487470339801169', 'safj'),
('2023-10-06 12:54:25', 'PlaySound', '383358222972616705', '474935164451946506', '938487470339801169', '205'),
('2023-10-06 12:54:29', 'PlaySound', '383358222972616705', '474935164451946506', '938487470339801169', '204'),
('2023-10-06 12:54:32', 'Stop', '383358222972616705', '474935164451946506', '938487470339801169', ''),
('2023-10-06 12:54:35', 'PlaySound', '383358222972616705', '474935164451946506', '938487470339801169', '204'),
('2023-10-06 12:54:38', 'Stop', '383358222972616705', '474935164451946506', '938487470339801169', ''),
('2023-10-06 12:54:42', 'TTS', '383358222972616705', '474935164451946506', '938487470339801169', 'cosa era'),
('2023-10-06 12:55:06', 'TTS', '383358222972616705', '474935164451946506', '938487470339801169', 'safj sajfsfjasfj'),
('2023-10-06 12:55:15', 'TTS', '383358222972616705', '474935164451946506', '938487470339801169', 'merio erpai'),
('2023-10-06 12:55:34', 'TTS', '383358222972616705', '474935164451946506', '938487470339801169', 'andicappato'),
('2023-10-06 12:55:40', 'TTS', '383358222972616705', '474935164451946506', '938487470339801169', 'no scusa'),
('2023-10-06 12:55:44', 'TTS', '383358222972616705', '474935164451946506', '938487470339801169', 'sbagliato chat'),
('2023-10-06 12:55:53', 'TTS', '383358222972616705', '474935164451946506', '938487470339801169', 'no nva la stream'),
('2023-10-06 12:56:22', 'TTS', '383358222972616705', '474935164451946506', '938487470339801169', 'al worki dopo devo parlare con un cliente che non riesce a far funzionare il sistema di firma con il tablet quando a me va quindi significa che  andicappato e in chiamata dovr mantenere la calma'),
('2023-10-06 12:56:52', 'TTS', '383358222972616705', '474935164451946506', '938487470339801169', 'quindi sai gi che  perfetto'),
('2023-10-06 12:57:31', 'TTS', '383358222972616705', '474935164451946506', '938487470339801169', 'pi facile di cos'),
('2023-10-06 12:57:53', 'TTS', '383358222972616705', '474935164451946506', '938487470339801169', 'dicono che non va'),
('2023-10-06 12:58:04', 'TTS', '383358222972616705', '474935164451946506', '938487470339801169', 'che hanno problemi con i consensi'),
('2023-10-06 12:58:42', 'TTS', '383358222972616705', '474935164451946506', '938487470339801169', 'oh'),
('2023-10-06 12:59:14', 'TTS', '383358222972616705', '474935164451946506', '938487470339801169', 'dir questo'),
('2023-10-06 12:59:22', 'TTS', '383358222972616705', '474935164451946506', '938487470339801169', 'non cvarica la stream'),
('2023-10-06 12:59:30', 'TTS', '383358222972616705', '474935164451946506', '938487470339801169', 'ora si'),
('2023-10-06 13:00:09', 'TTS', '383358222972616705', '474935164451946506', '938487470339801169', 'quello dei count'),
('2023-10-06 13:00:23', 'TTS', '383358222972616705', '474935164451946506', '938487470339801169', 'ahhh'),
('2023-10-06 13:00:33', 'TTS', '383358222972616705', '474935164451946506', '938487470339801169', 'che cosa mario non ti stavo ascoltando'),
('2023-10-06 13:00:44', 'TTS', '383358222972616705', '474935164451946506', '938487470339801169', 'fai returnare una string o una int'),
('2023-10-06 13:01:08', 'TTS', '383358222972616705', '474935164451946506', '938487470339801169', 'getCannuccia()'),
('2023-10-06 13:01:37', 'TTS', '383358222972616705', '474935164451946506', '938487470339801169', 'eeeeeeeeeeeee'),
('2023-10-06 13:01:54', 'TTS', '383358222972616705', '474935164451946506', '938487470339801169', 'eeeeeeeeeeeeeee macaranea');
INSERT IGNORE INTO `command` (`time`, `name`, `user_id`, `guild_id`, `bot_id`, `args`) VALUES
('2023-10-06 13:02:19', 'TTS', '383358222972616705', '474935164451946506', '938487470339801169', 'eahfuaueh ula ma cararena eifj ie ue cosa nueva euf ueu eu eeeeeeeeeeee la cannuccia'),
('2023-10-06 13:02:30', 'TTS', '707479292644163604', '474935164451946506', '938487470339801169', 'spawnkill with the doc'),
('2023-10-06 13:02:38', 'TTS', '383358222972616705', '474935164451946506', '938487470339801169', 'in an open space in bank'),
('2023-10-06 13:02:50', 'TTS', '383358222972616705', '474935164451946506', '938487470339801169', 'slauthering everyone'),
('2023-10-06 13:02:58', 'TTS', '383358222972616705', '474935164451946506', '938487470339801169', 'nobody can stop me'),
('2023-10-06 13:03:07', 'MemberInfo', '440489230968553472', '474935164451946506', '938487470339801169', ''),
('2023-10-06 13:03:07', 'TTS', '383358222972616705', '474935164451946506', '938487470339801169', 'safj'),
('2023-10-06 13:03:13', 'MemberInfo', '440489230968553472', '474935164451946506', '938487470339801169', ''),
('2023-10-06 13:03:24', 'TTS', '383358222972616705', '474935164451946506', '938487470339801169', 'dio elaiam'),
('2023-10-06 13:03:26', 'MemberInfo', '440489230968553472', '474935164451946506', '938487470339801169', ''),
('2023-10-06 13:03:36', 'MemberInfo', '440489230968553472', '474935164451946506', '938487470339801169', '<@440489230968553472>'),
('2023-10-06 13:04:44', 'MemberInfo', '707479292644163604', '474935164451946506', '938487470339801169', '<@707479292644163604>'),
('2023-10-06 13:05:02', 'TTS', '383358222972616705', '474935164451946506', '938487470339801169', 'oid aivattoidar'),
('2023-10-06 13:05:46', 'TTS', '383358222972616705', '474935164451946506', '938487470339801169', 'oid aivattoidar'),
('2023-10-06 13:05:52', 'PlaySound', '383358222972616705', '474935164451946506', '938487470339801169', 'nocturne'),
('2023-10-06 13:06:11', 'TTS', '383358222972616705', '474935164451946506', '938487470339801169', '349'),
('2023-10-06 13:06:17', 'TTS', '383358222972616705', '474935164451946506', '938487470339801169', 'come cazzo  possibile'),
('2023-10-06 13:06:49', 'TTS', '383358222972616705', '474935164451946506', '938487470339801169', 'invece di creare un nuovo metodo non puoi fare un parametro aggiuntivo che  guild_Id?'),
('2023-10-06 13:07:02', 'PlaySound', '707479292644163604', '474935164451946506', '938487470339801169', '152'),
('2023-10-06 13:07:06', 'Stop', '383358222972616705', '474935164451946506', '938487470339801169', ''),
('2023-10-06 13:07:20', 'TTS', '383358222972616705', '474935164451946506', '938487470339801169', 'esatto pantslung'),
('2023-10-06 13:07:41', 'Query', '383358222972616705', '474935164451946506', '938487470339801169', 'select sum(times) from play where user_id = 707479292644163604'),
('2023-10-06 13:07:52', 'Query', '383358222972616705', '474935164451946506', '938487470339801169', 'select sum(times) from play where user_id = 383358222972616705'),
('2023-10-06 13:07:58', 'TTS', '383358222972616705', '474935164451946506', '938487470339801169', 'guarda che differenza'),
('2023-10-06 13:08:02', 'TTS', '383358222972616705', '474935164451946506', '938487470339801169', 'epria'),
('2023-10-06 13:08:15', 'TTS', '383358222972616705', '474935164451946506', '938487470339801169', 'guarda la prima query che  la tua e poi la mia'),
('2023-10-06 13:08:25', 'TTS', '383358222972616705', '474935164451946506', '938487470339801169', '1k sound in pi il god'),
('2023-10-06 13:08:39', 'TTS', '383358222972616705', '474935164451946506', '938487470339801169', 'ti sventro'),
('2023-10-06 13:08:49', 'TTS', '383358222972616705', '474935164451946506', '938487470339801169', 'sono solo il god of bebyt'),
('2023-10-06 13:09:15', 'Query', '383358222972616705', '474935164451946506', '938487470339801169', 'select count(time), user_id  from command_analytic group by user_id'),
('2023-10-06 13:09:36', 'Query', '383358222972616705', '474935164451946506', '938487470339801169', 'select count(time) as c, user_id  from command_analytic group by user_id order by c DESC'),
('2023-10-06 13:09:43', 'TTS', '383358222972616705', '474935164451946506', '938487470339801169', 'guarda che godk'),
('2023-10-06 13:09:51', 'TTS', '383358222972616705', '474935164451946506', '938487470339801169', 'sono il first'),
('2023-10-06 13:09:54', 'TTS', '383358222972616705', '474935164451946506', '938487470339801169', 'as always'),
('2023-10-06 13:10:20', 'TTS', '383358222972616705', '474935164451946506', '938487470339801169', 'io leggo sunyx 885 e epria disgusting dog 536'),
('2023-10-06 13:10:36', 'TTS', '383358222972616705', '474935164451946506', '938487470339801169', 'tutta la mia vita'),
('2023-10-06 13:10:38', 'TTS', '383358222972616705', '474935164451946506', '938487470339801169', 'ora mi altero'),
('2023-10-06 13:10:42', 'TTS', '383358222972616705', '474935164451946506', '938487470339801169', 'e ti metto nella blacklist'),
('2023-10-06 13:10:47', 'TTS', '383358222972616705', '474935164451946506', '938487470339801169', 'che ci sono la sera'),
('2023-10-06 13:10:52', 'TTS', '383358222972616705', '474935164451946506', '938487470339801169', 'tu sei qui afk ada stamattina'),
('2023-10-06 13:11:13', 'TTS', '383358222972616705', '474935164451946506', '938487470339801169', 'idiota ratto testa di cazzo bambino di merda frocio stronzo imbecille rincoglionti di merda figlio di puttana testa di cazzo'),
('2023-10-06 13:11:26', 'TTS', '383358222972616705', '474935164451946506', '938487470339801169', 'scusa'),
('2023-10-06 13:11:31', 'TTS', '383358222972616705', '474935164451946506', '938487470339801169', 'non fai ridere'),
('2023-10-06 13:11:39', 'PlaySound', '383358222972616705', '474935164451946506', '938487470339801169', 'non fai ridere'),
('2023-10-06 13:11:52', 'PlaySound', '383358222972616705', '474935164451946506', '938487470339801169', 'blbl'),
('2023-10-06 13:11:56', 'PlaySound', '383358222972616705', '474935164451946506', '938487470339801169', 'yee'),
('2023-10-06 13:11:59', 'PlaySound', '383358222972616705', '474935164451946506', '938487470339801169', 'ye'),
('2023-10-06 13:12:06', 'PlaySound', '383358222972616705', '474935164451946506', '938487470339801169', 'masenko'),
('2023-10-06 13:12:11', 'TTS', '707479292644163604', '474935164451946506', '938487470339801169', '**Regola 4**= Si possono fare battute/meme sui vari membri del server ma se lo stesso dovesse sentirsi preso di mira o si fosse stancato siete obbligati a smettere o ci andremo gi pesanti'),
('2023-10-06 13:12:12', 'PlaySound', '383358222972616705', '474935164451946506', '938487470339801169', 'masenko2'),
('2023-10-06 13:12:18', 'TTS', '383358222972616705', '474935164451946506', '938487470339801169', 'masenko?'),
('2023-10-06 13:12:20', 'TTS', '383358222972616705', '474935164451946506', '938487470339801169', 'sentito'),
('2023-10-06 13:12:21', 'TTS', '707479292644163604', '474935164451946506', '938487470339801169', '**Regola 4**= Si possono fare battute/meme sui vari membri del server ma se lo stesso dovesse sentirsi preso di mira o si fosse stancato siete obbligati a smettere o ci andremo gi pesanti'),
('2023-10-06 13:12:23', 'TTS', '383358222972616705', '474935164451946506', '938487470339801169', 'e'),
('2023-10-06 13:12:26', 'PlaySound', '383358222972616705', '474935164451946506', '938487470339801169', 'eee'),
('2023-10-06 13:12:31', 'TTS', '707479292644163604', '474935164451946506', '938487470339801169', '**Regola 4**= Si possono fare battute/meme sui vari membri del server ma se lo stesso dovesse sentirsi preso di mira o si fosse stancato siete obbligati a smettere o ci andremo gi pesanti'),
('2023-10-06 13:12:32', 'TTS', '383358222972616705', '474935164451946506', '938487470339801169', 'dimmi mario'),
('2023-10-06 13:12:38', 'TTS', '707479292644163604', '474935164451946506', '938487470339801169', '**Regola 4**= Si possono fare battute/meme sui vari membri del server ma se lo stesso dovesse sentirsi preso di mira o si fosse stancato siete obbligati a smettere o ci andremo gi pesanti'),
('2023-10-06 13:12:39', 'TTS', '383358222972616705', '474935164451946506', '938487470339801169', 'si tisneto'),
('2023-10-06 13:12:46', 'TTS', '383358222972616705', '474935164451946506', '938487470339801169', 'via'),
('2023-10-06 13:12:48', 'TTS', '383358222972616705', '474935164451946506', '938487470339801169', 'vai'),
('2023-10-06 13:12:50', 'TTS', '707479292644163604', '474935164451946506', '938487470339801169', '**Regola 4**= Si possono fare battute/meme sui vari membri del server ma se lo stesso dovesse sentirsi preso di mira o si fosse stancato siete obbligati a smettere o ci andremo gi pesanti'),
('2023-10-06 13:13:12', 'TTS', '383358222972616705', '474935164451946506', '938487470339801169', 'Regola 11 = Sunyx fa come cazzo vuole'),
('2023-10-06 13:13:22', 'TTS', '383358222972616705', '474935164451946506', '938487470339801169', ' in piccolo'),
('2023-10-06 13:13:38', 'TTS', '383358222972616705', '474935164451946506', '938487470339801169', 'le regole vcanno aggiornate'),
('2023-10-06 13:13:50', 'TTS', '383358222972616705', '474935164451946506', '938487470339801169', 'testa di un keria'),
('2023-10-06 13:13:58', 'List', '383358222972616705', '474935164451946506', '938487470339801169', ''),
('2023-10-06 13:14:09', 'soundboardSlash', '383358222972616705', '474935164451946506', '938487470339801169', '[OptionMapping[STRING](name=name, value=2)]'),
('2023-10-06 13:14:12', 'TTS', '383358222972616705', '474935164451946506', '938487470339801169', 'guarda qua'),
('2023-10-06 13:14:32', 'soundboardSlash', '383358222972616705', '474935164451946506', '938487470339801169', '[OptionMapping[STRING](name=name, value=4)]'),
('2023-10-06 13:14:43', 'soundboardSlash', '383358222972616705', '474935164451946506', '938487470339801169', '[OptionMapping[STRING](name=name, value=3)]'),
('2023-10-06 13:15:05', 'TTS', '383358222972616705', '474935164451946506', '938487470339801169', 'soundobard tier 1 command'),
('2023-10-06 13:15:29', 'TTS', '383358222972616705', '474935164451946506', '938487470339801169', 'guarda chi arriva'),
('2023-10-06 13:15:37', 'TTS', '383358222972616705', '474935164451946506', '938487470339801169', 'il prime'),
('2023-10-06 13:15:38', 'primeSlash', '383358222972616705', '474935164451946506', '983315338886279229', '[OptionMapping[INTEGER](name=value, value=5117)]'),
('2023-10-06 13:15:41', 'TTS', '383358222972616705', '474935164451946506', '938487470339801169', 'eccolo'),
('2023-10-06 13:15:48', 'TTS', '383358222972616705', '474935164451946506', '938487470339801169', '18942154615218982402529683040429743071938566416677929423640326993695691890705949587801341417941290224446596975659675109179800854438665362999779055723927781581227685416497971330369111203502165971184044735225264291011767302406057017059111429441086431181123568196880297880787803884534935234269581251296069636042579142514221447765104131553758834359954052835051777879497398416178852177882287501254069752832280228153842698352175574150747405476079191598651944590792833943304489891282530684184180138998376007560321771900878509963736711373257828648278630812276944861808685186148402924193233587050913919014216987274345051915939924248447356080932570140722904228837050550639380449596146915224790180165636421055362037485874555458395938074954473846766003404528061679099268790966215042327974144569679786673517385154700951186472752174423800925528892943603541451554940692711403599138460597746663414879925120714599062507463919516452524927616860615274667504793247813248667167016173579756837413268181436188778524552512527396200683690274091035842066000570603258714345410763283097789226885473173535979551629146818726435390495486356727681527303096507981647399745783302347805780855915720937296200939268661924039795620610593534968058240403771850297725577651542422335932747162459467269665139385968579921712486768655758244287525545457569795679391508710060313877632249719664128940662988622128005042234499201203960050776973370249905006070897990536876030381566310723893449259456721367790163908041616252768311576325593826077160972060004749672659451969304060194654404408779'),
('2023-10-06 13:15:57', 'Stop', '440489230968553472', '474935164451946506', '938487470339801169', ''),
('2023-10-06 13:16:04', 'PlaySound', '707479292644163604', '474935164451946506', '938487470339801169', '193'),
('2023-10-06 13:16:04', 'TTS', '383358222972616705', '474935164451946506', '938487470339801169', 'what'),
('2023-10-06 13:16:15', 'PlaySound', '707479292644163604', '474935164451946506', '938487470339801169', '192'),
('2023-10-06 13:16:25', 'TTS', '383358222972616705', '474935164451946506', '938487470339801169', 'prova ascrivere'),
('2023-10-06 13:16:31', 'TTS', '383358222972616705', '474935164451946506', '938487470339801169', 'dimmi pane'),
('2023-10-06 13:16:40', 'TTS', '383358222972616705', '474935164451946506', '938487470339801169', 'nuova talbek?'),
('2023-10-06 13:16:43', 'TTS', '383358222972616705', '474935164451946506', '938487470339801169', 'alert'),
('2023-10-06 13:17:00', 'TTS', '383358222972616705', '474935164451946506', '938487470339801169', 'ti avevo detto di farla per ultima testa di emrda figlio di toria'),
('2023-10-06 13:17:08', 'TTS', '383358222972616705', '474935164451946506', '938487470339801169', 'oj'),
('2023-10-06 13:17:23', 'Mute', '383358222972616705', '474935164451946506', '938487470339801169', '707479292644163604'),
('2023-10-06 13:17:27', 'TTS', '383358222972616705', '474935164451946506', '938487470339801169', 'sajf'),
('2023-10-06 13:17:54', 'TTS', '383358222972616705', '474935164451946506', '938487470339801169', 'facciamo che retituisce tutto?'),
('2023-10-06 13:17:58', 'TTS', '383358222972616705', '474935164451946506', '938487470339801169', 'alla fine ci sta'),
('2023-10-06 13:18:00', 'TTS', '383358222972616705', '474935164451946506', '938487470339801169', ' una riga'),
('2023-10-06 13:18:12', 'TTS', '383358222972616705', '474935164451946506', '938487470339801169', 'potremmo fare anche getWelcomeAlert'),
('2023-10-06 13:18:18', 'TTS', '383358222972616705', '474935164451946506', '938487470339801169', 'esatto'),
('2023-10-06 13:18:33', 'TTS', '383358222972616705', '474935164451946506', '938487470339801169', 'poi la update(campo, valore)'),
('2023-10-06 13:18:48', 'TTS', '383358222972616705', '474935164451946506', '938487470339801169', 'keria fuck'),
('2023-10-06 13:18:52', 'TTS', '383358222972616705', '474935164451946506', '938487470339801169', 'ah vero'),
('2023-10-06 13:18:56', 'TTS', '383358222972616705', '474935164451946506', '938487470339801169', 'li li mostra tutto'),
('2023-10-06 13:19:15', 'TTS', '383358222972616705', '474935164451946506', '938487470339801169', 'basta usare queryresult'),
('2023-10-06 13:19:20', 'TTS', '383358222972616705', '474935164451946506', '938487470339801169', 'un for'),
('2023-10-06 13:19:26', 'TTS', '383358222972616705', '474935164451946506', '938487470339801169', 'ed  come prima'),
('2023-10-06 13:19:48', 'TTS', '383358222972616705', '474935164451946506', '938487470339801169', 'si ma fa 4 query dopo'),
('2023-10-06 13:20:02', 'ListGuild', '383358222972616705', '474935164451946506', '938487470339801169', ''),
('2023-10-06 13:20:07', 'TTS', '383358222972616705', '474935164451946506', '938487470339801169', 'nessun nuovo user del bebyt'),
('2023-10-06 13:20:21', 'TTS', '383358222972616705', '474935164451946506', '938487470339801169', 'a keria'),
('2023-10-06 13:20:29', 'TTS', '383358222972616705', '474935164451946506', '938487470339801169', 'a frake'),
('2023-10-06 13:20:59', 'TTS', '383358222972616705', '474935164451946506', '938487470339801169', 'non spendo 60 euro per un gioco uguale ad uno del 2019'),
('2023-10-06 13:21:10', 'TTS', '383358222972616705', '474935164451946506', '938487470339801169', 'scusa'),
('2023-10-06 13:21:12', 'TTS', '383358222972616705', '474935164451946506', '938487470339801169', 'del 2010'),
('2023-10-06 13:21:21', 'TTS', '383358222972616705', '474935164451946506', '938487470339801169', 'smettila'),
('2023-10-06 13:21:34', 'TTS', '383358222972616705', '474935164451946506', '938487470339801169', 'minimappa passata da essere tonda a quadrata'),
('2023-10-06 13:21:39', 'TTS', '383358222972616705', '474935164451946506', '938487470339801169', 'insano'),
('2023-10-06 13:21:50', 'TTS', '383358222972616705', '474935164451946506', '938487470339801169', 'se ti lamentavi di una cosa simile sei legit deforme'),
('2023-10-06 13:22:01', 'TTS', '383358222972616705', '474935164451946506', '938487470339801169', 'cosa pane'),
('2023-10-06 13:22:18', 'TTS', '383358222972616705', '474935164451946506', '938487470339801169', 'sento i petahertz da qui'),
('2023-10-06 13:22:37', 'TTS', '383358222972616705', '474935164451946506', '938487470339801169', 'fai il suonodella cpu mentre lavori'),
('2023-10-06 13:23:16', 'TTS', '383358222972616705', '474935164451946506', '938487470339801169', 'non puoi mettere *'),
('2023-10-06 13:23:52', 'TTS', '383358222972616705', '474935164451946506', '938487470339801169', 'muted'),
('2023-10-06 13:23:57', 'TTS', '383358222972616705', '474935164451946506', '938487470339801169', 'eubgrhhvube'),
('2023-10-06 13:24:05', 'TTS', '383358222972616705', '474935164451946506', '938487470339801169', 'i massive bot'),
('2023-10-06 13:24:12', 'TTS', '383358222972616705', '474935164451946506', '938487470339801169', 'ha detto anche massive bot'),
('2023-10-06 13:24:56', 'ServerInfo', '440489230968553472', '474935164451946506', '938487470339801169', ''),
('2023-10-06 13:25:04', 'ServerInfo', '440489230968553472', '474935164451946506', '938487470339801169', ''),
('2023-10-06 13:25:09', 'ServerInfo', '440489230968553472', '474935164451946506', '938487470339801169', ''),
('2023-10-06 13:25:28', 'ServerInfo', '383358222972616705', '474935164451946506', '938487470339801169', '707479292644163604'),
('2023-10-06 13:25:35', 'serverinfoSlash', '383358222972616705', '474935164451946506', '938487470339801169', '[]'),
('2023-10-06 13:25:40', 'TTS', '383358222972616705', '474935164451946506', '938487470339801169', 'lo slash si'),
('2023-10-06 13:26:12', 'TTS', '383358222972616705', '474935164451946506', '938487470339801169', 'dove  epria'),
('2023-10-06 13:26:30', 'PlaySound', '383358222972616705', '474935164451946506', '938487470339801169', 'chad'),
('2023-10-06 13:26:33', 'PlaySound', '383358222972616705', '474935164451946506', '938487470339801169', 'gigachad'),
('2023-10-06 13:26:40', 'Stop', '383358222972616705', '474935164451946506', '938487470339801169', ''),
('2023-10-06 13:26:44', 'TTS', '383358222972616705', '474935164451946506', '938487470339801169', 'scusa'),
('2023-10-06 13:27:02', 'TTS', '383358222972616705', '474935164451946506', '938487470339801169', 'si'),
('2023-10-06 13:27:12', 'TTS', '383358222972616705', '474935164451946506', '938487470339801169', 'per era figo perch sembra un mega ecosistema'),
('2023-10-06 13:27:26', 'TTS', '383358222972616705', '474935164451946506', '938487470339801169', 'nessuno'),
('2023-10-06 13:27:38', 'TTS', '383358222972616705', '474935164451946506', '938487470339801169', 'safj'),
('2023-10-06 13:27:51', 'TTS', '383358222972616705', '474935164451946506', '938487470339801169', 'comunque lo userinfo ti mostra un sacco di cose'),
('2023-10-06 13:27:56', 'TTS', '383358222972616705', '474935164451946506', '938487470339801169', 'what a tier 1 command'),
('2023-10-06 13:29:26', 'TTS', '440489230968553472', '474935164451946506', '938487470339801169', 'serinf'),
('2023-10-06 13:29:32', 'ServerInfo', '440489230968553472', '474935164451946506', '938487470339801169', ''),
('2023-10-06 13:29:59', 'TTS', '383358222972616705', '474935164451946506', '938487470339801169', 'si'),
('2023-10-06 13:30:05', 'TTS', '383358222972616705', '474935164451946506', '938487470339801169', 'dava errore la query'),
('2023-10-06 13:30:09', 'TTS', '383358222972616705', '474935164451946506', '938487470339801169', 'non li'),
('2023-10-06 13:30:15', 'TTS', '383358222972616705', '474935164451946506', '938487470339801169', 'tipo dei welcome message'),
('2023-10-06 13:30:24', 'TTS', '383358222972616705', '474935164451946506', '938487470339801169', 'facile'),
('2023-10-06 13:30:49', 'TTS', '383358222972616705', '474935164451946506', '938487470339801169', 'lo slash va'),
('2023-10-06 13:30:50', 'ServerInfo', '440489230968553472', '474935164451946506', '938487470339801169', '474935164451946506'),
('2023-10-06 13:30:56', 'TTS', '383358222972616705', '474935164451946506', '938487470339801169', 'da errore il query'),
('2023-10-06 13:31:07', 'TTS', '383358222972616705', '474935164451946506', '938487470339801169', 'wait'),
('2023-10-06 13:31:13', 'TTS', '383358222972616705', '474935164451946506', '938487470339801169', 'wait'),
('2023-10-06 13:31:16', 'Summoner', '383358222972616705', '474935164451946506', '938487470339801169', ''),
('2023-10-06 13:31:19', 'Summoner', '383358222972616705', '474935164451946506', '938487470339801169', ''),
('2023-10-06 13:31:21', 'Summoner', '383358222972616705', '474935164451946506', '938487470339801169', ''),
('2023-10-06 13:31:27', 'TTS', '383358222972616705', '474935164451946506', '938487470339801169', 'sto puledno la console'),
('2023-10-06 13:31:32', 'ServerInfo', '383358222972616705', '474935164451946506', '938487470339801169', ''),
('2023-10-06 13:31:49', 'TTS', '383358222972616705', '474935164451946506', '938487470339801169', 'riga 42'),
('2023-10-06 13:32:08', 'TTS', '383358222972616705', '474935164451946506', '938487470339801169', 'forse args non  null ma stringa vuota'),
('2023-10-06 13:32:31', 'TTS', '383358222972616705', '474935164451946506', '938487470339801169', 'gli passi il void'),
('2023-10-06 13:32:35', 'ServerInfo', '440489230968553472', '474935164451946506', '938487470339801169', 'asda'),
('2023-10-06 13:33:01', 'TTS', '383358222972616705', '474935164451946506', '938487470339801169', 'basta un trycatch'),
('2023-10-06 13:33:19', 'TTS', '383358222972616705', '474935164451946506', '938487470339801169', 'a che serve un metodo li quando un trycatch fa il guma'),
('2023-10-06 13:33:50', 'TTS', '383358222972616705', '474935164451946506', '938487470339801169', 'questo direi di falro sul branch maste'),
('2023-10-06 13:34:18', 'TTS', '383358222972616705', '474935164451946506', '938487470339801169', 'non voglio nemmeno vedere il tss'),
('2023-10-06 13:34:36', 'TTS', '383358222972616705', '474935164451946506', '938487470339801169', 'il tts va rifatto da zero'),
('2023-10-06 13:35:02', 'TTS', '383358222972616705', '474935164451946506', '938487470339801169', 'classico'),
('2023-10-06 13:35:31', 'TTS', '383358222972616705', '474935164451946506', '938487470339801169', 'basterebbe eliminare con logica il file'),
('2023-10-06 13:35:37', 'TTS', '383358222972616705', '474935164451946506', '938487470339801169', 'non deletare ogni cosa nella cartella'),
('2023-10-06 13:35:48', 'TTS', '383358222972616705', '474935164451946506', '938487470339801169', 'lo so'),
('2023-10-06 13:36:02', 'TTS', '383358222972616705', '474935164451946506', '938487470339801169', 'quesot  un problema futuro'),
('2023-10-06 13:36:59', 'TTS', '383358222972616705', '474935164451946506', '938487470339801169', 'basta un poco di keria e la pillola va su'),
('2023-10-06 13:37:23', 'TTS', '383358222972616705', '474935164451946506', '938487470339801169', 'stavo pensando'),
('2023-10-06 13:37:37', 'TTS', '383358222972616705', '474935164451946506', '938487470339801169', 'stasera facciamo fabbrica di computer, heavy frame e si vola con i treni'),
('2023-10-06 13:37:55', 'TTS', '383358222972616705', '474935164451946506', '938487470339801169', 'abbiamo anche un crafting figo dei computer'),
('2023-10-06 13:38:19', 'TTS', '383358222972616705', '474935164451946506', '938487470339801169', 'il terzo in queta foto'),
('2023-10-06 13:38:35', 'TTS', '383358222972616705', '474935164451946506', '938487470339801169', 'non usa viti safjsafjsafj'),
('2023-10-06 13:39:10', 'TTS', '383358222972616705', '474935164451946506', '938487470339801169', ' il pi faster'),
('2023-10-06 13:39:24', 'TTS', '383358222972616705', '474935164451946506', '938487470339801169', 'ne fa 3 al min'),
('2023-10-06 13:39:35', 'TTS', '383358222972616705', '474935164451946506', '938487470339801169', 'vuoal tanto caterino per sti cazzi'),
('2023-10-06 13:40:03', 'TTS', '383358222972616705', '474935164451946506', '938487470339801169', '12 lingitti fanno 60qw al min'),
('2023-10-06 13:40:08', 'TTS', '383358222972616705', '474935164451946506', '938487470339801169', 'easy'),
('2023-10-06 13:40:18', 'TTS', '383358222972616705', '474935164451946506', '938487470339801169', 'i pc considerali gi fatti'),
('2023-10-06 13:40:33', 'TTS', '383358222972616705', '474935164451946506', '938487470339801169', 'gli heavy frame sono un dito nel buco del pisellino'),
('2023-10-06 13:41:28', 'TTS', '383358222972616705', '474935164451946506', '938487470339801169', 'volvo fare i pc al quarto piano della safj frabric'),
('2023-10-06 13:41:54', 'TTS', '383358222972616705', '474935164451946506', '938487470339801169', 'secondo piano della safj coal production'),
('2023-10-06 13:42:02', 'TTS', '383358222972616705', '474935164451946506', '938487470339801169', 'oppure'),
('2023-10-06 13:42:12', 'TTS', '383358222972616705', '474935164451946506', '938487470339801169', 'fabbricona dietro la montagna solo per pc e modular'),
('2023-10-06 13:42:33', 'TTS', '383358222972616705', '474935164451946506', '938487470339801169', 'non so bisogna studiare'),
('2023-10-06 13:43:03', 'TTS', '383358222972616705', '474935164451946506', '938487470339801169', 'appena facciamo i treni si fanno le fabbriche staccate in altre zone'),
('2023-10-06 13:44:10', 'TTS', '383358222972616705', '474935164451946506', '938487470339801169', 'ti ho trollato'),
('2023-10-06 13:44:19', 'TTS', '383358222972616705', '474935164451946506', '938487470339801169', 'noi abbiamo gi i fuel generator'),
('2023-10-06 13:44:37', 'TTS', '383358222972616705', '474935164451946506', '938487470339801169', 'la wiki dice che li possiamo gi sbloccare'),
('2023-10-06 13:44:48', 'TTS', '383358222972616705', '474935164451946506', '938487470339801169', 'i fuel generator'),
('2023-10-06 13:44:54', 'TTS', '383358222972616705', '474935164451946506', '938487470339801169', 'a benzina'),
('2023-10-06 13:44:59', 'TTS', '383358222972616705', '474935164451946506', '938487470339801169', 'come e quindi'),
('2023-10-06 13:45:14', 'TTS', '383358222972616705', '474935164451946506', '938487470339801169', 'si vede che non sei un factorio player'),
('2023-10-06 13:45:38', 'TTS', '383358222972616705', '474935164451946506', '938487470339801169', 'devi sprecare almeno 50 ore di gioco per avere almeno il 2000% di ci ch ti serve per stare tranquillo'),
('2023-10-06 13:46:07', 'TTS', '383358222972616705', '474935164451946506', '938487470339801169', 'oltre che dobbiamo buttare via lo scarto della plastica'),
('2023-10-06 13:46:21', 'TTS', '383358222972616705', '474935164451946506', '938487470339801169', 'la plastica e rubber fanno il fluido viola, che diventa carburante'),
('2023-10-06 13:46:28', 'TTS', '383358222972616705', '474935164451946506', '938487470339801169', 'che diventa juicy energy'),
('2023-10-06 13:46:35', 'TTS', '383358222972616705', '474935164451946506', '938487470339801169', 'che diventa tanti lampioni'),
('2023-10-06 13:46:52', 'TTS', '383358222972616705', '474935164451946506', '938487470339801169', 'dobbiamo rifare il safjgarage'),
('2023-10-06 13:47:07', 'TTS', '383358222972616705', '474935164451946506', '938487470339801169', 'king of keria'),
('2023-10-06 13:47:23', 'ServerInfo', '440489230968553472', '474935164451946506', '938487470339801169', '474935164451946506'),
('2023-10-06 13:47:29', 'TTS', '383358222972616705', '474935164451946506', '938487470339801169', 'nell stessa ricerca dei fuel generator sblocchiamo i belt mk4'),
('2023-10-06 13:47:44', 'TTS', '383358222972616705', '474935164451946506', '938487470339801169', '480 risorse al min'),
('2023-10-06 13:47:51', 'TTS', '383358222972616705', '474935164451946506', '938487470339801169', 'li hanno buffati'),
('2023-10-06 13:47:57', 'TTS', '383358222972616705', '474935164451946506', '938487470339801169', 'o null o stringa vuota'),
('2023-10-06 13:48:00', 'TTS', '383358222972616705', '474935164451946506', '938487470339801169', 'non mi ricordo mai'),
('2023-10-06 13:48:06', 'TTS', '383358222972616705', '474935164451946506', '938487470339801169', 'safj'),
('2023-10-06 13:48:25', 'TTS', '383358222972616705', '474935164451946506', '938487470339801169', 'in resultrow'),
('2023-10-06 13:48:30', 'TTS', '383358222972616705', '474935164451946506', '938487470339801169', 'il get as boolean'),
('2023-10-06 13:48:33', 'TTS', '383358222972616705', '474935164451946506', '938487470339801169', 'fa fixato'),
('2023-10-06 13:48:36', 'TTS', '383358222972616705', '474935164451946506', '938487470339801169', 'va'),
('2023-10-06 13:48:59', 'TTS', '383358222972616705', '474935164451946506', '938487470339801169', 'vorrei fare che prenda sia 1 e 0 che true e false'),
('2023-10-06 13:49:32', 'TTS', '383358222972616705', '474935164451946506', '938487470339801169', 'metti un todo'),
('2023-10-06 13:49:53', 'TTS', '383358222972616705', '474935164451946506', '938487470339801169', 'non da eccezione'),
('2023-10-06 13:50:00', 'TTS', '383358222972616705', '474935164451946506', '938487470339801169', 'da false'),
('2023-10-06 13:50:15', 'TTS', '383358222972616705', '474935164451946506', '938487470339801169', 'non da eccezione'),
('2023-10-06 13:50:32', 'TTS', '383358222972616705', '474935164451946506', '938487470339801169', 'tipo yes diventa false'),
('2023-10-06 13:50:46', 'TTS', '383358222972616705', '474935164451946506', '938487470339801169', 'basta spostarlo sopra'),
('2023-10-06 13:51:05', 'TTS', '383358222972616705', '474935164451946506', '938487470339801169', ' una stringa'),
('2023-10-06 13:51:11', 'TTS', '383358222972616705', '474935164451946506', '938487470339801169', 'non puoi fare uguale uguale'),
('2023-10-06 13:51:25', 'TTS', '383358222972616705', '474935164451946506', '938487470339801169', 'che bello il java vero'),
('2023-10-06 13:51:37', 'TTS', '383358222972616705', '474935164451946506', '938487470339801169', 'poliedrico'),
('2023-10-06 13:51:51', 'TTS', '383358222972616705', '474935164451946506', '938487470339801169', 'senn fai tobytearray e vedi se  0 o 1'),
('2023-10-06 13:52:03', 'TTS', '383358222972616705', '474935164451946506', '938487470339801169', 'vai'),
('2023-10-06 13:52:08', 'TTS', '383358222972616705', '474935164451946506', '938487470339801169', 'coooooooome'),
('2023-10-06 13:52:14', 'TTS', '383358222972616705', '474935164451946506', '938487470339801169', 'sajfsajfjsafjsafj'),
('2023-10-06 13:52:32', 'TTS', '383358222972616705', '474935164451946506', '938487470339801169', 'guarda come smurfa il bebyt'),
('2023-10-06 13:52:54', 'TTS', '383358222972616705', '474935164451946506', '938487470339801169', 'BESTIA HAHAHA'),
('2023-10-06 13:52:57', 'TTS', '383358222972616705', '474935164451946506', '938487470339801169', 'dio cane'),
('2023-10-06 13:53:02', 'TTS', '383358222972616705', '474935164451946506', '938487470339801169', 'non prende il p maiuscolo'),
('2023-10-06 13:53:10', 'TTS', '383358222972616705', '474935164451946506', '938487470339801169', 'yo bebyt imbesil'),
('2023-10-06 13:53:19', 'ttsSlash', '383358222972616705', '474935164451946506', '938487470339801169', '[OptionMapping[STRING](name=text, value=keria)]'),
('2023-10-06 13:53:36', 'TTS', '383358222972616705', '474935164451946506', '938487470339801169', 'devo tornare a lavoro'),
('2023-10-06 13:53:41', 'TTS', '383358222972616705', '474935164451946506', '938487470339801169', 'buon bebyt anche a te'),
('2023-10-06 13:53:48', 'TTS', '383358222972616705', '474935164451946506', '938487470339801169', 'sono a 260 tts'),
('2023-10-06 13:54:12', 'TTS', '383358222972616705', '474935164451946506', '938487470339801169', 'sicuro che va'),
('2023-10-06 13:54:27', 'TTS', '383358222972616705', '474935164451946506', '938487470339801169', 'a logica si'),
('2023-10-06 13:54:28', 'TTS', '383358222972616705', '474935164451946506', '938487470339801169', 'vado'),
('2023-10-06 21:41:58', 'PlaySound', '383358222972616705', '474935164451946506', '938487470339801169', 'inno'),
('2023-10-06 22:32:27', 'PlaySound', '707479292644163604', '474935164451946506', '938487470339801169', 'parchetto'),
('2023-10-06 22:35:41', 'PlaySound', '707479292644163604', '474935164451946506', '938487470339801169', 'pirati'),
('2023-10-06 22:36:54', 'PlaySound', '707479292644163604', '474935164451946506', '938487470339801169', 'tigre'),
('2023-10-06 22:37:28', 'PlaySound', '707479292644163604', '474935164451946506', '938487470339801169', 'cancello'),
('2023-10-06 22:40:00', 'PlaySound', '707479292644163604', '474935164451946506', '938487470339801169', 'offline'),
('2023-10-06 22:40:53', 'PlayYoutube', '707479292644163604', '474935164451946506', '938487470339801169', 'https://youtu.be/92Skh1Mrpi8?si=TCWHACe_OVq3dMwI'),
('2023-10-06 22:43:34', 'PlaySound', '383358222972616705', '474935164451946506', '938487470339801169', 'citta di'),
('2023-10-06 22:43:47', 'PlaySound', '707479292644163604', '474935164451946506', '938487470339801169', 'spalaglia'),
('2023-10-06 22:45:02', 'PlaySound', '707479292644163604', '474935164451946506', '938487470339801169', '195'),
('2023-10-06 22:45:11', 'List', '383358222972616705', '474935164451946506', '938487470339801169', ''),
('2023-10-06 22:46:18', 'PlaySound', '707479292644163604', '474935164451946506', '938487470339801169', '1'),
('2023-10-06 22:46:29', 'PlaySound', '707479292644163604', '474935164451946506', '938487470339801169', '2'),
('2023-10-06 22:46:35', 'PlaySound', '707479292644163604', '474935164451946506', '938487470339801169', '3'),
('2023-10-06 22:46:42', 'PlaySound', '707479292644163604', '474935164451946506', '938487470339801169', '4'),
('2023-10-06 22:46:58', 'PlaySound', '707479292644163604', '474935164451946506', '938487470339801169', '5'),
('2023-10-06 22:47:10', 'PlaySound', '707479292644163604', '474935164451946506', '938487470339801169', '6'),
('2023-10-06 22:47:23', 'PlaySound', '707479292644163604', '474935164451946506', '938487470339801169', '7'),
('2023-10-06 22:47:42', 'PlaySound', '707479292644163604', '474935164451946506', '938487470339801169', '8'),
('2023-10-06 22:47:59', 'PlaySound', '707479292644163604', '474935164451946506', '938487470339801169', '9'),
('2023-10-06 22:48:06', 'PlaySound', '707479292644163604', '474935164451946506', '938487470339801169', '10'),
('2023-10-06 22:48:19', 'PlaySound', '707479292644163604', '474935164451946506', '938487470339801169', '11'),
('2023-10-06 22:48:30', 'PlaySound', '707479292644163604', '474935164451946506', '938487470339801169', '12'),
('2023-10-06 22:48:45', 'PlaySound', '707479292644163604', '474935164451946506', '938487470339801169', '13'),
('2023-10-06 22:49:02', 'PlaySound', '707479292644163604', '474935164451946506', '938487470339801169', '14'),
('2023-10-06 22:49:12', 'PlaySound', '707479292644163604', '474935164451946506', '938487470339801169', '15'),
('2023-10-06 22:49:33', 'PlaySound', '383358222972616705', '474935164451946506', '938487470339801169', '16'),
('2023-10-06 22:49:41', 'PlaySound', '707479292644163604', '474935164451946506', '938487470339801169', '17'),
('2023-10-06 22:49:49', 'PlaySound', '707479292644163604', '474935164451946506', '938487470339801169', '18'),
('2023-10-06 22:49:55', 'PlaySound', '707479292644163604', '474935164451946506', '938487470339801169', '19'),
('2023-10-06 22:50:00', 'PlaySound', '383358222972616705', '474935164451946506', '938487470339801169', '20'),
('2023-10-06 22:50:04', 'PlaySound', '383358222972616705', '474935164451946506', '938487470339801169', '21'),
('2023-10-06 22:50:10', 'PlaySound', '383358222972616705', '474935164451946506', '938487470339801169', '22'),
('2023-10-06 22:50:41', 'PlaySound', '707479292644163604', '474935164451946506', '938487470339801169', '23'),
('2023-10-06 22:50:50', 'PlaySound', '383358222972616705', '474935164451946506', '938487470339801169', '24'),
('2023-10-06 22:50:53', 'PlaySound', '383358222972616705', '474935164451946506', '938487470339801169', '25'),
('2023-10-06 22:50:56', 'PlaySound', '383358222972616705', '474935164451946506', '938487470339801169', '26'),
('2023-10-06 22:50:59', 'PlaySound', '383358222972616705', '474935164451946506', '938487470339801169', '27'),
('2023-10-06 22:51:03', 'PlaySound', '707479292644163604', '474935164451946506', '938487470339801169', '28'),
('2023-10-06 22:51:10', 'PlaySound', '707479292644163604', '474935164451946506', '938487470339801169', '29'),
('2023-10-06 22:51:24', 'PlaySound', '707479292644163604', '474935164451946506', '938487470339801169', '30'),
('2023-10-06 22:51:33', 'PlaySound', '707479292644163604', '474935164451946506', '938487470339801169', '31'),
('2023-10-06 22:51:44', 'PlaySound', '707479292644163604', '474935164451946506', '938487470339801169', '32'),
('2023-10-06 22:51:57', 'PlaySound', '707479292644163604', '474935164451946506', '938487470339801169', '33'),
('2023-10-06 22:52:11', 'PlaySound', '707479292644163604', '474935164451946506', '938487470339801169', '34'),
('2023-10-06 22:52:20', 'PlaySound', '707479292644163604', '474935164451946506', '938487470339801169', '35'),
('2023-10-06 22:52:26', 'PlaySound', '707479292644163604', '474935164451946506', '938487470339801169', '35'),
('2023-10-06 22:52:32', 'PlaySound', '707479292644163604', '474935164451946506', '938487470339801169', '35'),
('2023-10-06 22:52:40', 'PlaySound', '707479292644163604', '474935164451946506', '938487470339801169', '35'),
('2023-10-06 22:52:44', 'PlaySound', '707479292644163604', '474935164451946506', '938487470339801169', '35'),
('2023-10-06 22:52:49', 'PlaySound', '707479292644163604', '474935164451946506', '938487470339801169', '35'),
('2023-10-06 22:52:53', 'PlaySound', '707479292644163604', '474935164451946506', '938487470339801169', '35'),
('2023-10-06 22:52:59', 'PlaySound', '707479292644163604', '474935164451946506', '938487470339801169', '36'),
('2023-10-06 22:53:08', 'PlaySound', '707479292644163604', '474935164451946506', '938487470339801169', '37'),
('2023-10-06 22:53:17', 'PlaySound', '707479292644163604', '474935164451946506', '938487470339801169', '38'),
('2023-10-06 22:53:27', 'PlaySound', '707479292644163604', '474935164451946506', '938487470339801169', '39'),
('2023-10-06 22:53:39', 'PlaySound', '707479292644163604', '474935164451946506', '938487470339801169', '40'),
('2023-10-06 22:54:04', 'PlaySound', '707479292644163604', '474935164451946506', '938487470339801169', '41'),
('2023-10-06 22:54:11', 'PlaySound', '707479292644163604', '474935164451946506', '938487470339801169', '42'),
('2023-10-06 22:54:28', 'PlaySound', '707479292644163604', '474935164451946506', '938487470339801169', '43'),
('2023-10-06 22:54:36', 'PlaySound', '707479292644163604', '474935164451946506', '938487470339801169', '44'),
('2023-10-06 22:54:43', 'PlaySound', '707479292644163604', '474935164451946506', '938487470339801169', '45'),
('2023-10-06 22:54:59', 'PlaySound', '707479292644163604', '474935164451946506', '938487470339801169', '46'),
('2023-10-06 22:55:43', 'PlaySound', '707479292644163604', '474935164451946506', '938487470339801169', '47'),
('2023-10-06 22:55:49', 'PlaySound', '707479292644163604', '474935164451946506', '938487470339801169', '48'),
('2023-10-06 22:56:09', 'PlaySound', '707479292644163604', '474935164451946506', '938487470339801169', '49'),
('2023-10-06 22:56:42', 'List', '440489230968553472', '474935164451946506', '938487470339801169', 'user'),
('2023-10-06 22:56:49', 'listSlash', '383358222972616705', '474935164451946506', '938487470339801169', '[OptionMapping[USER](name=user, value=440489230968553472)]'),
('2023-10-06 22:56:54', 'PlaySound', '383358222972616705', '474935164451946506', '938487470339801169', '112'),
('2023-10-06 22:57:00', 'listSlash', '440489230968553472', '474935164451946506', '938487470339801169', '[OptionMapping[USER](name=user, value=440489230968553472)]'),
('2023-10-06 22:57:04', 'PlaySound', '707479292644163604', '474935164451946506', '938487470339801169', '50'),
('2023-10-06 22:57:08', 'PlaySound', '707479292644163604', '474935164451946506', '938487470339801169', '51'),
('2023-10-06 22:57:14', 'PlaySound', '707479292644163604', '474935164451946506', '938487470339801169', '52'),
('2023-10-06 22:57:19', 'PlaySound', '707479292644163604', '474935164451946506', '938487470339801169', '53'),
('2023-10-06 22:57:23', 'PlaySound', '707479292644163604', '474935164451946506', '938487470339801169', '54'),
('2023-10-06 22:57:27', 'PlaySound', '707479292644163604', '474935164451946506', '938487470339801169', '55'),
('2023-10-06 22:57:35', 'PlaySound', '707479292644163604', '474935164451946506', '938487470339801169', '56'),
('2023-10-06 22:57:41', 'PlaySound', '707479292644163604', '474935164451946506', '938487470339801169', '57'),
('2023-10-06 22:57:46', 'PlaySound', '707479292644163604', '474935164451946506', '938487470339801169', '58'),
('2023-10-06 22:57:55', 'PlaySound', '707479292644163604', '474935164451946506', '938487470339801169', '59'),
('2023-10-06 22:58:00', 'PlaySound', '707479292644163604', '474935164451946506', '938487470339801169', '60'),
('2023-10-06 22:58:05', 'PlaySound', '707479292644163604', '474935164451946506', '938487470339801169', '61'),
('2023-10-06 22:58:31', 'PlaySound', '707479292644163604', '474935164451946506', '938487470339801169', '62'),
('2023-10-06 22:58:40', 'PlaySound', '707479292644163604', '474935164451946506', '938487470339801169', '63'),
('2023-10-06 22:58:50', 'PlaySound', '707479292644163604', '474935164451946506', '938487470339801169', '64'),
('2023-10-06 22:58:57', 'PlaySound', '707479292644163604', '474935164451946506', '938487470339801169', '65'),
('2023-10-06 22:59:12', 'PlaySound', '707479292644163604', '474935164451946506', '938487470339801169', '66'),
('2023-10-06 22:59:18', 'PlaySound', '707479292644163604', '474935164451946506', '938487470339801169', '67'),
('2023-10-06 22:59:25', 'PlaySound', '707479292644163604', '474935164451946506', '938487470339801169', '68'),
('2023-10-06 22:59:34', 'PlaySound', '707479292644163604', '474935164451946506', '938487470339801169', '69'),
('2023-10-06 22:59:52', 'PlaySound', '707479292644163604', '474935164451946506', '938487470339801169', '70'),
('2023-10-06 22:59:59', 'PlaySound', '707479292644163604', '474935164451946506', '938487470339801169', '71'),
('2023-10-06 23:00:04', 'PlaySound', '707479292644163604', '474935164451946506', '938487470339801169', '72'),
('2023-10-06 23:00:15', 'PlaySound', '707479292644163604', '474935164451946506', '938487470339801169', '73'),
('2023-10-06 23:00:33', 'PlaySound', '707479292644163604', '474935164451946506', '938487470339801169', '74'),
('2023-10-06 23:00:40', 'PlaySound', '707479292644163604', '474935164451946506', '938487470339801169', '75'),
('2023-10-06 23:00:48', 'PlaySound', '707479292644163604', '474935164451946506', '938487470339801169', '76'),
('2023-10-06 23:00:58', 'PlaySound', '707479292644163604', '474935164451946506', '938487470339801169', '77'),
('2023-10-06 23:01:14', 'PlaySound', '707479292644163604', '474935164451946506', '938487470339801169', '78'),
('2023-10-06 23:01:21', 'PlaySound', '707479292644163604', '474935164451946506', '938487470339801169', '79'),
('2023-10-06 23:01:50', 'PlaySound', '707479292644163604', '474935164451946506', '938487470339801169', '80'),
('2023-10-06 23:01:56', 'PlaySound', '707479292644163604', '474935164451946506', '938487470339801169', '81'),
('2023-10-06 23:02:02', 'PlaySound', '707479292644163604', '474935164451946506', '938487470339801169', '82'),
('2023-10-06 23:02:10', 'PlaySound', '707479292644163604', '474935164451946506', '938487470339801169', '83'),
('2023-10-06 23:02:18', 'PlaySound', '707479292644163604', '474935164451946506', '938487470339801169', '84'),
('2023-10-06 23:02:29', 'PlaySound', '707479292644163604', '474935164451946506', '938487470339801169', '85'),
('2023-10-06 23:02:54', 'PlaySound', '707479292644163604', '474935164451946506', '938487470339801169', '86'),
('2023-10-06 23:03:07', 'PlaySound', '707479292644163604', '474935164451946506', '938487470339801169', '87'),
('2023-10-06 23:03:28', 'PlaySound', '707479292644163604', '474935164451946506', '938487470339801169', '88'),
('2023-10-06 23:03:33', 'PlaySound', '707479292644163604', '474935164451946506', '938487470339801169', '89'),
('2023-10-06 23:03:40', 'PlaySound', '707479292644163604', '474935164451946506', '938487470339801169', '89'),
('2023-10-06 23:03:45', 'PlaySound', '707479292644163604', '474935164451946506', '938487470339801169', '89'),
('2023-10-06 23:03:50', 'PlaySound', '707479292644163604', '474935164451946506', '938487470339801169', '89'),
('2023-10-06 23:03:55', 'PlaySound', '707479292644163604', '474935164451946506', '938487470339801169', '90'),
('2023-10-06 23:04:16', 'PlaySound', '707479292644163604', '474935164451946506', '938487470339801169', '91'),
('2023-10-06 23:04:24', 'PlaySound', '707479292644163604', '474935164451946506', '938487470339801169', '92'),
('2023-10-06 23:04:36', 'PlaySound', '707479292644163604', '474935164451946506', '938487470339801169', '93'),
('2023-10-06 23:04:50', 'PlaySound', '707479292644163604', '474935164451946506', '938487470339801169', '94'),
('2023-10-06 23:04:57', 'PlaySound', '707479292644163604', '474935164451946506', '938487470339801169', '95'),
('2023-10-06 23:05:03', 'PlaySound', '707479292644163604', '474935164451946506', '938487470339801169', '96'),
('2023-10-06 23:05:09', 'PlaySound', '707479292644163604', '474935164451946506', '938487470339801169', '97'),
('2023-10-06 23:05:22', 'PlaySound', '707479292644163604', '474935164451946506', '938487470339801169', '98'),
('2023-10-06 23:05:29', 'PlaySound', '707479292644163604', '474935164451946506', '938487470339801169', '99'),
('2023-10-06 23:05:34', 'PlaySound', '707479292644163604', '474935164451946506', '938487470339801169', '100'),
('2023-10-06 23:05:41', 'PlaySound', '707479292644163604', '474935164451946506', '938487470339801169', '101'),
('2023-10-06 23:05:47', 'PlaySound', '707479292644163604', '474935164451946506', '938487470339801169', '102'),
('2023-10-06 23:06:18', 'PlaySound', '707479292644163604', '474935164451946506', '938487470339801169', '103'),
('2023-10-06 23:06:26', 'PlaySound', '707479292644163604', '474935164451946506', '938487470339801169', '103'),
('2023-10-06 23:06:32', 'PlaySound', '707479292644163604', '474935164451946506', '938487470339801169', '104'),
('2023-10-06 23:06:47', 'PlaySound', '707479292644163604', '474935164451946506', '938487470339801169', '105'),
('2023-10-06 23:06:54', 'PlaySound', '707479292644163604', '474935164451946506', '938487470339801169', '106'),
('2023-10-06 23:07:24', 'PlaySound', '707479292644163604', '474935164451946506', '938487470339801169', '107'),
('2023-10-06 23:07:45', 'PlaySound', '707479292644163604', '474935164451946506', '938487470339801169', '108'),
('2023-10-06 23:07:51', 'PlaySound', '707479292644163604', '474935164451946506', '938487470339801169', '109'),
('2023-10-06 23:07:55', 'PlaySound', '707479292644163604', '474935164451946506', '938487470339801169', '110'),
('2023-10-06 23:08:01', 'PlaySound', '707479292644163604', '474935164451946506', '938487470339801169', '111'),
('2023-10-06 23:08:42', 'PlaySound', '707479292644163604', '474935164451946506', '938487470339801169', '112'),
('2023-10-06 23:08:50', 'PlaySound', '707479292644163604', '474935164451946506', '938487470339801169', '113'),
('2023-10-06 23:09:08', 'PlaySound', '707479292644163604', '474935164451946506', '938487470339801169', '114'),
('2023-10-06 23:09:16', 'PlaySound', '707479292644163604', '474935164451946506', '938487470339801169', '115'),
('2023-10-06 23:09:26', 'PlaySound', '707479292644163604', '474935164451946506', '938487470339801169', '116'),
('2023-10-06 23:10:01', 'PlaySound', '707479292644163604', '474935164451946506', '938487470339801169', '116'),
('2023-10-06 23:10:08', 'PlaySound', '707479292644163604', '474935164451946506', '938487470339801169', '117'),
('2023-10-06 23:10:17', 'PlaySound', '707479292644163604', '474935164451946506', '938487470339801169', '118'),
('2023-10-06 23:10:51', 'PlaySound', '707479292644163604', '474935164451946506', '938487470339801169', '119'),
('2023-10-06 23:11:19', 'PlaySound', '707479292644163604', '474935164451946506', '938487470339801169', '120'),
('2023-10-06 23:11:30', 'PlaySound', '707479292644163604', '474935164451946506', '938487470339801169', '121'),
('2023-10-06 23:11:38', 'PlaySound', '707479292644163604', '474935164451946506', '938487470339801169', '122'),
('2023-10-06 23:11:57', 'PlaySound', '707479292644163604', '474935164451946506', '938487470339801169', '123'),
('2023-10-06 23:12:02', 'PlaySound', '707479292644163604', '474935164451946506', '938487470339801169', '124'),
('2023-10-06 23:12:10', 'PlaySound', '707479292644163604', '474935164451946506', '938487470339801169', '125'),
('2023-10-06 23:12:14', 'PlaySound', '707479292644163604', '474935164451946506', '938487470339801169', '126'),
('2023-10-06 23:12:21', 'PlaySound', '707479292644163604', '474935164451946506', '938487470339801169', '126'),
('2023-10-06 23:12:28', 'PlaySound', '707479292644163604', '474935164451946506', '938487470339801169', '127'),
('2023-10-06 23:12:39', 'PlaySound', '707479292644163604', '474935164451946506', '938487470339801169', '128'),
('2023-10-06 23:12:44', 'PlaySound', '707479292644163604', '474935164451946506', '938487470339801169', '129'),
('2023-10-06 23:12:48', 'PlaySound', '707479292644163604', '474935164451946506', '938487470339801169', '130'),
('2023-10-06 23:12:52', 'PlaySound', '707479292644163604', '474935164451946506', '938487470339801169', '131'),
('2023-10-06 23:12:55', 'PlaySound', '707479292644163604', '474935164451946506', '938487470339801169', '132'),
('2023-10-06 23:12:59', 'PlaySound', '707479292644163604', '474935164451946506', '938487470339801169', '133'),
('2023-10-06 23:13:03', 'PlaySound', '707479292644163604', '474935164451946506', '938487470339801169', '134'),
('2023-10-06 23:13:07', 'PlaySound', '707479292644163604', '474935164451946506', '938487470339801169', '135'),
('2023-10-06 23:13:24', 'PlaySound', '707479292644163604', '474935164451946506', '938487470339801169', '136'),
('2023-10-06 23:13:49', 'PlaySound', '707479292644163604', '474935164451946506', '938487470339801169', '137'),
('2023-10-06 23:14:00', 'PlaySound', '707479292644163604', '474935164451946506', '938487470339801169', '138'),
('2023-10-06 23:14:06', 'PlaySound', '707479292644163604', '474935164451946506', '938487470339801169', '139'),
('2023-10-06 23:14:14', 'PlaySound', '707479292644163604', '474935164451946506', '938487470339801169', '140'),
('2023-10-06 23:14:23', 'PlaySound', '707479292644163604', '474935164451946506', '938487470339801169', '141');
INSERT IGNORE INTO `command` (`time`, `name`, `user_id`, `guild_id`, `bot_id`, `args`) VALUES
('2023-10-06 23:14:55', 'PlaySound', '707479292644163604', '474935164451946506', '938487470339801169', '142'),
('2023-10-06 23:15:00', 'PlaySound', '707479292644163604', '474935164451946506', '938487470339801169', '143'),
('2023-10-06 23:15:03', 'PlaySound', '707479292644163604', '474935164451946506', '938487470339801169', '144'),
('2023-10-06 23:15:07', 'PlaySound', '707479292644163604', '474935164451946506', '938487470339801169', '145'),
('2023-10-06 23:15:13', 'PlaySound', '707479292644163604', '474935164451946506', '938487470339801169', '146'),
('2023-10-06 23:15:17', 'PlaySound', '707479292644163604', '474935164451946506', '938487470339801169', '147'),
('2023-10-06 23:15:22', 'PlaySound', '707479292644163604', '474935164451946506', '938487470339801169', '148'),
('2023-10-06 23:15:26', 'PlaySound', '707479292644163604', '474935164451946506', '938487470339801169', '159'),
('2023-10-06 23:15:31', 'PlaySound', '707479292644163604', '474935164451946506', '938487470339801169', '149'),
('2023-10-06 23:15:36', 'PlaySound', '707479292644163604', '474935164451946506', '938487470339801169', '150'),
('2023-10-06 23:15:42', 'PlaySound', '707479292644163604', '474935164451946506', '938487470339801169', '151'),
('2023-10-06 23:15:51', 'PlaySound', '707479292644163604', '474935164451946506', '938487470339801169', '152'),
('2023-10-06 23:16:13', 'PlaySound', '707479292644163604', '474935164451946506', '938487470339801169', '153'),
('2023-10-06 23:18:22', 'PlaySound', '707479292644163604', '474935164451946506', '938487470339801169', '154'),
('2023-10-06 23:18:47', 'PlaySound', '707479292644163604', '474935164451946506', '938487470339801169', '155'),
('2023-10-06 23:18:55', 'PlaySound', '707479292644163604', '474935164451946506', '938487470339801169', '156'),
('2023-10-06 23:19:06', 'PlaySound', '707479292644163604', '474935164451946506', '938487470339801169', '157'),
('2023-10-06 23:19:11', 'PlaySound', '707479292644163604', '474935164451946506', '938487470339801169', '158'),
('2023-10-06 23:19:16', 'PlaySound', '707479292644163604', '474935164451946506', '938487470339801169', '160'),
('2023-10-06 23:19:22', 'PlaySound', '707479292644163604', '474935164451946506', '938487470339801169', '161'),
('2023-10-06 23:19:28', 'PlaySound', '707479292644163604', '474935164451946506', '938487470339801169', '162'),
('2023-10-06 23:19:43', 'PlaySound', '707479292644163604', '474935164451946506', '938487470339801169', '163'),
('2023-10-06 23:19:48', 'PlaySound', '707479292644163604', '474935164451946506', '938487470339801169', '164'),
('2023-10-06 23:20:09', 'PlaySound', '707479292644163604', '474935164451946506', '938487470339801169', '165'),
('2023-10-06 23:20:29', 'PlaySound', '707479292644163604', '474935164451946506', '938487470339801169', '166'),
('2023-10-06 23:20:47', 'PlaySound', '707479292644163604', '474935164451946506', '938487470339801169', '167'),
('2023-10-06 23:21:00', 'PlaySound', '707479292644163604', '474935164451946506', '938487470339801169', '168'),
('2023-10-06 23:21:20', 'PlaySound', '707479292644163604', '474935164451946506', '938487470339801169', '169'),
('2023-10-06 23:26:32', 'PlaySound', '707479292644163604', '474935164451946506', '938487470339801169', '170'),
('2023-10-06 23:26:41', 'PlaySound', '707479292644163604', '474935164451946506', '938487470339801169', '171'),
('2023-10-06 23:26:50', 'PlaySound', '707479292644163604', '474935164451946506', '938487470339801169', '172'),
('2023-10-06 23:27:15', 'PlaySound', '707479292644163604', '474935164451946506', '938487470339801169', '173'),
('2023-10-06 23:27:28', 'PlaySound', '707479292644163604', '474935164451946506', '938487470339801169', '174'),
('2023-10-06 23:28:15', 'PlaySound', '707479292644163604', '474935164451946506', '938487470339801169', '175'),
('2023-10-06 23:28:34', 'PlaySound', '707479292644163604', '474935164451946506', '938487470339801169', '176'),
('2023-10-06 23:28:59', 'PlaySound', '707479292644163604', '474935164451946506', '938487470339801169', '177'),
('2023-10-06 23:29:53', 'PlaySound', '707479292644163604', '474935164451946506', '938487470339801169', '178'),
('2023-10-06 23:30:14', 'PlaySound', '707479292644163604', '474935164451946506', '938487470339801169', '179'),
('2023-10-06 23:30:53', 'PlaySound', '707479292644163604', '474935164451946506', '938487470339801169', '180'),
('2023-10-06 23:31:43', 'PlaySound', '707479292644163604', '474935164451946506', '938487470339801169', '181'),
('2023-10-06 23:31:58', 'PlaySound', '707479292644163604', '474935164451946506', '938487470339801169', '182'),
('2023-10-06 23:32:02', 'PlaySound', '707479292644163604', '474935164451946506', '938487470339801169', '182'),
('2023-10-06 23:32:06', 'PlaySound', '707479292644163604', '474935164451946506', '938487470339801169', '183'),
('2023-10-06 23:32:37', 'PlaySound', '707479292644163604', '474935164451946506', '938487470339801169', '184'),
('2023-10-06 23:32:48', 'PlaySound', '707479292644163604', '474935164451946506', '938487470339801169', '185'),
('2023-10-06 23:32:53', 'PlaySound', '707479292644163604', '474935164451946506', '938487470339801169', '186'),
('2023-10-06 23:32:58', 'PlaySound', '707479292644163604', '474935164451946506', '938487470339801169', '187'),
('2023-10-06 23:32:58', 'Stop', '383358222972616705', '474935164451946506', '938487470339801169', ''),
('2023-10-06 23:34:52', 'uploadSlash', '440489230968553472', '474935164451946506', '938487470339801169', '[OptionMapping[STRING](name=name, value=potremmo), OptionMapping[ATTACHMENT](name=file, value=1159982130714136596)]'),
('2023-10-06 23:38:54', 'PlaySound', '707479292644163604', '474935164451946506', '938487470339801169', '188'),
('2023-10-06 23:39:01', 'PlaySound', '707479292644163604', '474935164451946506', '938487470339801169', '189'),
('2023-10-06 23:39:09', 'PlaySound', '707479292644163604', '474935164451946506', '938487470339801169', '190'),
('2023-10-06 23:39:14', 'PlaySound', '707479292644163604', '474935164451946506', '938487470339801169', '191'),
('2023-10-06 23:39:19', 'PlaySound', '707479292644163604', '474935164451946506', '938487470339801169', '192'),
('2023-10-06 23:42:54', 'PlaySound', '383358222972616705', '474935164451946506', '938487470339801169', 'potremmo'),
('2023-10-06 23:42:57', 'Stop', '383358222972616705', '474935164451946506', '938487470339801169', ''),
('2023-10-06 23:43:05', 'PlaySound', '707479292644163604', '474935164451946506', '938487470339801169', '193'),
('2023-10-06 23:43:53', 'PlaySound', '707479292644163604', '474935164451946506', '938487470339801169', '195'),
('2023-10-06 23:43:56', 'PlaySound', '383358222972616705', '474935164451946506', '938487470339801169', '1v9 song'),
('2023-10-06 23:43:58', 'Stop', '383358222972616705', '474935164451946506', '938487470339801169', ''),
('2023-10-06 23:44:02', 'PlaySound', '383358222972616705', '474935164451946506', '938487470339801169', '1v9 sojng'),
('2023-10-06 23:44:04', 'PlaySound', '383358222972616705', '474935164451946506', '938487470339801169', '1v9 song'),
('2023-10-06 23:44:07', 'Stop', '383358222972616705', '474935164451946506', '938487470339801169', ''),
('2023-10-06 23:44:16', 'PlaySound', '707479292644163604', '474935164451946506', '938487470339801169', '196'),
('2023-10-06 23:44:25', 'PlayYoutube', '383358222972616705', '474935164451946506', '938487470339801169', 'twitch 1v9 song montange'),
('2023-10-06 23:44:39', 'PlaySound', '707479292644163604', '474935164451946506', '938487470339801169', '197'),
('2023-10-06 23:44:44', 'PlaySound', '383358222972616705', '474935164451946506', '938487470339801169', '198'),
('2023-10-06 23:44:46', 'PlaySound', '383358222972616705', '474935164451946506', '938487470339801169', '199'),
('2023-10-06 23:44:49', 'PlaySound', '383358222972616705', '474935164451946506', '938487470339801169', '200'),
('2023-10-06 23:44:51', 'PlaySound', '383358222972616705', '474935164451946506', '938487470339801169', '201'),
('2023-10-06 23:44:53', 'PlaySound', '383358222972616705', '474935164451946506', '938487470339801169', '202'),
('2023-10-06 23:44:57', 'PlaySound', '383358222972616705', '474935164451946506', '938487470339801169', '203'),
('2023-10-06 23:44:59', 'PlaySound', '383358222972616705', '474935164451946506', '938487470339801169', '204'),
('2023-10-06 23:45:00', 'PlaySound', '383358222972616705', '474935164451946506', '938487470339801169', '205'),
('2023-10-06 23:45:02', 'PlaySound', '383358222972616705', '474935164451946506', '938487470339801169', '206'),
('2023-10-06 23:45:08', 'PlaySound', '383358222972616705', '474935164451946506', '938487470339801169', '207'),
('2023-10-06 23:45:26', 'Stop', '383358222972616705', '474935164451946506', '938487470339801169', ''),
('2023-10-06 23:46:19', 'PlaySound', '707479292644163604', '474935164451946506', '938487470339801169', '200'),
('2023-10-06 23:46:28', 'PlaySound', '707479292644163604', '474935164451946506', '938487470339801169', '201'),
('2023-10-06 23:46:33', 'Stop', '440489230968553472', '474935164451946506', '938487470339801169', ''),
('2023-10-06 23:46:36', 'PlaySound', '707479292644163604', '474935164451946506', '938487470339801169', '202'),
('2023-10-06 23:46:38', 'PlaySound', '383358222972616705', '474935164451946506', '938487470339801169', 'bongo'),
('2023-10-06 23:46:42', 'Stop', '440489230968553472', '474935164451946506', '938487470339801169', ''),
('2023-10-06 23:46:43', 'Stop', '383358222972616705', '474935164451946506', '938487470339801169', ''),
('2023-10-06 23:46:50', 'PlaySound', '383358222972616705', '474935164451946506', '938487470339801169', '1v9 song'),
('2023-10-06 23:46:52', 'Stop', '383358222972616705', '474935164451946506', '938487470339801169', ''),
('2023-10-06 23:47:03', 'PlaySound', '707479292644163604', '474935164451946506', '938487470339801169', '203'),
('2023-10-06 23:47:14', 'PlaySound', '707479292644163604', '474935164451946506', '938487470339801169', '204'),
('2023-10-06 23:47:18', 'PlaySound', '707479292644163604', '474935164451946506', '938487470339801169', '205'),
('2023-10-06 23:47:19', 'Stop', '383358222972616705', '474935164451946506', '938487470339801169', ''),
('2023-10-07 01:54:20', 'championSlash', '440489230968553472', '474935164451946506', '938487470339801169', '[OptionMapping[STRING](name=champ, value=caitlyn), OptionMapping[STRING](name=lane, value=ADC)]'),
('2023-10-07 02:40:57', 'PlayYoutube', '383358222972616705', '474935164451946506', '938487470339801169', 'goat storm'),
('2023-10-07 02:41:27', 'PlaySound', '383358222972616705', '474935164451946506', '938487470339801169', 'sot'),
('2023-10-07 02:41:29', 'Stop', '383358222972616705', '474935164451946506', '938487470339801169', ''),
('2023-10-07 02:42:36', 'championSlash', '383358222972616705', '474935164451946506', '938487470339801169', '[OptionMapping[STRING](name=champ, value=Mordekaiser), OptionMapping[STRING](name=lane, value=ADC)]'),
('2023-10-07 16:18:22', 'PlaySound', '383358222972616705', '474935164451946506', '938487470339801169', 'sot'),
('2023-10-07 16:18:24', 'Stop', '383358222972616705', '474935164451946506', '938487470339801169', ''),
('2023-10-07 16:58:15', 'PlaySound', '707479292644163604', '474935164451946506', '938487470339801169', '1'),
('2023-10-07 16:58:35', 'PlaySound', '707479292644163604', '474935164451946506', '938487470339801169', 'parchetto'),
('2023-10-07 17:02:19', 'PlaySound', '707479292644163604', '474935164451946506', '938487470339801169', 'non ce la faccio chiu'),
('2023-10-07 17:04:08', 'PlaySound', '707479292644163604', '474935164451946506', '938487470339801169', 'citt di'),
('2023-10-07 17:05:08', 'PlaySound', '707479292644163604', '474935164451946506', '938487470339801169', 'nuova vita'),
('2023-10-07 17:06:26', 'PlaySound', '707479292644163604', '474935164451946506', '938487470339801169', 'uomini e polvere'),
('2023-10-07 17:07:37', 'PlaySound', '707479292644163604', '474935164451946506', '938487470339801169', 'impara'),
('2023-10-07 20:24:40', 'championSlash', '440489230968553472', '474935164451946506', '938487470339801169', '[OptionMapping[STRING](name=champ, value=Ziggs), OptionMapping[STRING](name=lane, value=ADC)]'),
('2023-10-07 21:34:25', 'championSlash', '440489230968553472', '474935164451946506', '938487470339801169', '[OptionMapping[STRING](name=champ, value=aphlios), OptionMapping[STRING](name=lane, value=ADC)]'),
('2023-10-07 21:59:13', 'championSlash', '440489230968553472', '474935164451946506', '938487470339801169', '[OptionMapping[STRING](name=champ, value=Caitlyn), OptionMapping[STRING](name=lane, value=ADC)]'),
('2023-10-07 22:57:36', 'championSlash', '383358222972616705', '474935164451946506', '938487470339801169', '[OptionMapping[STRING](name=champ, value=rell), OptionMapping[STRING](name=lane, value=SUPPORT)]'),
('2023-10-07 23:30:26', 'infomatchesSlash', '383358222972616705', '474935164451946506', '938487470339801169', '[]'),
('2023-10-07 23:31:19', 'championSlash', '440489230968553472', '474935164451946506', '938487470339801169', '[OptionMapping[STRING](name=champ, value=kai sa), OptionMapping[STRING](name=lane, value=ADC)]'),
('2023-10-08 00:20:54', 'championSlash', '440489230968553472', '474935164451946506', '938487470339801169', '[OptionMapping[STRING](name=champ, value=ezreal), OptionMapping[STRING](name=lane, value=ADC)]'),
('2023-10-08 08:00:07', 'PlayYoutube', '431324611968368652', '474935164451946506', '938487470339801169', 'https://www.youtube.com/watch?v=Jikm8CCRbdM&t=1335s'),
('2023-10-08 08:00:46', 'Stop', '431324611968368652', '474935164451946506', '938487470339801169', ''),
('2023-10-08 08:12:33', 'PlayYoutube', '431324611968368652', '474935164451946506', '938487470339801169', 'https://www.owlbear.rodeo/room/lbX0J8fBb-n4/TheBroadLogo'),
('2023-10-08 08:12:50', 'PlayYoutube', '431324611968368652', '474935164451946506', '938487470339801169', 'https://www.youtube.com/watch?v=Jikm8CCRbdM&t=1335s'),
('2023-10-08 15:10:48', 'PlaySound', '440489230968553472', '474935164451946506', '938487470339801169', '1v9'),
('2023-10-08 15:11:53', 'List', '440489230968553472', '474935164451946506', '938487470339801169', ''),
('2023-10-08 15:12:04', 'PlaySound', '291624587278417920', '474935164451946506', '938487470339801169', '1v9 song'),
('2023-10-08 15:12:05', 'Stop', '383358222972616705', '474935164451946506', '938487470339801169', ''),
('2023-10-08 15:12:12', 'PlaySound', '440489230968553472', '474935164451946506', '938487470339801169', 'mrbeast'),
('2023-10-08 15:12:13', 'Stop', '383358222972616705', '474935164451946506', '938487470339801169', ''),
('2023-10-08 15:12:14', 'Stop', '440489230968553472', '474935164451946506', '938487470339801169', ''),
('2023-10-08 15:12:19', 'List', '440489230968553472', '474935164451946506', '938487470339801169', ''),
('2023-10-08 15:13:39', 'downloadsoundSlash', '383358222972616705', '474935164451946506', '938487470339801169', '[OptionMapping[STRING](name=sound, value=eheh)]'),
('2023-10-08 15:17:08', 'gamerankSlash', '440489230968553472', '474935164451946506', '938487470339801169', '[]'),
('2023-10-08 15:18:56', 'PlayYoutube', '440489230968553472', '474935164451946506', '938487470339801169', 'masenko'),
('2023-10-08 15:19:01', 'Stop', '440489230968553472', '474935164451946506', '938487470339801169', ''),
('2023-10-08 15:53:22', 'championSlash', '440489230968553472', '474935164451946506', '938487470339801169', '[OptionMapping[STRING](name=champ, value=caitlyn), OptionMapping[STRING](name=lane, value=ADC)]'),
('2023-10-08 16:24:49', 'championSlash', '440489230968553472', '474935164451946506', '938487470339801169', '[OptionMapping[STRING](name=champ, value=Ezreal), OptionMapping[STRING](name=lane, value=ADC)]'),
('2023-10-08 22:02:44', 'PlaySound', '707479292644163604', '474935164451946506', '938487470339801169', 'arcus'),
('2023-10-08 22:03:01', 'PlaySound', '707479292644163604', '474935164451946506', '938487470339801169', 'ancora dai'),
('2023-10-08 22:03:24', 'PlaySound', '707479292644163604', '474935164451946506', '938487470339801169', 'goofy'),
('2023-10-08 22:03:36', 'PlayYoutube', '440489230968553472', '474935164451946506', '938487470339801169', 'tu sei un goofy goober bar'),
('2023-10-08 22:05:24', 'PlaySound', '707479292644163604', '474935164451946506', '938487470339801169', 'mama'),
('2023-10-08 22:58:22', 'soundboardSlash', '440489230968553472', '474935164451946506', '938487470339801169', '[OptionMapping[STRING](name=name, value=9)]'),
('2023-10-08 23:00:37', 'soundboardSlash', '440489230968553472', '474935164451946506', '938487470339801169', '[OptionMapping[STRING](name=sound-1, value=166), OptionMapping[STRING](name=sound-2, value=116), OptionMapping[STRING](name=sound-3, value=33), OptionMapping[STRING](name=sound-4, value=139), OptionMapping[STRING](name=sound-5, value=74), OptionMapping[STRING](name=sound-6, value=192), OptionMapping[STRING](name=sound-7, value=1), OptionMapping[STRING](name=sound-8, value=9), OptionMapping[STRING](name=sound-9, value=71), OptionMapping[STRING](name=sound-10, value=4)]'),
('2023-10-08 23:01:10', 'soundboardSlash', '440489230968553472', '474935164451946506', '938487470339801169', '[OptionMapping[STRING](name=sound-1, value=156), OptionMapping[STRING](name=sound-2, value=77), OptionMapping[STRING](name=sound-3, value=44), OptionMapping[STRING](name=sound-4, value=44), OptionMapping[STRING](name=sound-5, value=1), OptionMapping[STRING](name=sound-6, value=59), OptionMapping[STRING](name=sound-7, value=111), OptionMapping[STRING](name=sound-8, value=167)]'),
('2023-10-08 23:02:56', 'soundboardSlash', '440489230968553472', '474935164451946506', '938487470339801169', '[OptionMapping[STRING](name=sound-1, value=31), OptionMapping[STRING](name=sound-2, value=17), OptionMapping[STRING](name=sound-3, value=51), OptionMapping[STRING](name=sound-5, value=46), OptionMapping[STRING](name=sound-6, value=31), OptionMapping[STRING](name=sound-7, value=203)]'),
('2023-10-09 00:49:03', 'soundboardSlash', '440489230968553472', '474935164451946506', '938487470339801169', '[OptionMapping[STRING](name=sound-1, value=oidozir)]'),
('2023-10-09 09:10:51', 'soundboardSlash', '383358222972616705', '474935164451946506', '938487470339801169', '[OptionMapping[STRING](name=name, value=2)]'),
('2023-10-09 11:04:40', 'soundboardSlash', '440489230968553472', '474935164451946506', '938487470339801169', '[OptionMapping[STRING](name=sound-1, value=sdafasdfasda)]'),
('2023-10-09 11:32:18', 'Query', '440489230968553472', '474935164451946506', '938487470339801169', 'select * from welcome_roles'),
('2023-10-09 20:17:23', 'championSlash', '440489230968553472', '474935164451946506', '938487470339801169', '[OptionMapping[STRING](name=champ, value=sett), OptionMapping[STRING](name=lane, value=TOP)]'),
('2023-10-09 21:06:28', 'welcomeSlash', '440489230968553472', '474935164451946506', '938487470339801169', '[]'),
('2023-10-10 11:12:27', 'levelupSlash', '440489230968553472', '474935164451946506', '938487470339801169', '[OptionMapping[CHANNEL](name=channel, value=938513359626715176), OptionMapping[NUMBER](name=value, value=2.0)]'),
('2023-10-10 11:12:46', 'levelupSlash', '440489230968553472', '474935164451946506', '938487470339801169', '[OptionMapping[CHANNEL](name=channel, value=938513359626715176), OptionMapping[NUMBER](name=value, value=1.0)]'),
('2023-10-10 12:27:45', 'TTS', '440489230968553472', '474935164451946506', '938487470339801169', 'a'),
('2023-10-10 12:27:51', 'TTS', '440489230968553472', '474935164451946506', '938487470339801169', 'asdadas'),
('2023-10-10 12:28:04', 'TTS', '440489230968553472', '474935164451946506', '938487470339801169', 'oidocrop'),
('2023-10-10 12:30:06', 'TTS', '440489230968553472', '474935164451946506', '938487470339801169', ':('),
('2023-10-10 12:32:37', 'TTS', '440489230968553472', '474935164451946506', '938487470339801169', 'list'),
('2023-10-10 12:33:05', 'TTS', '440489230968553472', '474935164451946506', '938487470339801169', 'Mike :('),
('2023-10-10 12:33:15', 'TTS', '440489230968553472', '474935164451946506', '938487470339801169', 'Mike :('),
('2023-10-10 12:33:25', 'TTS', '440489230968553472', '474935164451946506', '938487470339801169', ':(:('),
('2023-10-10 12:33:33', 'TTS', '440489230968553472', '474935164451946506', '938487470339801169', 'Mike :(:('),
('2023-10-10 12:34:34', 'TTS', '383358222972616705', '474935164451946506', '938487470339801169', 'io sto mangiando la pasta'),
('2023-10-10 12:34:51', 'TTS', '383358222972616705', '474935164451946506', '938487470339801169', 'mkanda il live share'),
('2023-10-10 12:35:06', 'TTS', '383358222972616705', '474935164451946506', '938487470339801169', 'sono anche sul 21:9'),
('2023-10-10 12:35:24', 'TTS', '383358222972616705', '474935164451946506', '938487470339801169', 'king of :)'),
('2023-10-10 12:35:25', 'TTS', '440489230968553472', '474935164451946506', '938487470339801169', 'il 21v9'),
('2023-10-10 12:35:34', 'TTS', '383358222972616705', '474935164451946506', '938487470339801169', 'echesde'),
('2023-10-10 12:35:38', 'TTS', '383358222972616705', '474935164451946506', '938487470339801169', 'sajf'),
('2023-10-10 12:35:43', 'TTS', '383358222972616705', '474935164451946506', '938487470339801169', 'game a lol?'),
('2023-10-10 12:35:48', 'TTS', '383358222972616705', '474935164451946506', '938487470339801169', 'scherzo lavoro'),
('2023-10-10 12:36:22', 'TTS', '383358222972616705', '474935164451946506', '938487470339801169', 'mi dispiace mi da fastidio chi bestemmia'),
('2023-10-10 12:36:26', 'TTS', '383358222972616705', '474935164451946506', '938487470339801169', 'ciao'),
('2023-10-10 12:36:33', 'TTS', '440489230968553472', '474935164451946506', '938487470339801169', 'https://cdn.discordapp.com/emojis/1061388060346036297.webp?size=48&name=wesh&quality=lossless'),
('2023-10-10 12:36:36', 'Stop', '440489230968553472', '474935164451946506', '938487470339801169', ''),
('2023-10-10 12:36:42', 'TTS', '440489230968553472', '474935164451946506', '938487470339801169', '<:keria:1035270146098470994>'),
('2023-10-10 12:36:43', 'PlaySound', '383358222972616705', '474935164451946506', '938487470339801169', '203'),
('2023-10-10 12:36:54', 'TTS', '383358222972616705', '474935164451946506', '938487470339801169', 'zeb eitinain'),
('2023-10-10 12:36:58', 'TTS', '440489230968553472', '474935164451946506', '938487470339801169', '<:keria:1035270146098470994> <:keria:1035270146098470994> <:keria:1035270146098470994> <:keria:1035270146098470994> <:keria:1035270146098470994> <:keria:1035270146098470994> <:keria:1035270146098470994> <:keria:1035270146098470994> <:keria:1035270146098470994> <:keria:1035270146098470994> <:keria:1035270146098470994> <:keria:1035270146098470994> <:keria:1035270146098470994> <:keria:1035270146098470994> <:keria:1035270146098470994>'),
('2023-10-10 12:37:24', 'TTS', '440489230968553472', '474935164451946506', '938487470339801169', '<:keria:1035270146098470994><:keria:1035270146098470994><:keria:1035270146098470994><:keria:1035270146098470994><:keria:1035270146098470994><:keria:1035270146098470994><:keria:1035270146098470994><:keria:1035270146098470994><:keria:1035270146098470994><:keria:1035270146098470994><:keria:1035270146098470994><:keria:1035270146098470994><:keria:1035270146098470994><:keria:1035270146098470994>'),
('2023-10-10 12:37:29', 'Stop', '440489230968553472', '474935164451946506', '938487470339801169', ''),
('2023-10-10 12:37:34', 'TTS', '440489230968553472', '474935164451946506', '938487470339801169', '<:keria:1035270146098470994>'),
('2023-10-10 12:37:35', 'TTS', '383358222972616705', '474935164451946506', '938487470339801169', 'close'),
('2023-10-10 12:37:45', 'TTS', '383358222972616705', '474935164451946506', '938487470339801169', '<:keria:1035270146098470994>'),
('2023-10-10 12:37:55', 'TTS', '383358222972616705', '474935164451946506', '938487470339801169', '<:Thresh:1106680208754475069>'),
('2023-10-10 12:38:10', 'TTS', '383358222972616705', '474935164451946506', '938487470339801169', '<:Brizz:965985034836262912>'),
('2023-10-10 12:38:18', 'TTS', '383358222972616705', '474935164451946506', '938487470339801169', 'quelli non hanno un id mi sa'),
('2023-10-10 12:38:29', 'TTS', '383358222972616705', '474935164451946506', '938487470339801169', 'nooooooooooooooo'),
('2023-10-10 12:38:32', 'TTS', '383358222972616705', '474935164451946506', '938487470339801169', 'morto il papa'),
('2023-10-10 12:38:38', 'TTS', '383358222972616705', '474935164451946506', '938487470339801169', 'se ne fa un altro'),
('2023-10-10 12:38:53', 'TTS', '383358222972616705', '474935164451946506', '938487470339801169', 'a logica se hai il levelup attivo'),
('2023-10-10 12:39:43', 'TTS', '383358222972616705', '474935164451946506', '938487470339801169', 'senza fare un metodo'),
('2023-10-10 12:39:48', 'TTS', '383358222972616705', '474935164451946506', '938487470339801169', 'riga 32'),
('2023-10-10 12:40:05', 'TTS', '383358222972616705', '474935164451946506', '938487470339801169', 'getGuild.get(exp_enabvled).getAsBoolean'),
('2023-10-10 12:40:23', 'TTS', '383358222972616705', '474935164451946506', '938487470339801169', 'lo so'),
('2023-10-10 12:40:28', 'TTS', '383358222972616705', '474935164451946506', '938487470339801169', ' per non avere 200 metodi'),
('2023-10-10 12:40:48', 'TTS', '383358222972616705', '474935164451946506', '938487470339801169', 'sai gi che rifaremo 20 volte gli stessi metodi con nomi diversi'),
('2023-10-10 12:41:12', 'TTS', '383358222972616705', '474935164451946506', '938487470339801169', 'come tutte le cose'),
('2023-10-10 12:41:21', 'TTS', '383358222972616705', '474935164451946506', '938487470339801169', 'basta metterle nel notion'),
('2023-10-10 12:41:49', 'TTS', '383358222972616705', '474935164451946506', '938487470339801169', 'la coda ha smesso di essere un problema appena messa nel notion, perch ora  nelle cose future da fare'),
('2023-10-10 12:42:04', 'TTS', '383358222972616705', '474935164451946506', '938487470339801169', 'che cosa'),
('2023-10-10 12:42:34', 'TTS', '383358222972616705', '474935164451946506', '938487470339801169', 'infatti nessuno'),
('2023-10-10 12:42:41', 'TTS', '383358222972616705', '474935164451946506', '938487470339801169', 'come ogni cosa non ci abbiamo pensato e fatto di getto'),
('2023-10-10 12:42:48', 'TTS', '383358222972616705', '474935164451946506', '938487470339801169', 'ed ecco alert'),
('2023-10-10 12:44:32', 'TTS', '383358222972616705', '474935164451946506', '938487470339801169', 'non voglio nemmeno capire'),
('2023-10-10 12:44:45', 'TTS', '383358222972616705', '474935164451946506', '938487470339801169', 'ho fatto drop table e rimesso in ordini diversi'),
('2023-10-10 12:45:44', 'TTS', '383358222972616705', '474935164451946506', '938487470339801169', 'finit la pasta'),
('2023-10-10 12:45:49', 'TTS', '383358222972616705', '474935164451946506', '938487470339801169', 'a noi due evednthandler'),
('2023-10-10 13:05:52', 'TTS', '440489230968553472', '474935164451946506', '938487470339801169', 'ciao'),
('2023-10-10 13:41:08', 'PlaySound', '383358222972616705', '474935164451946506', '938487470339801169', '195'),
('2023-10-10 13:41:25', 'PlaySound', '440489230968553472', '474935164451946506', '938487470339801169', 'parchetto'),
('2023-10-10 13:41:27', 'Stop', '383358222972616705', '474935164451946506', '938487470339801169', ''),
('2023-10-10 13:41:34', 'PlaySound', '383358222972616705', '474935164451946506', '938487470339801169', 'nuclear'),
('2023-10-10 13:41:36', 'PlaySound', '383358222972616705', '474935164451946506', '938487470339801169', 'nucleare'),
('2023-10-10 13:41:52', 'PlaySound', '383358222972616705', '474935164451946506', '938487470339801169', 'mama'),
('2023-10-10 13:41:55', 'Stop', '383358222972616705', '474935164451946506', '938487470339801169', ''),
('2023-10-10 13:42:09', 'List', '440489230968553472', '474935164451946506', '938487470339801169', ''),
('2023-10-10 13:42:37', 'PlaySound', '383358222972616705', '474935164451946506', '938487470339801169', 'masenko'),
('2023-10-10 13:42:42', 'PlaySound', '383358222972616705', '474935164451946506', '938487470339801169', 'masenko3'),
('2023-10-10 13:42:56', 'PlaySound', '383358222972616705', '474935164451946506', '938487470339801169', 'mama2'),
('2023-10-10 13:43:00', 'Stop', '383358222972616705', '474935164451946506', '938487470339801169', ''),
('2023-10-10 13:43:05', 'PlaySound', '383358222972616705', '474935164451946506', '938487470339801169', 'mama3'),
('2023-10-10 13:43:15', 'PlaySound', '383358222972616705', '474935164451946506', '938487470339801169', 'mama'),
('2023-10-10 13:43:23', 'PlaySound', '440489230968553472', '474935164451946506', '938487470339801169', 'tre in canna'),
('2023-10-10 13:43:24', 'PlaySound', '383358222972616705', '474935164451946506', '938487470339801169', 'cough'),
('2023-10-10 13:43:25', 'Stop', '440489230968553472', '474935164451946506', '938487470339801169', ''),
('2023-10-10 13:43:34', 'PlaySound', '383358222972616705', '474935164451946506', '938487470339801169', 'pd2'),
('2023-10-10 13:43:44', 'PlaySound', '383358222972616705', '474935164451946506', '938487470339801169', 'pd'),
('2023-10-10 13:43:51', 'PlaySound', '440489230968553472', '474935164451946506', '938487470339801169', 'threshariel'),
('2023-10-10 13:43:58', 'PlaySound', '383358222972616705', '474935164451946506', '938487470339801169', 'nocturne'),
('2023-10-10 13:44:03', 'List', '440489230968553472', '474935164451946506', '938487470339801169', ''),
('2023-10-10 13:44:19', 'PlaySound', '383358222972616705', '474935164451946506', '938487470339801169', '5min'),
('2023-10-10 13:44:20', 'PlaySound', '440489230968553472', '474935164451946506', '938487470339801169', '5min'),
('2023-10-10 13:44:55', 'PlaySound', '383358222972616705', '474935164451946506', '938487470339801169', 'sot'),
('2023-10-10 13:44:55', 'Stop', '383358222972616705', '474935164451946506', '938487470339801169', ''),
('2023-10-10 13:45:07', 'PlaySound', '440489230968553472', '474935164451946506', '938487470339801169', 'knock'),
('2023-10-10 13:45:14', 'PlayYoutube', '440489230968553472', '474935164451946506', '938487470339801169', '1v9'),
('2023-10-10 13:45:16', 'Stop', '440489230968553472', '474935164451946506', '938487470339801169', ''),
('2023-10-10 13:45:20', 'PlayYoutube', '440489230968553472', '474935164451946506', '938487470339801169', '1v9 song'),
('2023-10-10 13:45:29', 'PlayYoutube', '440489230968553472', '474935164451946506', '938487470339801169', '1v9 song'),
('2023-10-10 13:45:43', 'PlaySound', '383358222972616705', '474935164451946506', '938487470339801169', '1v9 song'),
('2023-10-10 13:45:45', 'Stop', '383358222972616705', '474935164451946506', '938487470339801169', ''),
('2023-10-10 13:48:42', 'TTS', '383358222972616705', '474935164451946506', '938487470339801169', 'devo andare'),
('2023-10-10 13:48:47', 'TTS', '383358222972616705', '474935164451946506', '938487470339801169', 'non ancora'),
('2023-10-10 13:48:50', 'TTS', '383358222972616705', '474935164451946506', '938487470339801169', 'pero non posos parlare'),
('2023-10-10 13:49:25', 'TTS', '383358222972616705', '474935164451946506', '938487470339801169', 'volevo dire, se cerchi faker magari ti rid 5 suoni, quello giusto  il terzo ma ti riproducce il primo'),
('2023-10-10 13:49:48', 'TTS', '345307975788920842', '474935164451946506', '938487470339801169', 'strunz'),
('2023-10-10 13:49:53', 'TTS', '383358222972616705', '474935164451946506', '938487470339801169', 'brava'),
('2023-10-10 13:50:05', 'TTS', '383358222972616705', '474935164451946506', '938487470339801169', 'boh se prima era cos va bene'),
('2023-10-10 13:50:37', 'TTS', '383358222972616705', '474935164451946506', '938487470339801169', 'ero sicuro ci fosse il like nella query'),
('2023-10-10 13:50:48', 'TTS', '383358222972616705', '474935164451946506', '938487470339801169', 'ci avevamo provato'),
('2023-10-10 13:50:52', 'TTS', '383358222972616705', '474935164451946506', '938487470339801169', 'pensavo fosse rimasto'),
('2023-10-10 13:50:58', 'TTS', '383358222972616705', '474935164451946506', '938487470339801169', 'allora s ovvio che va'),
('2023-10-10 13:51:16', 'TTS', '383358222972616705', '474935164451946506', '938487470339801169', 'chiss se va il count'),
('2023-10-10 13:51:37', 'TTS', '383358222972616705', '474935164451946506', '938487470339801169', 'io ora devo andare'),
('2023-10-10 13:51:42', 'TTS', '383358222972616705', '474935164451946506', '938487470339801169', 'aspetta'),
('2023-10-10 13:51:51', 'TTS', '383358222972616705', '474935164451946506', '938487470339801169', 'Pietro ora vado con la voce giusta'),
('2023-10-10 13:52:00', 'TTS', '383358222972616705', '474935164451946506', '938487470339801169', 'Pietro molto meglio'),
('2023-10-10 13:52:13', 'TTS', '383358222972616705', '474935164451946506', '938487470339801169', 'Pietro se ci siete magari stasera lol o magari unistallo a vita'),
('2023-10-10 13:52:23', 'TTS', '383358222972616705', '474935164451946506', '938487470339801169', 'bye bye'),
('2023-10-10 15:04:31', 'TTS', '345307975788920842', '474935164451946506', '938487470339801169', 'Boom boom boom, i want you in my room'),
('2023-10-10 20:36:58', 'championSlash', '440489230968553472', '474935164451946506', '938487470339801169', '[OptionMapping[STRING](name=champ, value=Caitlyn), OptionMapping[STRING](name=lane, value=ADC)]'),
('2023-10-10 21:23:16', 'championSlash', '440489230968553472', '474935164451946506', '938487470339801169', '[OptionMapping[STRING](name=champ, value=ezreal), OptionMapping[STRING](name=lane, value=ADC)]'),
('2023-10-10 22:53:29', 'PlayYoutube', '431324611968368652', '474935164451946506', '938487470339801169', 'avengers theme'),
('2023-10-10 22:58:35', 'TTS', '345307975788920842', '474935164451946506', '938487470339801169', 'PORCO D'),
('2023-10-11 11:04:39', 'Clear', '440489230968553472', '474935164451946506', '938487470339801169', '1'),
('2023-10-11 11:09:21', 'Query', '440489230968553472', '474935164451946506', '938487470339801169', 'select count(id) from sound'),
('2023-10-11 11:48:58', 'soundboardSlash', '440489230968553472', '474935164451946506', '938487470339801169', '[OptionMapping[STRING](name=name, value=prova da eliminare), OptionMapping[STRING](name=sound-1, value=22), OptionMapping[STRING](name=sound-2, value=162), OptionMapping[STRING](name=sound-3, value=141), OptionMapping[STRING](name=sound-4, value=178), OptionMapping[STRING](name=sound-5, value=110), OptionMapping[STRING](name=sound-6, value=36), OptionMapping[STRING](name=sound-7, value=102), OptionMapping[STRING](name=sound-8, value=31), OptionMapping[STRING](name=sound-9, value=35)]'),
('2023-10-11 12:19:38', 'uploadSlash', '440489230968553472', '474935164451946506', '938487470339801169', '[OptionMapping[STRING](name=name, value=provaporcodio), OptionMapping[ATTACHMENT](name=file, value=1161624145126244403)]'),
('2023-10-11 12:20:06', 'Query', '440489230968553472', '474935164451946506', '938487470339801169', 'select * from sound where id > 180'),
('2023-10-11 12:20:53', 'deletesoundSlash', '440489230968553472', '474935164451946506', '938487470339801169', '[OptionMapping[STRING](name=sound, value=208)]'),
('2023-10-11 12:23:03', 'blacklistSlash', '383358222972616705', '474935164451946506', '939876818465488926', '[OptionMapping[INTEGER](name=threshold, value=3), OptionMapping[CHANNEL](name=channel, value=1152150402863743036)]'),
('2023-10-11 12:33:49', 'TTS', '383358222972616705', '474935164451946506', '938487470339801169', 'non sento dio cane'),
('2023-10-11 12:33:52', 'TTS', '383358222972616705', '474935164451946506', '938487470339801169', 'wait'),
('2023-10-11 12:33:58', 'TTS', '345307975788920842', '474935164451946506', '938487470339801169', 'PORCO D'),
('2023-10-11 12:34:00', 'TTS', '383358222972616705', '474935164451946506', '938487470339801169', 'prova test audio keria'),
('2023-10-11 12:34:03', 'TTS', '383358222972616705', '474935164451946506', '938487470339801169', 'va'),
('2023-10-11 12:34:09', 'TTS', '383358222972616705', '474935164451946506', '938487470339801169', 'ciao kerias'),
('2023-10-11 12:34:31', 'TTS', '383358222972616705', '474935164451946506', '938487470339801169', 'ciao miss soundboard'),
('2023-10-11 12:34:43', 'TTS', '383358222972616705', '474935164451946506', '938487470339801169', 'vai pane dimmi'),
('2023-10-11 12:35:16', 'TTS', '383358222972616705', '474935164451946506', '938487470339801169', 'empty se non ha chiavi'),
('2023-10-11 12:35:36', 'TTS', '383358222972616705', '474935164451946506', '938487470339801169', 'empty di un map vede se ha le chiavi null'),
('2023-10-11 12:36:21', 'infomatchesSlash', '383358222972616705', '474935164451946506', '939876818465488926', '[]'),
('2023-10-11 12:36:41', 'TTS', '383358222972616705', '474935164451946506', '938487470339801169', 'era safjqueryu'),
('2023-10-11 12:36:47', 'TTS', '383358222972616705', '474935164451946506', '938487470339801169', 'non fetchjrow'),
('2023-10-11 12:36:57', 'TTS', '383358222972616705', '474935164451946506', '938487470339801169', 'prima non lo era'),
('2023-10-11 12:37:33', 'TTS', '383358222972616705', '474935164451946506', '938487470339801169', 'prova con fetchjrow'),
('2023-10-11 12:37:46', 'TTS', '383358222972616705', '474935164451946506', '938487470339801169', 'perch basta una riga esistente'),
('2023-10-11 12:39:46', 'TTS', '345307975788920842', '474935164451946506', '938487470339801169', 'MANNACC A MARONN'),
('2023-10-11 12:40:16', 'TTS', '383358222972616705', '474935164451946506', '938487470339801169', 'vediamo ceh fa'),
('2023-10-11 12:40:27', 'TTS', '383358222972616705', '474935164451946506', '938487470339801169', 'dio merda odio dover usare sto coso'),
('2023-10-11 12:40:39', 'TTS', '345307975788920842', '474935164451946506', '938487470339801169', 'Si ma piano'),
('2023-10-11 12:40:54', 'soundboardSlash', '383358222972616705', '474935164451946506', '939876818465488926', '[OptionMapping[STRING](name=name, value=prova da eliminare), OptionMapping[STRING](name=sound-1, value=22), OptionMapping[STRING](name=sound-2, value=162), OptionMapping[STRING](name=sound-3, value=141), OptionMapping[STRING](name=sound-4, value=178), OptionMapping[STRING](name=sound-5, value=110), OptionMapping[STRING](name=sound-6, value=36), OptionMapping[STRING](name=sound-7, value=102), OptionMapping[STRING](name=sound-8, value=31), OptionMapping[STRING](name=sound-9, value=35), OptionMapping[STRING](name=sound-10, value=150), OptionMapping[STRING](name=sound-11, value=207), OptionMapping[STRING](name=sound-12, value=99), OptionMapping[STRING](name=sound-13, value=109), OptionMapping[STRING](name=sound-14, value=83), OptionMapping[STRING](name=sound-15, value=64), OptionMapping[STRING](name=sound-16, value=7), OptionMapping[STRING](name=sound-17, value=118), OptionMapping[STRING](name=sound-18, value=12), OptionMapping[STRING](name=sound-19, value=182), OptionMapping[STRING](name=sound-20, value=113)]'),
('2023-10-11 12:40:54', 'TTS', '383358222972616705', '474935164451946506', '938487470339801169', 'non sono da google'),
('2023-10-11 12:40:55', 'TTS', '345307975788920842', '474935164451946506', '938487470339801169', 'Vai al cesso Kappa'),
('2023-10-11 12:41:00', 'TTS', '383358222972616705', '474935164451946506', '938487470339801169', 'e niente'),
('2023-10-11 12:41:16', 'TTS', '345307975788920842', '474935164451946506', '938487470339801169', 'Fingi un cagotto e vai al cesso'),
('2023-10-11 12:41:17', 'TTS', '383358222972616705', '474935164451946506', '938487470339801169', 'non  possibile'),
('2023-10-11 12:41:56', 'TTS', '383358222972616705', '474935164451946506', '938487470339801169', 'purtroppo non leggo un cazzo sulla console, mi punti la riga'),
('2023-10-11 12:42:14', 'TTS', '383358222972616705', '474935164451946506', '938487470339801169', 'mi dici che riga da errore'),
('2023-10-11 12:43:38', 'TTS', '383358222972616705', '474935164451946506', '938487470339801169', 'pu essere int 10 unsigned?'),
('2023-10-11 12:43:46', 'TTS', '383358222972616705', '474935164451946506', '938487470339801169', 'che gli da problemi'),
('2023-10-11 12:44:30', 'TTS', '383358222972616705', '474935164451946506', '938487470339801169', 'dio merdoso'),
('2023-10-11 12:44:40', 'TTS', '383358222972616705', '474935164451946506', '938487470339801169', 'no pane'),
('2023-10-11 12:44:41', 'TTS', '383358222972616705', '474935164451946506', '938487470339801169', 'no pane'),
('2023-10-11 12:44:46', 'TTS', '383358222972616705', '474935164451946506', '938487470339801169', 'spacco il pc'),
('2023-10-11 12:44:52', 'TTS', '383358222972616705', '474935164451946506', '938487470339801169', 'guarda riga 219'),
('2023-10-11 12:45:00', 'TTS', '383358222972616705', '474935164451946506', '938487470339801169', 'dopo name'),
('2023-10-11 12:45:02', 'TTS', '383358222972616705', '474935164451946506', '938487470339801169', 'cosa manca'),
('2023-10-11 12:45:09', 'TTS', '383358222972616705', '474935164451946506', '938487470339801169', 'la mitica'),
('2023-10-11 12:45:12', 'TTS', '383358222972616705', '474935164451946506', '938487470339801169', 'ed unica'),
('2023-10-11 12:45:56', 'TTS', '383358222972616705', '474935164451946506', '938487470339801169', 'ma tu guarda il signore'),
('2023-10-11 12:46:09', 'TTS', '383358222972616705', '474935164451946506', '938487470339801169', '1v9'),
('2023-10-11 12:46:18', 'TTS', '383358222972616705', '474935164451946506', '938487470339801169', 'ed una cosa  risolta'),
('2023-10-11 12:46:44', 'TTS', '383358222972616705', '474935164451946506', '938487470339801169', 'mi va pure la console'),
('2023-10-11 12:48:33', 'TTS', '383358222972616705', '474935164451946506', '938487470339801169', 'non mi sembra'),
('2023-10-11 12:48:42', 'TTS', '383358222972616705', '474935164451946506', '938487470339801169', 'per ho letto che java mette da solo commit e ste cose'),
('2023-10-11 12:48:50', 'TTS', '383358222972616705', '474935164451946506', '938487470339801169', 'non penso sia un problema'),
('2023-10-11 12:48:54', 'TTS', '383358222972616705', '474935164451946506', '938487470339801169', 'per'),
('2023-10-11 12:49:25', 'TTS', '383358222972616705', '474935164451946506', '938487470339801169', 'e quindi'),
('2023-10-11 12:49:30', 'TTS', '383358222972616705', '474935164451946506', '938487470339801169', 'ha'),
('2023-10-11 12:49:33', 'TTS', '383358222972616705', '474935164451946506', '938487470339801169', 'ho bisto'),
('2023-10-11 12:49:40', 'TTS', '383358222972616705', '474935164451946506', '938487470339801169', 'gli apostrofi'),
('2023-10-11 12:49:45', 'TTS', '383358222972616705', '474935164451946506', '938487470339801169', 'di sua madre zococla'),
('2023-10-11 12:49:56', 'TTS', '383358222972616705', '474935164451946506', '938487470339801169', 'beeker  tier 1'),
('2023-10-11 12:50:22', 'TTS', '383358222972616705', '474935164451946506', '938487470339801169', 'stai usando sempre id 19'),
('2023-10-11 12:51:06', 'soundboardSlash', '440489230968553472', '474935164451946506', '939876818465488926', '[OptionMapping[STRING](name=name, value=prova da eliminare), OptionMapping[STRING](name=sound-1, value=22), OptionMapping[STRING](name=sound-2, value=162), OptionMapping[STRING](name=sound-3, value=141), OptionMapping[STRING](name=sound-4, value=178), OptionMapping[STRING](name=sound-5, value=110), OptionMapping[STRING](name=sound-6, value=36), OptionMapping[STRING](name=sound-7, value=102), OptionMapping[STRING](name=sound-8, value=31), OptionMapping[STRING](name=sound-9, value=35), OptionMapping[STRING](name=sound-10, value=150), OptionMapping[STRING](name=sound-11, value=207), OptionMapping[STRING](name=sound-12, value=99), OptionMapping[STRING](name=sound-13, value=109), OptionMapping[STRING](name=sound-14, value=83), OptionMapping[STRING](name=sound-15, value=64), OptionMapping[STRING](name=sound-16, value=7), OptionMapping[STRING](name=sound-17, value=118), OptionMapping[STRING](name=sound-18, value=12), OptionMapping[STRING](name=sound-19, value=182), OptionMapping[STRING](name=sound-20, value=113)]'),
('2023-10-11 12:51:10', 'TTS', '383358222972616705', '474935164451946506', '938487470339801169', 'devi mettere la query giusta per'),
('2023-10-11 12:52:04', 'TTS', '383358222972616705', '474935164451946506', '938487470339801169', 'Unreachable code'),
('2023-10-11 12:52:11', 'TTS', '383358222972616705', '474935164451946506', '938487470339801169', 'tua madre'),
('2023-10-11 12:52:16', 'TTS', '383358222972616705', '474935164451946506', '938487470339801169', 'sql di merda'),
('2023-10-11 12:52:39', 'TTS', '383358222972616705', '474935164451946506', '938487470339801169', 'proviamo una cosa'),
('2023-10-11 12:52:43', 'TTS', '383358222972616705', '474935164451946506', '938487470339801169', 'potrebbe essere stupida'),
('2023-10-11 12:52:46', 'TTS', '383358222972616705', '474935164451946506', '938487470339801169', 'come no'),
('2023-10-11 12:53:00', 'TTS', '383358222972616705', '474935164451946506', '938487470339801169', 'via'),
('2023-10-11 12:53:03', 'TTS', '383358222972616705', '474935164451946506', '938487470339801169', 'vai'),
('2023-10-11 12:53:14', 'TTS', '383358222972616705', '474935164451946506', '938487470339801169', 'prova'),
('2023-10-11 12:53:34', 'TTS', '383358222972616705', '474935164451946506', '938487470339801169', 'dovrebbe'),
('2023-10-11 12:54:05', 'TTS', '383358222972616705', '474935164451946506', '938487470339801169', 'che cazzo '),
('2023-10-11 12:54:14', 'TTS', '383358222972616705', '474935164451946506', '938487470339801169', 'errore near set'),
('2023-10-11 12:54:21', 'TTS', '383358222972616705', '474935164451946506', '938487470339801169', 'almeno si  spostato ora'),
('2023-10-11 12:54:26', 'TTS', '383358222972616705', '474935164451946506', '938487470339801169', 'crazy'),
('2023-10-11 12:54:32', 'soundboardSlash', '440489230968553472', '474935164451946506', '939876818465488926', '[OptionMapping[STRING](name=name, value=16)]'),
('2023-10-11 12:57:31', 'TTS', '383358222972616705', '474935164451946506', '938487470339801169', 'e come si fa uno statemant'),
('2023-10-11 12:57:47', 'TTS', '383358222972616705', '474935164451946506', '938487470339801169', 'non mi sembra il caso'),
('2023-10-11 12:57:51', 'TTS', '383358222972616705', '474935164451946506', '938487470339801169', ''),
('2023-10-11 12:57:52', 'TTS', '383358222972616705', '474935164451946506', '938487470339801169', 'anzi'),
('2023-10-11 12:57:56', 'TTS', '383358222972616705', '474935164451946506', '938487470339801169', 'wait'),
('2023-10-11 12:58:33', 'TTS', '345307975788920842', '474935164451946506', '938487470339801169', 'Billy Jean?'),
('2023-10-11 12:59:48', 'TTS', '383358222972616705', '474935164451946506', '938487470339801169', 'senn si fa alla vecchia maniera'),
('2023-10-11 13:00:16', 'TTS', '383358222972616705', '474935164451946506', '938487470339801169', 'come il vecchio upload'),
('2023-10-11 13:00:17', 'TTS', '345307975788920842', '474935164451946506', '938487470339801169', 'Lillia?'),
('2023-10-11 13:00:28', 'TTS', '383358222972616705', '474935164451946506', '938487470339801169', 'enacoid onissasa oid sto parlando io'),
('2023-10-11 13:00:48', 'TTS', '383358222972616705', '474935164451946506', '938487470339801169', 'ci penso io'),
('2023-10-11 13:00:53', 'TTS', '440489230968553472', '474935164451946506', '938487470339801169', 'Pietro hai qualche problema al cervello sunyx?'),
('2023-10-11 13:01:01', 'TTS', '383358222972616705', '474935164451946506', '938487470339801169', 'ban @everyone'),
('2023-10-11 13:01:08', 'TTS', '440489230968553472', '474935164451946506', '938487470339801169', 'Pietro non ti funziona bene?'),
('2023-10-11 13:01:15', 'TTS', '383358222972616705', '474935164451946506', '983315338886279229', 'si pane tutto okay'),
('2023-10-11 13:01:27', 'TTS', '383358222972616705', '474935164451946506', '1074276395640954942', 'chi ha parlato, chi cazzo ha parlato'),
('2023-10-11 13:01:43', 'TTS', '440489230968553472', '474935164451946506', '938487470339801169', 'Pietro ti hanno gettato di testa su un marciapiede quando avevi 2 anni'),
('2023-10-11 13:01:53', 'TTS', '383358222972616705', '474935164451946506', '1074276395640954942', 'chi  quel lurido stronzo comunista checca pompinara che ha firmato la sua condanna a morte'),
('2023-10-11 13:02:08', 'TTS', '383358222972616705', '474935164451946506', '983315338886279229', 'non  nessuno eh'),
('2023-10-11 13:02:15', 'TTS', '383358222972616705', '474935164451946506', '938487470339801169', 'sar stata la fatina buona del cazzo'),
('2023-10-11 13:02:33', 'TTS', '383358222972616705', '474935164451946506', '938487470339801169', 'fixed'),
('2023-10-11 13:02:36', 'PlaySound', '383358222972616705', '474935164451946506', '938487470339801169', 'sot'),
('2023-10-11 13:02:38', 'Stop', '383358222972616705', '474935164451946506', '938487470339801169', ''),
('2023-10-11 13:02:42', 'TTS', '383358222972616705', '474935164451946506', '938487470339801169', 'scusate'),
('2023-10-11 13:02:44', 'PlaySound', '440489230968553472', '474935164451946506', '938487470339801169', 'sot'),
('2023-10-11 13:02:45', 'Stop', '440489230968553472', '474935164451946506', '938487470339801169', ''),
('2023-10-11 13:02:49', 'TTS', '383358222972616705', '474935164451946506', '938487470339801169', 'dai pane basta'),
('2023-10-11 13:02:54', 'TTS', '383358222972616705', '474935164451946506', '938487470339801169', '208'),
('2023-10-11 13:02:59', 'PlaySound', '383358222972616705', '474935164451946506', '938487470339801169', '208'),
('2023-10-11 13:03:01', 'PlaySound', '383358222972616705', '474935164451946506', '938487470339801169', '207'),
('2023-10-11 13:03:06', 'TTS', '383358222972616705', '474935164451946506', '938487470339801169', 'dio cane'),
('2023-10-11 13:03:11', 'PlaySound', '383358222972616705', '474935164451946506', '938487470339801169', '205'),
('2023-10-11 13:03:24', 'TTS', '383358222972616705', '474935164451946506', '938487470339801169', 'per caso conosci questa canzonbe?'),
('2023-10-11 13:03:33', 'TTS', '383358222972616705', '474935164451946506', '938487470339801169', 'blaise tu?'),
('2023-10-11 13:03:41', 'TTS', '383358222972616705', '474935164451946506', '938487470339801169', 'perfetto'),
('2023-10-11 13:03:43', 'PlaySound', '383358222972616705', '474935164451946506', '938487470339801169', '203'),
('2023-10-11 13:03:47', 'PlaySound', '383358222972616705', '474935164451946506', '938487470339801169', '202'),
('2023-10-11 13:03:52', 'PlaySound', '383358222972616705', '474935164451946506', '938487470339801169', '201'),
('2023-10-11 13:03:55', 'PlaySound', '383358222972616705', '474935164451946506', '938487470339801169', '200'),
('2023-10-11 13:03:57', 'Stop', '383358222972616705', '474935164451946506', '938487470339801169', ''),
('2023-10-11 13:04:02', 'PlaySound', '383358222972616705', '474935164451946506', '938487470339801169', 'eee'),
('2023-10-11 13:04:11', 'PlaySound', '383358222972616705', '474935164451946506', '938487470339801169', 'il soleggiato');
INSERT IGNORE INTO `command` (`time`, `name`, `user_id`, `guild_id`, `bot_id`, `args`) VALUES
('2023-10-11 13:04:18', 'TTS', '383358222972616705', '474935164451946506', '938487470339801169', 'apnea'),
('2023-10-11 13:04:21', 'PlaySound', '383358222972616705', '474935164451946506', '938487470339801169', 'apnea'),
('2023-10-11 13:04:40', 'PlaySound', '383358222972616705', '474935164451946506', '938487470339801169', 'nocturne'),
('2023-10-11 13:04:49', 'TTS', '383358222972616705', '474935164451946506', '938487470339801169', 'mr chuck'),
('2023-10-11 13:04:55', 'TTS', '383358222972616705', '474935164451946506', '938487470339801169', 'mister chuck'),
('2023-10-11 13:05:27', 'PlaySound', '383358222972616705', '474935164451946506', '938487470339801169', 'mama'),
('2023-10-11 13:05:31', 'Stop', '383358222972616705', '474935164451946506', '938487470339801169', ''),
('2023-10-11 13:05:34', 'soundboardSlash', '383358222972616705', '474935164451946506', '939876818465488926', '[OptionMapping[STRING](name=name, value=17)]'),
('2023-10-11 13:05:38', 'soundboardSlash', '440489230968553472', '474935164451946506', '939876818465488926', '[OptionMapping[STRING](name=name, value=17)]'),
('2023-10-11 13:06:16', 'TTS', '383358222972616705', '474935164451946506', '938487470339801169', 'come fa a non andare nemmeno cos'),
('2023-10-11 13:06:37', 'TTS', '383358222972616705', '474935164451946506', '938487470339801169', 'napoli mode'),
('2023-10-11 13:07:04', 'TTS', '383358222972616705', '474935164451946506', '938487470339801169', 'dio cane il napoli nel porco dio di milano'),
('2023-10-11 13:07:11', 'TTS', '383358222972616705', '474935164451946506', '938487470339801169', 'safj'),
('2023-10-11 13:07:28', 'TTS', '383358222972616705', '474935164451946506', '938487470339801169', 'scarso'),
('2023-10-11 13:07:34', 'TTS', '383358222972616705', '474935164451946506', '938487470339801169', 'dico a pane'),
('2023-10-11 13:07:48', 'TTS', '383358222972616705', '474935164451946506', '938487470339801169', 'to'),
('2023-10-11 13:07:57', 'TTS', '383358222972616705', '474935164451946506', '938487470339801169', 'quindi chi ha la vagina  per forza donna'),
('2023-10-11 13:08:01', 'TTS', '383358222972616705', '474935164451946506', '938487470339801169', 'capisco'),
('2023-10-11 13:08:09', 'TTS', '383358222972616705', '474935164451946506', '938487470339801169', 'ahhhhhhhhhhhhhhhh'),
('2023-10-11 13:08:14', 'TTS', '383358222972616705', '474935164451946506', '938487470339801169', 'e chi lo dice'),
('2023-10-11 13:08:33', 'TTS', '383358222972616705', '474935164451946506', '938487470339801169', 'noooooooooooooo'),
('2023-10-11 13:08:48', 'TTS', '383358222972616705', '474935164451946506', '938487470339801169', 'maria sofia ti viene a prendere'),
('2023-10-11 13:09:13', 'TTS', '383358222972616705', '474935164451946506', '938487470339801169', 'se non si fosse capito sto scherzando anche perch nel tempo libero uccido i trans'),
('2023-10-11 13:09:20', 'TTS', '383358222972616705', '474935164451946506', '938487470339801169', 'scherzo'),
('2023-10-11 13:09:23', 'TTS', '383358222972616705', '474935164451946506', '938487470339801169', 'ovviamnete'),
('2023-10-11 13:09:41', 'TTS', '383358222972616705', '474935164451946506', '938487470339801169', 'perch dovrei'),
('2023-10-11 13:10:35', 'TTS', '383358222972616705', '474935164451946506', '938487470339801169', 'tu mi stai dicendo'),
('2023-10-11 13:10:39', 'TTS', '383358222972616705', '474935164451946506', '938487470339801169', 'che per tutto questo'),
('2023-10-11 13:10:45', 'TTS', '383358222972616705', '474935164451946506', '938487470339801169', 'eravamo nel codice sbaglaito'),
('2023-10-11 13:10:53', 'TTS', '383358222972616705', '474935164451946506', '938487470339801169', 'yo piton'),
('2023-10-11 13:11:01', 'TTS', '383358222972616705', '474935164451946506', '938487470339801169', 'sempre'),
('2023-10-11 13:11:03', 'TTS', '383358222972616705', '474935164451946506', '938487470339801169', 'dio cane'),
('2023-10-11 13:11:05', 'TTS', '383358222972616705', '474935164451946506', '938487470339801169', 'sempre'),
('2023-10-11 13:11:07', 'TTS', '383358222972616705', '474935164451946506', '938487470339801169', 'cos'),
('2023-10-11 13:11:38', 'TTS', '345307975788920842', '474935164451946506', '938487470339801169', 'PORCA TROIA!'),
('2023-10-11 13:11:41', 'TTS', '383358222972616705', '474935164451946506', '938487470339801169', 'io penso che la madonna sia pi troia della madre di harry potter'),
('2023-10-11 13:11:49', 'TTS', '383358222972616705', '474935164451946506', '938487470339801169', 'lillia'),
('2023-10-11 13:11:52', 'TTS', '383358222972616705', '474935164451946506', '938487470339801169', 'il champ di lol'),
('2023-10-11 13:11:56', 'TTS', '345307975788920842', '474935164451946506', '938487470339801169', 'Lillia?'),
('2023-10-11 13:12:00', 'TTS', '383358222972616705', '474935164451946506', '938487470339801169', 'cervo di merda'),
('2023-10-11 13:12:03', 'TTS', '383358222972616705', '474935164451946506', '938487470339801169', 'broken champ'),
('2023-10-11 13:12:18', 'TTS', '383358222972616705', '474935164451946506', '938487470339801169', 'ti fai doppia maschera fai pi danni di kayn full build'),
('2023-10-11 13:12:23', 'TTS', '383358222972616705', '474935164451946506', '938487470339801169', 'a 2000 di movement speed'),
('2023-10-11 13:12:31', 'TTS', '383358222972616705', '474935164451946506', '938487470339801169', 'ma get cancer'),
('2023-10-11 13:12:34', 'PlaySound', '383358222972616705', '474935164451946506', '938487470339801169', 'get cancer'),
('2023-10-11 13:12:39', 'TTS', '383358222972616705', '474935164451946506', '938487470339801169', 'non tu'),
('2023-10-11 13:12:44', 'PlaySound', '383358222972616705', '474935164451946506', '938487470339801169', 'cancer'),
('2023-10-11 13:13:09', 'TTS', '383358222972616705', '474935164451946506', '938487470339801169', 'da errore'),
('2023-10-11 13:13:12', 'TTS', '383358222972616705', '474935164451946506', '938487470339801169', 'ma va'),
('2023-10-11 13:13:18', 'TTS', '383358222972616705', '474935164451946506', '938487470339801169', 'brizz tier 1'),
('2023-10-11 13:13:24', 'TTS', '383358222972616705', '474935164451946506', '938487470339801169', 'best thresh player ever'),
('2023-10-11 13:13:35', 'TTS', '383358222972616705', '474935164451946506', '938487470339801169', 'mi facevo le seghe sul suo thresh'),
('2023-10-11 13:13:41', 'TTS', '383358222972616705', '474935164451946506', '938487470339801169', 'niente'),
('2023-10-11 13:13:51', 'TTS', '440489230968553472', '474935164451946506', '938487470339801169', 'napoli milano'),
('2023-10-11 13:14:06', 'TTS', '383358222972616705', '474935164451946506', '938487470339801169', 'napoli in'),
('2023-10-11 13:14:07', 'PlaySound', '383358222972616705', '474935164451946506', '938487470339801169', 'sot'),
('2023-10-11 13:14:10', 'Stop', '383358222972616705', '474935164451946506', '938487470339801169', ''),
('2023-10-11 13:14:15', 'soundboardSlash', '440489230968553472', '474935164451946506', '939876818465488926', '[OptionMapping[STRING](name=name, value=prova da eliminare2), OptionMapping[STRING](name=sound-1, value=22), OptionMapping[STRING](name=sound-2, value=162), OptionMapping[STRING](name=sound-3, value=141), OptionMapping[STRING](name=sound-4, value=178), OptionMapping[STRING](name=sound-5, value=110), OptionMapping[STRING](name=sound-6, value=36), OptionMapping[STRING](name=sound-7, value=102), OptionMapping[STRING](name=sound-8, value=31), OptionMapping[STRING](name=sound-9, value=35), OptionMapping[STRING](name=sound-10, value=150), OptionMapping[STRING](name=sound-11, value=207), OptionMapping[STRING](name=sound-12, value=99), OptionMapping[STRING](name=sound-13, value=109), OptionMapping[STRING](name=sound-14, value=83), OptionMapping[STRING](name=sound-15, value=64), OptionMapping[STRING](name=sound-16, value=7), OptionMapping[STRING](name=sound-17, value=118), OptionMapping[STRING](name=sound-18, value=12), OptionMapping[STRING](name=sound-19, value=182), OptionMapping[STRING](name=sound-20, value=113)]'),
('2023-10-11 13:14:23', 'TTS', '383358222972616705', '474935164451946506', '938487470339801169', 'blaise dimmi se conosci questa canzone'),
('2023-10-11 13:14:28', 'PlaySound', '383358222972616705', '474935164451946506', '938487470339801169', 'giampyasuo'),
('2023-10-11 13:14:45', 'Stop', '383358222972616705', '474935164451946506', '938487470339801169', ''),
('2023-10-11 13:14:50', 'TTS', '383358222972616705', '474935164451946506', '938487470339801169', 'il remix'),
('2023-10-11 13:15:15', 'TTS', '383358222972616705', '474935164451946506', '938487470339801169', 'trickshot giampytek'),
('2023-10-11 13:15:28', 'soundboardSlash', '440489230968553472', '474935164451946506', '939876818465488926', '[OptionMapping[STRING](name=name, value=prova da eliminare2), OptionMapping[STRING](name=sound-1, value=22), OptionMapping[STRING](name=sound-2, value=162), OptionMapping[STRING](name=sound-3, value=141), OptionMapping[STRING](name=sound-4, value=178), OptionMapping[STRING](name=sound-5, value=110), OptionMapping[STRING](name=sound-6, value=36), OptionMapping[STRING](name=sound-7, value=102), OptionMapping[STRING](name=sound-8, value=31), OptionMapping[STRING](name=sound-9, value=35), OptionMapping[STRING](name=sound-10, value=150), OptionMapping[STRING](name=sound-11, value=207), OptionMapping[STRING](name=sound-12, value=99), OptionMapping[STRING](name=sound-13, value=109), OptionMapping[STRING](name=sound-14, value=83), OptionMapping[STRING](name=sound-15, value=64), OptionMapping[STRING](name=sound-16, value=7), OptionMapping[STRING](name=sound-17, value=118), OptionMapping[STRING](name=sound-18, value=12), OptionMapping[STRING](name=sound-19, value=182), OptionMapping[STRING](name=sound-20, value=113)]'),
('2023-10-11 13:15:30', 'TTS', '383358222972616705', '474935164451946506', '938487470339801169', 'ti prego query fai qualcosa'),
('2023-10-11 13:15:40', 'TTS', '383358222972616705', '474935164451946506', '938487470339801169', 'ti scongiuroooooooooooo'),
('2023-10-11 13:15:43', 'PlaySound', '383358222972616705', '474935164451946506', '938487470339801169', 'scogiuro'),
('2023-10-11 13:15:47', 'PlaySound', '383358222972616705', '474935164451946506', '938487470339801169', 'scongiuro'),
('2023-10-11 13:15:48', 'Stop', '383358222972616705', '474935164451946506', '938487470339801169', ''),
('2023-10-11 13:15:55', 'TTS', '383358222972616705', '474935164451946506', '938487470339801169', 'agagaga'),
('2023-10-11 13:16:01', 'TTS', '383358222972616705', '474935164451946506', '938487470339801169', 'notch'),
('2023-10-11 13:16:05', 'TTS', '383358222972616705', '474935164451946506', '938487470339801169', 'brutta merda servo'),
('2023-10-11 13:16:21', 'TTS', '383358222972616705', '474935164451946506', '938487470339801169', 'ora il transaction?'),
('2023-10-11 13:16:26', 'soundboardSlash', '440489230968553472', '474935164451946506', '939876818465488926', '[OptionMapping[STRING](name=name, value=prova da eliminare2), OptionMapping[STRING](name=sound-1, value=22), OptionMapping[STRING](name=sound-2, value=162), OptionMapping[STRING](name=sound-3, value=141), OptionMapping[STRING](name=sound-4, value=178), OptionMapping[STRING](name=sound-5, value=110), OptionMapping[STRING](name=sound-6, value=36), OptionMapping[STRING](name=sound-7, value=102), OptionMapping[STRING](name=sound-8, value=31), OptionMapping[STRING](name=sound-9, value=35), OptionMapping[STRING](name=sound-10, value=150), OptionMapping[STRING](name=sound-11, value=207), OptionMapping[STRING](name=sound-12, value=99), OptionMapping[STRING](name=sound-13, value=109), OptionMapping[STRING](name=sound-14, value=83), OptionMapping[STRING](name=sound-15, value=64), OptionMapping[STRING](name=sound-16, value=7), OptionMapping[STRING](name=sound-17, value=118), OptionMapping[STRING](name=sound-18, value=12), OptionMapping[STRING](name=sound-19, value=182), OptionMapping[STRING](name=sound-20, value=113)]'),
('2023-10-11 13:16:26', 'TTS', '383358222972616705', '474935164451946506', '938487470339801169', 'va'),
('2023-10-11 13:16:29', 'TTS', '383358222972616705', '474935164451946506', '938487470339801169', 'o no'),
('2023-10-11 13:16:36', 'TTS', '383358222972616705', '474935164451946506', '938487470339801169', 'napoli milano'),
('2023-10-11 13:17:41', 'TTS', '383358222972616705', '474935164451946506', '938487470339801169', 'senza start hai visto che fa?'),
('2023-10-11 13:17:56', 'TTS', '383358222972616705', '474935164451946506', '938487470339801169', 'si'),
('2023-10-11 13:18:08', 'TTS', '383358222972616705', '474935164451946506', '938487470339801169', 'manca una cosa'),
('2023-10-11 13:18:11', 'TTS', '383358222972616705', '474935164451946506', '938487470339801169', 'quanso si avvia il bot'),
('2023-10-11 13:18:46', 'TTS', '383358222972616705', '474935164451946506', '938487470339801169', 'finch va'),
('2023-10-11 13:18:51', 'TTS', '383358222972616705', '474935164451946506', '938487470339801169', 'lasciala andare'),
('2023-10-11 13:18:55', 'TTS', '383358222972616705', '474935164451946506', '938487470339801169', 'prefire'),
('2023-10-11 13:18:56', 'TTS', '383358222972616705', '474935164451946506', '938487470339801169', 'ez'),
('2023-10-11 13:19:28', 'TTS', '383358222972616705', '474935164451946506', '938487470339801169', 'nuova vita'),
('2023-10-11 13:19:38', 'TTS', '383358222972616705', '474935164451946506', '938487470339801169', '2 0 2 0'),
('2023-10-11 13:20:20', 'TTS', '383358222972616705', '474935164451946506', '938487470339801169', 'fai il commit'),
('2023-10-11 13:20:25', 'TTS', '383358222972616705', '474935164451946506', '938487470339801169', 'almeno me lo guardo nel tempoi libero'),
('2023-10-11 13:20:31', 'TTS', '383358222972616705', '474935164451946506', '938487470339801169', 'fixato due cose'),
('2023-10-11 13:21:34', 'TTS', '383358222972616705', '474935164451946506', '938487470339801169', 'ciao pantalone'),
('2023-10-11 13:21:55', 'TTS', '383358222972616705', '474935164451946506', '938487470339801169', 'ora puoi parlare senza scrivere'),
('2023-10-11 13:22:05', 'TTS', '383358222972616705', '474935164451946506', '938487470339801169', 'potevi anche prima'),
('2023-10-11 13:22:11', 'TTS', '383358222972616705', '474935164451946506', '938487470339801169', 'ripensandoci'),
('2023-10-11 13:23:51', 'soundboardSlash', '440489230968553472', '474935164451946506', '939876818465488926', '[OptionMapping[STRING](name=name, value=prova da eliminare2), OptionMapping[STRING](name=sound-1, value=22), OptionMapping[STRING](name=sound-2, value=162), OptionMapping[STRING](name=sound-3, value=141), OptionMapping[STRING](name=sound-4, value=178), OptionMapping[STRING](name=sound-5, value=110), OptionMapping[STRING](name=sound-6, value=36), OptionMapping[STRING](name=sound-7, value=102), OptionMapping[STRING](name=sound-8, value=31), OptionMapping[STRING](name=sound-9, value=35), OptionMapping[STRING](name=sound-10, value=150), OptionMapping[STRING](name=sound-11, value=207), OptionMapping[STRING](name=sound-12, value=99), OptionMapping[STRING](name=sound-13, value=109), OptionMapping[STRING](name=sound-14, value=83), OptionMapping[STRING](name=sound-15, value=64), OptionMapping[STRING](name=sound-16, value=7), OptionMapping[STRING](name=sound-17, value=118), OptionMapping[STRING](name=sound-18, value=12), OptionMapping[STRING](name=sound-19, value=182), OptionMapping[STRING](name=sound-20, value=113)]'),
('2023-10-11 13:25:55', 'soundboardSlash', '440489230968553472', '474935164451946506', '939876818465488926', '[OptionMapping[STRING](name=name, value=prova da eliminare3), OptionMapping[STRING](name=sound-1, value=22), OptionMapping[STRING](name=sound-2, value=162), OptionMapping[STRING](name=sound-3, value=141), OptionMapping[STRING](name=sound-4, value=178), OptionMapping[STRING](name=sound-5, value=110), OptionMapping[STRING](name=sound-6, value=36), OptionMapping[STRING](name=sound-7, value=102), OptionMapping[STRING](name=sound-8, value=31), OptionMapping[STRING](name=sound-9, value=35), OptionMapping[STRING](name=sound-10, value=150), OptionMapping[STRING](name=sound-11, value=207), OptionMapping[STRING](name=sound-12, value=99), OptionMapping[STRING](name=sound-13, value=109), OptionMapping[STRING](name=sound-14, value=83), OptionMapping[STRING](name=sound-15, value=64), OptionMapping[STRING](name=sound-16, value=7), OptionMapping[STRING](name=sound-17, value=118), OptionMapping[STRING](name=sound-18, value=12), OptionMapping[STRING](name=sound-19, value=182), OptionMapping[STRING](name=sound-20, value=113)]'),
('2023-10-11 13:30:38', 'soundboardSlash', '440489230968553472', '474935164451946506', '939876818465488926', '[OptionMapping[STRING](name=name, value=prova da eliminare3), OptionMapping[STRING](name=sound-1, value=22), OptionMapping[STRING](name=sound-2, value=162), OptionMapping[STRING](name=sound-3, value=141), OptionMapping[STRING](name=sound-4, value=178), OptionMapping[STRING](name=sound-5, value=110), OptionMapping[STRING](name=sound-6, value=36), OptionMapping[STRING](name=sound-7, value=102), OptionMapping[STRING](name=sound-8, value=31), OptionMapping[STRING](name=sound-9, value=35), OptionMapping[STRING](name=sound-10, value=150), OptionMapping[STRING](name=sound-11, value=207), OptionMapping[STRING](name=sound-12, value=99), OptionMapping[STRING](name=sound-13, value=109), OptionMapping[STRING](name=sound-14, value=83), OptionMapping[STRING](name=sound-15, value=64), OptionMapping[STRING](name=sound-16, value=7), OptionMapping[STRING](name=sound-17, value=118), OptionMapping[STRING](name=sound-18, value=12), OptionMapping[STRING](name=sound-19, value=182), OptionMapping[STRING](name=sound-20, value=113)]'),
('2023-10-11 13:34:12', 'TTS', '383358222972616705', '474935164451946506', '938487470339801169', 'xd'),
('2023-10-11 13:34:17', 'TTS', '383358222972616705', '474935164451946506', '938487470339801169', 'porti gli occhiali>'),
('2023-10-11 13:34:40', 'TTS', '383358222972616705', '474935164451946506', '938487470339801169', 'sad'),
('2023-10-11 13:34:45', 'TTS', '383358222972616705', '474935164451946506', '938487470339801169', 'nella foto non avevi glio chhiali'),
('2023-10-11 13:35:02', 'TTS', '383358222972616705', '474935164451946506', '938487470339801169', 'metti le lenti?'),
('2023-10-11 13:35:15', 'TTS', '383358222972616705', '474935164451946506', '938487470339801169', 'e non ti da fastiido senza occhiali?'),
('2023-10-11 13:36:11', 'TTS', '383358222972616705', '474935164451946506', '938487470339801169', 'finche non ti da fastidio va bene'),
('2023-10-11 13:37:40', 'TTS', '383358222972616705', '474935164451946506', '938487470339801169', ' andato a mangiare'),
('2023-10-11 13:37:48', 'TTS', '383358222972616705', '474935164451946506', '938487470339801169', 'ti ha pure salutato'),
('2023-10-11 13:38:05', 'TTS', '383358222972616705', '474935164451946506', '938487470339801169', 'si  offeso molto'),
('2023-10-11 13:38:16', 'TTS', '383358222972616705', '474935164451946506', '938487470339801169', 'quasi in lacrime'),
('2023-10-11 13:38:35', 'TTS', '383358222972616705', '474935164451946506', '938487470339801169', 'e non mia credere'),
('2023-10-11 13:38:38', 'TTS', '383358222972616705', '474935164451946506', '938487470339801169', 'chiediglielo'),
('2023-10-11 13:38:46', 'TTS', '383358222972616705', '474935164451946506', '938487470339801169', 'se ti risponde per quanto  offeso'),
('2023-10-11 13:38:58', 'TTS', '383358222972616705', '474935164451946506', '938487470339801169', 'comunque ho altri 150 messaggi prima che finiscano'),
('2023-10-11 13:39:10', 'TTS', '383358222972616705', '474935164451946506', '938487470339801169', 'ho 350 tts al giorno'),
('2023-10-11 13:39:18', 'TTS', '383358222972616705', '474935164451946506', '938487470339801169', 'sono a 200'),
('2023-10-11 13:39:26', 'TTS', '383358222972616705', '474935164451946506', '938487470339801169', 'perch pi costano'),
('2023-10-11 13:39:40', 'TTS', '383358222972616705', '474935164451946506', '938487470339801169', '5 euro al mese sono 1000 suoni'),
('2023-10-11 13:39:55', 'TTS', '383358222972616705', '474935164451946506', '938487470339801169', 'e siccome non mi va di pagar per fare sta cagata xd'),
('2023-10-11 13:41:09', 'soundboardSlash', '440489230968553472', '474935164451946506', '939876818465488926', '[OptionMapping[STRING](name=name, value=prova da eliminare4), OptionMapping[STRING](name=sound-1, value=22), OptionMapping[STRING](name=sound-2, value=162), OptionMapping[STRING](name=sound-3, value=141), OptionMapping[STRING](name=sound-4, value=178), OptionMapping[STRING](name=sound-5, value=110), OptionMapping[STRING](name=sound-6, value=36), OptionMapping[STRING](name=sound-7, value=102), OptionMapping[STRING](name=sound-8, value=31), OptionMapping[STRING](name=sound-9, value=35), OptionMapping[STRING](name=sound-10, value=150), OptionMapping[STRING](name=sound-11, value=207), OptionMapping[STRING](name=sound-12, value=99), OptionMapping[STRING](name=sound-13, value=109), OptionMapping[STRING](name=sound-14, value=83), OptionMapping[STRING](name=sound-15, value=64), OptionMapping[STRING](name=sound-16, value=7), OptionMapping[STRING](name=sound-17, value=118), OptionMapping[STRING](name=sound-18, value=12), OptionMapping[STRING](name=sound-19, value=182), OptionMapping[STRING](name=sound-20, value=113)]'),
('2023-10-11 13:45:54', 'soundboardSlash', '440489230968553472', '474935164451946506', '939876818465488926', '[OptionMapping[STRING](name=name, value=prova da eliminare2), OptionMapping[STRING](name=sound-1, value=22), OptionMapping[STRING](name=sound-2, value=162), OptionMapping[STRING](name=sound-3, value=141), OptionMapping[STRING](name=sound-4, value=178), OptionMapping[STRING](name=sound-5, value=110), OptionMapping[STRING](name=sound-6, value=36), OptionMapping[STRING](name=sound-7, value=102), OptionMapping[STRING](name=sound-8, value=31), OptionMapping[STRING](name=sound-9, value=35), OptionMapping[STRING](name=sound-10, value=150), OptionMapping[STRING](name=sound-11, value=207), OptionMapping[STRING](name=sound-12, value=99), OptionMapping[STRING](name=sound-13, value=109), OptionMapping[STRING](name=sound-14, value=83), OptionMapping[STRING](name=sound-15, value=64), OptionMapping[STRING](name=sound-16, value=7), OptionMapping[STRING](name=sound-17, value=118), OptionMapping[STRING](name=sound-18, value=12), OptionMapping[STRING](name=sound-19, value=182), OptionMapping[STRING](name=sound-20, value=113)]'),
('2023-10-11 13:46:46', 'soundboardSlash', '440489230968553472', '474935164451946506', '939876818465488926', '[OptionMapping[STRING](name=name, value=prova da eliminare2), OptionMapping[STRING](name=sound-1, value=22), OptionMapping[STRING](name=sound-2, value=162), OptionMapping[STRING](name=sound-3, value=141), OptionMapping[STRING](name=sound-4, value=178), OptionMapping[STRING](name=sound-5, value=110), OptionMapping[STRING](name=sound-6, value=36), OptionMapping[STRING](name=sound-7, value=102), OptionMapping[STRING](name=sound-8, value=31), OptionMapping[STRING](name=sound-9, value=35), OptionMapping[STRING](name=sound-10, value=150), OptionMapping[STRING](name=sound-11, value=207), OptionMapping[STRING](name=sound-12, value=99), OptionMapping[STRING](name=sound-13, value=109), OptionMapping[STRING](name=sound-14, value=83), OptionMapping[STRING](name=sound-15, value=64), OptionMapping[STRING](name=sound-16, value=7), OptionMapping[STRING](name=sound-17, value=118), OptionMapping[STRING](name=sound-18, value=12), OptionMapping[STRING](name=sound-19, value=182), OptionMapping[STRING](name=sound-20, value=113)]'),
('2023-10-11 13:47:05', 'soundboardSlash', '440489230968553472', '474935164451946506', '939876818465488926', '[OptionMapping[STRING](name=name, value=prova da eliminare5), OptionMapping[STRING](name=sound-1, value=22), OptionMapping[STRING](name=sound-2, value=162), OptionMapping[STRING](name=sound-3, value=141), OptionMapping[STRING](name=sound-4, value=178), OptionMapping[STRING](name=sound-5, value=110), OptionMapping[STRING](name=sound-6, value=36), OptionMapping[STRING](name=sound-7, value=102), OptionMapping[STRING](name=sound-8, value=31), OptionMapping[STRING](name=sound-9, value=35), OptionMapping[STRING](name=sound-10, value=150), OptionMapping[STRING](name=sound-11, value=207), OptionMapping[STRING](name=sound-12, value=99), OptionMapping[STRING](name=sound-13, value=109), OptionMapping[STRING](name=sound-14, value=83), OptionMapping[STRING](name=sound-15, value=64), OptionMapping[STRING](name=sound-16, value=7), OptionMapping[STRING](name=sound-17, value=118), OptionMapping[STRING](name=sound-18, value=12), OptionMapping[STRING](name=sound-19, value=182), OptionMapping[STRING](name=sound-20, value=113)]'),
('2023-10-11 13:50:06', 'soundboardSlash', '440489230968553472', '474935164451946506', '939876818465488926', '[OptionMapping[STRING](name=name, value=prova da eliminare6), OptionMapping[STRING](name=sound-1, value=22), OptionMapping[STRING](name=sound-2, value=162), OptionMapping[STRING](name=sound-3, value=141), OptionMapping[STRING](name=sound-4, value=178), OptionMapping[STRING](name=sound-5, value=110), OptionMapping[STRING](name=sound-6, value=36), OptionMapping[STRING](name=sound-7, value=102), OptionMapping[STRING](name=sound-8, value=31), OptionMapping[STRING](name=sound-9, value=35), OptionMapping[STRING](name=sound-10, value=150), OptionMapping[STRING](name=sound-11, value=207), OptionMapping[STRING](name=sound-12, value=99), OptionMapping[STRING](name=sound-13, value=109), OptionMapping[STRING](name=sound-14, value=83), OptionMapping[STRING](name=sound-15, value=64), OptionMapping[STRING](name=sound-16, value=7), OptionMapping[STRING](name=sound-17, value=118), OptionMapping[STRING](name=sound-18, value=12), OptionMapping[STRING](name=sound-19, value=182), OptionMapping[STRING](name=sound-20, value=113)]'),
('2023-10-11 13:52:21', 'soundboardSlash', '440489230968553472', '474935164451946506', '939876818465488926', '[OptionMapping[STRING](name=name, value=prova da eliminare8), OptionMapping[STRING](name=sound-1, value=22), OptionMapping[STRING](name=sound-2, value=162), OptionMapping[STRING](name=sound-3, value=141), OptionMapping[STRING](name=sound-4, value=178), OptionMapping[STRING](name=sound-5, value=110), OptionMapping[STRING](name=sound-6, value=36), OptionMapping[STRING](name=sound-7, value=102), OptionMapping[STRING](name=sound-8, value=31), OptionMapping[STRING](name=sound-9, value=35), OptionMapping[STRING](name=sound-10, value=150), OptionMapping[STRING](name=sound-11, value=207), OptionMapping[STRING](name=sound-12, value=99), OptionMapping[STRING](name=sound-13, value=109), OptionMapping[STRING](name=sound-14, value=83), OptionMapping[STRING](name=sound-15, value=64), OptionMapping[STRING](name=sound-16, value=7), OptionMapping[STRING](name=sound-17, value=118), OptionMapping[STRING](name=sound-18, value=12), OptionMapping[STRING](name=sound-19, value=182), OptionMapping[STRING](name=sound-20, value=113)]'),
('2023-10-11 13:53:35', 'soundboardSlash', '440489230968553472', '474935164451946506', '939876818465488926', '[OptionMapping[STRING](name=name, value=prova da eliminare9), OptionMapping[STRING](name=sound-1, value=22), OptionMapping[STRING](name=sound-2, value=162), OptionMapping[STRING](name=sound-3, value=141), OptionMapping[STRING](name=sound-4, value=178), OptionMapping[STRING](name=sound-5, value=110), OptionMapping[STRING](name=sound-6, value=36), OptionMapping[STRING](name=sound-7, value=102), OptionMapping[STRING](name=sound-8, value=31), OptionMapping[STRING](name=sound-9, value=35), OptionMapping[STRING](name=sound-10, value=150), OptionMapping[STRING](name=sound-11, value=207), OptionMapping[STRING](name=sound-12, value=99), OptionMapping[STRING](name=sound-13, value=109), OptionMapping[STRING](name=sound-14, value=83), OptionMapping[STRING](name=sound-15, value=64), OptionMapping[STRING](name=sound-16, value=7), OptionMapping[STRING](name=sound-17, value=118), OptionMapping[STRING](name=sound-18, value=12), OptionMapping[STRING](name=sound-19, value=182), OptionMapping[STRING](name=sound-20, value=113)]'),
('2023-10-11 13:54:43', 'soundboardSlash', '440489230968553472', '474935164451946506', '939876818465488926', '[OptionMapping[STRING](name=name, value=prova da eliminare11), OptionMapping[STRING](name=sound-1, value=22), OptionMapping[STRING](name=sound-2, value=162), OptionMapping[STRING](name=sound-3, value=141), OptionMapping[STRING](name=sound-4, value=178), OptionMapping[STRING](name=sound-5, value=110), OptionMapping[STRING](name=sound-6, value=36), OptionMapping[STRING](name=sound-7, value=102), OptionMapping[STRING](name=sound-8, value=31), OptionMapping[STRING](name=sound-9, value=35), OptionMapping[STRING](name=sound-10, value=150), OptionMapping[STRING](name=sound-11, value=207), OptionMapping[STRING](name=sound-12, value=99), OptionMapping[STRING](name=sound-13, value=109), OptionMapping[STRING](name=sound-14, value=83), OptionMapping[STRING](name=sound-15, value=64), OptionMapping[STRING](name=sound-16, value=7), OptionMapping[STRING](name=sound-17, value=118), OptionMapping[STRING](name=sound-18, value=12), OptionMapping[STRING](name=sound-19, value=182), OptionMapping[STRING](name=sound-20, value=113)]'),
('2023-10-11 14:08:03', 'soundboardSlash', '440489230968553472', '474935164451946506', '939876818465488926', '[OptionMapping[STRING](name=name, value=prova da eliminare13), OptionMapping[STRING](name=sound-1, value=22), OptionMapping[STRING](name=sound-2, value=162), OptionMapping[STRING](name=sound-3, value=141), OptionMapping[STRING](name=sound-4, value=178), OptionMapping[STRING](name=sound-5, value=110), OptionMapping[STRING](name=sound-6, value=36), OptionMapping[STRING](name=sound-7, value=102), OptionMapping[STRING](name=sound-8, value=31), OptionMapping[STRING](name=sound-9, value=35), OptionMapping[STRING](name=sound-10, value=150), OptionMapping[STRING](name=sound-11, value=207), OptionMapping[STRING](name=sound-12, value=99), OptionMapping[STRING](name=sound-13, value=109), OptionMapping[STRING](name=sound-14, value=83), OptionMapping[STRING](name=sound-15, value=64), OptionMapping[STRING](name=sound-16, value=7), OptionMapping[STRING](name=sound-17, value=118), OptionMapping[STRING](name=sound-18, value=12), OptionMapping[STRING](name=sound-19, value=182), OptionMapping[STRING](name=sound-20, value=113)]'),
('2023-10-11 14:13:03', 'soundboardSlash', '440489230968553472', '474935164451946506', '939876818465488926', '[OptionMapping[STRING](name=name, value=prova da eliminare22), OptionMapping[STRING](name=sound-1, value=22), OptionMapping[STRING](name=sound-2, value=162), OptionMapping[STRING](name=sound-3, value=141), OptionMapping[STRING](name=sound-4, value=178), OptionMapping[STRING](name=sound-5, value=110), OptionMapping[STRING](name=sound-6, value=36), OptionMapping[STRING](name=sound-7, value=102), OptionMapping[STRING](name=sound-8, value=31), OptionMapping[STRING](name=sound-9, value=35), OptionMapping[STRING](name=sound-10, value=150), OptionMapping[STRING](name=sound-11, value=207), OptionMapping[STRING](name=sound-12, value=99), OptionMapping[STRING](name=sound-13, value=109), OptionMapping[STRING](name=sound-14, value=83), OptionMapping[STRING](name=sound-15, value=64), OptionMapping[STRING](name=sound-16, value=7), OptionMapping[STRING](name=sound-17, value=118), OptionMapping[STRING](name=sound-18, value=12), OptionMapping[STRING](name=sound-19, value=182), OptionMapping[STRING](name=sound-20, value=113)]'),
('2023-10-11 14:18:18', 'soundboardSlash', '440489230968553472', '474935164451946506', '939876818465488926', '[OptionMapping[STRING](name=name, value=provadio), OptionMapping[STRING](name=sound-1, value=178)]'),
('2023-10-11 14:40:19', 'PlaySound', '440489230968553472', '474935164451946506', '938487470339801169', 'nuovavitainsane'),
('2023-10-11 14:40:36', 'PlaySound', '440489230968553472', '474935164451946506', '983315338886279229', 'nuovavitainsane'),
('2023-10-11 14:40:49', 'Stop', '440489230968553472', '474935164451946506', '938487470339801169', ''),
('2023-10-11 14:40:55', 'Stop', '440489230968553472', '474935164451946506', '983315338886279229', ''),
('2023-10-11 14:41:06', 'Clear', '440489230968553472', '474935164451946506', '938487470339801169', '8'),
('2023-10-11 14:41:16', 'PlaySound', '707479292644163604', '474935164451946506', '983315338886279229', '195'),
('2023-10-11 14:42:15', 'PlaySound', '707479292644163604', '474935164451946506', '983315338886279229', '152'),
('2023-10-11 15:27:49', 'PlaySound', '440489230968553472', '474935164451946506', '938487470339801169', '1v9'),
('2023-10-11 15:27:53', 'PlaySound', '440489230968553472', '474935164451946506', '938487470339801169', '1v9 song'),
('2023-10-11 15:29:20', 'Stop', '440489230968553472', '474935164451946506', '938487470339801169', ''),
('2023-10-11 15:29:24', 'PlayYoutube', '440489230968553472', '474935164451946506', '938487470339801169', 'merio erpia'),
('2023-10-11 15:29:29', 'Stop', '440489230968553472', '474935164451946506', '938487470339801169', ''),
('2023-10-11 15:35:29', 'PlayYoutube', '440489230968553472', '474935164451946506', '938487470339801169', '1v9 song'),
('2023-10-11 15:35:33', 'Stop', '440489230968553472', '474935164451946506', '938487470339801169', ''),
('2023-10-11 15:54:14', 'TTS', '440489230968553472', '474935164451946506', '938487470339801169', 'merio epria epria merio merio epria epria merio merio epria epria merio merio epria epria merio merio epria epria merio merio epria epria merio merio epria epria merio merio epria epria merio merio epria epria merio merio epria epria merio merio epria epria merio merio epria epria merio merio epria epria merio merio epria epria merio merio epria epria merio'),
('2023-10-11 15:58:43', 'TTS', '440489230968553472', '474935164451946506', '938487470339801169', 'merio epria epria merio merio epria epria merio merio epria epria merio merio epria epria merio merio epria epria merio merio epria epria merio merio epria epria merio merio epria epria merio merio epria epria merio merio epria epria merio merio epria epria merio merio epria epria merio merio epria epria merio merio epria epria merio merio epria epria merio'),
('2023-10-11 15:58:46', 'Stop', '440489230968553472', '474935164451946506', '938487470339801169', ''),
('2023-10-11 22:34:23', 'soundboardSlash', '440489230968553472', '474935164451946506', '939876818465488926', '[OptionMapping[STRING](name=name, value=seFunzionaUccidoDio), OptionMapping[STRING](name=sound-1, value=1), OptionMapping[STRING](name=sound-2, value=169)]'),
('2023-10-11 22:51:24', 'soundboardSlash', '440489230968553472', '474935164451946506', '939876818465488926', '[OptionMapping[STRING](name=name, value=asda), OptionMapping[STRING](name=sound-1, value=94), OptionMapping[STRING](name=sound-2, value=205)]'),
('2023-10-11 22:54:13', 'soundboardSlash', '440489230968553472', '474935164451946506', '939876818465488926', '[OptionMapping[STRING](name=name, value=asdadsdasda), OptionMapping[STRING](name=sound-1, value=40)]'),
('2023-10-11 22:54:56', 'soundboardSlash', '440489230968553472', '474935164451946506', '939876818465488926', '[OptionMapping[STRING](name=name, value=asdasdasda), OptionMapping[STRING](name=sound-1, value=116)]'),
('2023-10-11 22:57:15', 'soundboardSlash', '440489230968553472', '474935164451946506', '939876818465488926', '[OptionMapping[STRING](name=name, value=fghghhgj), OptionMapping[STRING](name=sound-1, value=3)]'),
('2023-10-11 23:22:21', 'soundboardSlash', '440489230968553472', '474935164451946506', '939876818465488926', '[OptionMapping[STRING](name=name, value=asdadsa), OptionMapping[STRING](name=sound-1, value=29)]'),
('2023-10-11 23:22:59', 'soundboardSlash', '440489230968553472', '474935164451946506', '939876818465488926', '[OptionMapping[STRING](name=name, value=asdadsa), OptionMapping[STRING](name=sound-1, value=29)]'),
('2023-10-11 23:24:11', 'soundboardSlash', '440489230968553472', '474935164451946506', '939876818465488926', '[OptionMapping[STRING](name=name, value=asdadsa), OptionMapping[STRING](name=sound-1, value=29)]'),
('2023-10-11 23:24:32', 'soundboardSlash', '440489230968553472', '474935164451946506', '939876818465488926', '[OptionMapping[STRING](name=name, value=asdadsa), OptionMapping[STRING](name=sound-1, value=29)]'),
('2023-10-11 23:45:59', 'PlayYoutube', '431324611968368652', '474935164451946506', '938487470339801169', 'https://www.youtube.com/watch?v=0XW9XN_vDaA'),
('2023-10-11 23:47:29', 'Stop', '431324611968368652', '474935164451946506', '938487470339801169', ''),
('2023-10-12 01:01:04', 'soundboardSlash', '440489230968553472', '474935164451946506', '939876818465488926', '[OptionMapping[STRING](name=name, value=oid), OptionMapping[STRING](name=sound-1, value=43), OptionMapping[STRING](name=sound-2, value=173)]'),
('2023-10-12 01:44:22', 'soundboardSlash', '440489230968553472', '474935164451946506', '939876818465488926', '[OptionMapping[STRING](name=name, value=28)]'),
('2023-10-12 02:08:21', 'downloadsoundSlash', '440489230968553472', '474935164451946506', '939876818465488926', '[OptionMapping[STRING](name=sound, value=2)]'),
('2023-10-12 02:29:51', 'downloadsoundSlash', '440489230968553472', '474935164451946506', '939876818465488926', '[OptionMapping[STRING](name=sound, value=2)]'),
('2023-10-12 02:30:25', 'downloadsoundSlash', '440489230968553472', '474935164451946506', '939876818465488926', '[OptionMapping[STRING](name=sound, value=2)]'),
('2023-10-12 02:31:30', 'downloadsoundSlash', '440489230968553472', '474935164451946506', '939876818465488926', '[OptionMapping[STRING](name=sound, value=eee)]'),
('2023-10-12 02:32:12', 'downloadsoundSlash', '440489230968553472', '474935164451946506', '939876818465488926', '[OptionMapping[STRING](name=sound, value=eee)]'),
('2023-10-12 02:32:50', 'downloadsoundSlash', '440489230968553472', '474935164451946506', '939876818465488926', '[OptionMapping[STRING](name=sound, value=eee)]'),
('2023-10-12 02:37:20', 'deletesoundSlash', '440489230968553472', '474935164451946506', '939876818465488926', '[OptionMapping[STRING](name=sound, value=eee)]'),
('2023-10-12 02:38:44', 'deletesoundSlash', '440489230968553472', '474935164451946506', '939876818465488926', '[OptionMapping[STRING](name=sound, value=eee)]'),
('2023-10-12 02:40:45', 'deletesoundSlash', '440489230968553472', '474935164451946506', '939876818465488926', '[OptionMapping[STRING](name=sound, value=eee)]'),
('2023-10-12 02:41:08', 'deletesoundSlash', '440489230968553472', '474935164451946506', '939876818465488926', '[OptionMapping[STRING](name=sound, value=eee)]'),
('2023-10-12 10:30:05', 'soundboardSlash', '383358222972616705', '474935164451946506', '938487470339801169', '[OptionMapping[STRING](name=name, value=2)]'),
('2023-10-12 11:22:31', 'Help', '383358222972616705', '474935164451946506', '938487470339801169', ''),
('2023-10-12 11:22:33', 'List', '383358222972616705', '474935164451946506', '938487470339801169', ''),
('2023-10-12 11:22:39', 'List', '440489230968553472', '474935164451946506', '938487470339801169', ''),
('2023-10-12 11:22:43', 'welcomeSlash', '383358222972616705', '474935164451946506', '938487470339801169', '[]'),
('2023-10-12 11:22:50', 'Ping', '440489230968553472', '474935164451946506', '938487470339801169', ''),
('2023-10-12 11:22:52', 'Ping', '440489230968553472', '474935164451946506', '938487470339801169', ''),
('2023-10-12 11:22:59', 'Ping', '440489230968553472', '474935164451946506', '938487470339801169', ''),
('2023-10-12 11:23:06', 'Ping', '440489230968553472', '474935164451946506', '938487470339801169', ''),
('2023-10-12 11:25:13', 'memberinfoSlash', '383358222972616705', '474935164451946506', '938487470339801169', '[OptionMapping[USER](name=user, value=458276816071950337)]'),
('2023-10-12 11:25:47', 'Restart', '383358222972616705', '474935164451946506', '938487470339801169', 'beebot 2'),
('2023-10-12 11:25:55', 'Restart', '383358222972616705', '474935164451946506', '938487470339801169', 'beebot music'),
('2023-10-12 11:25:57', 'deletesoundSlash', '383358222972616705', '474935164451946506', '939876818465488926', '[OptionMapping[STRING](name=sound, value=eee)]'),
('2023-10-12 11:26:00', 'Restart', '383358222972616705', '474935164451946506', '938487470339801169', 'beebot moderation'),
('2023-10-12 11:26:11', 'PrintCache', '383358222972616705', '474935164451946506', '938487470339801169', ''),
('2023-10-12 11:26:27', 'PrintCache', '383358222972616705', '474935164451946506', '1098906798016184422', ''),
('2023-10-12 11:26:59', 'welcomeSlash', '383358222972616705', '474935164451946506', '1098906798016184422', '[]'),
('2023-10-12 12:10:47', 'welcomeSlash', '383358222972616705', '474935164451946506', '938487470339801169', '[OptionMapping[STRING](name=toggle, value=off)]'),
('2023-10-12 12:11:17', 'welcomeSlash', '383358222972616705', '474935164451946506', '938487470339801169', '[OptionMapping[STRING](name=toggle, value=on)]'),
('2023-10-12 12:51:06', 'welcomeSlash', '440489230968553472', '474935164451946506', '938487470339801169', '[]'),
('2023-10-12 13:00:58', 'Query', '440489230968553472', '474935164451946506', '938487470339801169', 'select * from alert where guild_id = 474935164451946506'),
('2023-10-12 13:26:35', 'soundboardSlash', '440489230968553472', '474935164451946506', '938487470339801169', '[OptionMapping[STRING](name=name, value=prova), OptionMapping[STRING](name=sound-1, value=194), OptionMapping[STRING](name=sound-2, value=201)]'),
('2023-10-12 13:52:35', 'Shutdown', '440489230968553472', '474935164451946506', '938487470339801169', 'beebot 2'),
('2023-10-12 13:52:38', 'Clear', '440489230968553472', '474935164451946506', '938487470339801169', '2'),
('2023-10-12 13:52:54', 'Shutdown', '440489230968553472', '474935164451946506', '938487470339801169', 'beebot moderation'),
('2023-10-12 13:53:07', 'Shutdown', '440489230968553472', '474935164451946506', '938487470339801169', 'beebot music'),
('2023-10-12 13:53:10', 'TTS', '345307975788920842', '474935164451946506', '938487470339801169', 'Porco d'),
('2023-10-12 14:18:51', 'welcomeSlash', '440489230968553472', '474935164451946506', '939876818465488926', '[OptionMapping[STRING](name=message, value=yo guyz), OptionMapping[CHANNEL](name=channel, value=938513359626715176)]'),
('2023-10-12 14:18:59', 'welcomeSlash', '440489230968553472', '474935164451946506', '939876818465488926', '[]'),
('2023-10-12 14:19:49', 'welcomeSlash', '440489230968553472', '474935164451946506', '939876818465488926', '[]'),
('2023-10-12 16:07:15', 'TTS', '345307975788920842', '474935164451946506', '938487470339801169', 'Wubbaboo'),
('2023-10-12 17:27:21', 'PlayYoutube', '440489230968553472', '474935164451946506', '938487470339801169', 'monke flip'),
('2023-10-12 17:27:36', 'PlayYoutube', '440489230968553472', '474935164451946506', '938487470339801169', 'monke flip'),
('2023-10-13 14:19:24', 'PlayYoutube', '440489230968553472', '474935164451946506', '938487470339801169', 'zebeightynine'),
('2023-10-13 14:19:27', 'Stop', '440489230968553472', '474935164451946506', '938487470339801169', ''),
('2023-10-13 14:19:29', 'List', '440489230968553472', '474935164451946506', '938487470339801169', ''),
('2023-10-13 14:25:05', 'PlaySound', '291624587278417920', '474935164451946506', '938487470339801169', 'gasolina'),
('2023-10-13 14:25:13', 'PlaySound', '291624587278417920', '474935164451946506', '938487470339801169', 'gg'),
('2023-10-13 14:25:19', 'PlaySound', '291624587278417920', '474935164451946506', '938487470339801169', 'eheh'),
('2023-10-13 14:25:39', 'PlaySound', '707479292644163604', '474935164451946506', '938487470339801169', 'amici'),
('2023-10-13 14:26:02', 'PlaySound', '440489230968553472', '474935164451946506', '938487470339801169', 'grillo'),
('2023-10-13 15:41:29', 'PlaySound', '707479292644163604', '474935164451946506', '938487470339801169', 'dudu'),
('2023-10-13 15:41:46', 'List', '440489230968553472', '474935164451946506', '938487470339801169', ''),
('2023-10-13 15:41:50', 'PlaySound', '440489230968553472', '474935164451946506', '938487470339801169', 'arpione'),
('2023-10-13 15:41:54', 'PlaySound', '440489230968553472', '474935164451946506', '938487470339801169', 'bill'),
('2023-10-13 15:41:57', 'Stop', '440489230968553472', '474935164451946506', '938487470339801169', ''),
('2023-10-13 15:41:58', 'List', '440489230968553472', '474935164451946506', '938487470339801169', ''),
('2023-10-13 15:42:00', 'PlaySound', '707479292644163604', '474935164451946506', '938487470339801169', '5min'),
('2023-10-13 15:42:03', 'PlaySound', '440489230968553472', '474935164451946506', '938487470339801169', 'blbl'),
('2023-10-13 15:42:06', 'List', '440489230968553472', '474935164451946506', '938487470339801169', ''),
('2023-10-13 15:42:14', 'PlaySound', '440489230968553472', '474935164451946506', '938487470339801169', 'apri'),
('2023-10-13 15:59:40', 'PlaySound', '440489230968553472', '474935164451946506', '938487470339801169', 'gg'),
('2023-10-13 19:32:02', 'PlaySound', '440489230968553472', '474935164451946506', '938487470339801169', 'inno'),
('2023-10-13 19:32:05', 'Stop', '440489230968553472', '474935164451946506', '938487470339801169', ''),
('2023-10-13 19:32:13', 'PlaySound', '440489230968553472', '474935164451946506', '938487470339801169', 'inno'),
('2023-10-13 19:32:26', 'List', '440489230968553472', '474935164451946506', '938487470339801169', ''),
('2023-10-13 19:32:55', 'PlaySound', '440489230968553472', '474935164451946506', '938487470339801169', 'diamanti'),
('2023-10-13 19:33:04', 'PlaySound', '440489230968553472', '474935164451946506', '938487470339801169', 'dep'),
('2023-10-13 19:33:08', 'List', '440489230968553472', '474935164451946506', '938487470339801169', ''),
('2023-10-13 19:33:10', 'PlaySound', '383358222972616705', '474935164451946506', '938487470339801169', 'nave'),
('2023-10-13 19:33:23', 'PlaySound', '440489230968553472', '474935164451946506', '938487470339801169', 'apri'),
('2023-10-13 19:33:47', 'TTS', '440489230968553472', '474935164451946506', '938487470339801169', 'tokyo dove sei che ti voglio sbattere al CANCEEEEELLOOOOO'),
('2023-10-13 19:33:59', 'TTS', '440489230968553472', '474935164451946506', '938487470339801169', 'tokyo dove sei che ti voglio sbattere al CANCEEEEELLOOOOO'),
('2023-10-13 19:34:05', 'TTS', '440489230968553472', '474935164451946506', '938487470339801169', 'tokyo dio'),
('2023-10-13 19:34:14', 'TTS', '440489230968553472', '474935164451946506', '938487470339801169', 'madonna troia'),
('2023-10-13 19:35:00', 'ttsSlash', '440489230968553472', '474935164451946506', '938487470339801169', '[OptionMapping[STRING](name=text, value=dio diod io)]'),
('2023-10-13 19:35:12', 'ttsSlash', '383358222972616705', '474935164451946506', '938487470339801169', '[OptionMapping[STRING](name=text, value=keria e guma)]'),
('2023-10-13 19:35:29', 'TTS', '440489230968553472', '474935164451946506', '938487470339801169', 'oid oid odi odi'),
('2023-10-13 19:40:06', 'soundboardSlash', '440489230968553472', '474935164451946506', '938487470339801169', '[OptionMapping[STRING](name=sound-1, value=sdasdsada)]'),
('2023-10-13 19:40:26', 'playSlash', '440489230968553472', '474935164451946506', '938487470339801169', '[OptionMapping[STRING](name=sound, value=asdadsa)]'),
('2023-10-13 19:43:22', 'championSlash', '440489230968553472', '474935164451946506', '938487470339801169', '[OptionMapping[STRING](name=champ, value=Ezreal), OptionMapping[STRING](name=lane, value=ADC)]'),
('2023-10-13 19:47:17', 'PlaySound', '383358222972616705', '474935164451946506', '938487470339801169', 'eee'),
('2023-10-13 19:47:19', 'PlaySound', '383358222972616705', '474935164451946506', '938487470339801169', 'eee'),
('2023-10-13 20:27:52', 'PlaySound', '383358222972616705', '474935164451946506', '938487470339801169', 'nocturne'),
('2023-10-13 20:28:15', 'PlaySound', '440489230968553472', '474935164451946506', '938487470339801169', 'keria'),
('2023-10-13 20:28:23', 'PlayYoutube', '440489230968553472', '474935164451946506', '938487470339801169', '1v9 song'),
('2023-10-13 20:28:27', 'Stop', '440489230968553472', '474935164451946506', '938487470339801169', ''),
('2023-10-13 20:33:32', 'championSlash', '440489230968553472', '474935164451946506', '938487470339801169', '[OptionMapping[STRING](name=champ, value=twitch), OptionMapping[STRING](name=lane, value=ADC)]'),
('2023-10-13 21:04:48', 'championSlash', '440489230968553472', '474935164451946506', '938487470339801169', '[OptionMapping[STRING](name=champ, value=caitlyn), OptionMapping[STRING](name=lane, value=ADC)]'),
('2023-10-13 21:58:07', 'championSlash', '440489230968553472', '474935164451946506', '938487470339801169', '[OptionMapping[STRING](name=champ, value=samira), OptionMapping[STRING](name=lane, value=ADC)]'),
('2023-10-13 22:37:20', 'championSlash', '440489230968553472', '474935164451946506', '938487470339801169', '[OptionMapping[STRING](name=champ, value=Nilah), OptionMapping[STRING](name=lane, value=ADC)]'),
('2023-10-14 10:10:47', 'uploadSlash', '440489230968553472', '474935164451946506', '938487470339801169', '[OptionMapping[STRING](name=name, value=adolf), OptionMapping[ATTACHMENT](name=file, value=1162678880407126016)]'),
('2023-10-14 10:10:55', 'PlaySound', '440489230968553472', '474935164451946506', '938487470339801169', 'adolf'),
('2023-10-14 10:11:00', 'Clear', '440489230968553472', '474935164451946506', '938487470339801169', '3'),
('2023-10-14 10:50:35', 'PlaySound', '440489230968553472', '474935164451946506', '938487470339801169', 'adolf'),
('2023-10-14 10:50:38', 'Clear', '440489230968553472', '474935164451946506', '938487470339801169', '2'),
('2023-10-14 10:50:56', 'Clear', '440489230968553472', '474935164451946506', '938487470339801169', '2'),
('2023-10-14 11:23:27', 'PlaySound', '383358222972616705', '474935164451946506', '938487470339801169', 'sot'),
('2023-10-14 11:23:28', 'Stop', '383358222972616705', '474935164451946506', '938487470339801169', ''),
('2023-10-14 11:23:37', 'PlaySound', '440489230968553472', '474935164451946506', '938487470339801169', 'adolf'),
('2023-10-14 11:23:48', 'PlaySound', '383358222972616705', '474935164451946506', '938487470339801169', 'adolf'),
('2023-10-14 11:23:53', 'PlaySound', '383358222972616705', '474935164451946506', '938487470339801169', '196'),
('2023-10-14 11:24:02', 'PlayYoutube', '440489230968553472', '474935164451946506', '938487470339801169', 'https://www.youtube.com/watch?v=AFA-rOls8YA'),
('2023-10-14 11:24:23', 'Stop', '440489230968553472', '474935164451946506', '938487470339801169', '');
INSERT IGNORE INTO `command` (`time`, `name`, `user_id`, `guild_id`, `bot_id`, `args`) VALUES
('2023-10-14 11:24:48', 'TTS', '383358222972616705', '474935164451946506', '938487470339801169', 'keria'),
('2023-10-14 11:24:53', 'TTS', '383358222972616705', '474935164451946506', '938487470339801169', 'eee eee'),
('2023-10-14 11:24:55', 'TTS', '440489230968553472', '474935164451946506', '938487470339801169', 'keria e guma'),
('2023-10-14 11:26:43', 'TTS', '383358222972616705', '474935164451946506', '938487470339801169', 'Mia EEE\npt eee'),
('2023-10-14 11:28:50', 'TTS', '383358222972616705', '474935164451946506', '938487470339801169', 'Keria ed il guma'),
('2023-10-14 11:29:00', 'TTS', '383358222972616705', '474935164451946506', '938487470339801169', 'Pietro Keria ed il guma'),
('2023-10-14 11:32:08', 'TTS', '440489230968553472', '474935164451946506', '938487470339801169', 'asdoifhs adiubfdhus hjbhjsbfhiydsb nfisdbfi s iufdhniuf swi fbndhisuf bns'),
('2023-10-14 11:35:49', 'Summoner', '383358222972616705', '474935164451946506', '938487470339801169', 'napolimilano'),
('2023-10-14 11:41:10', 'livegameSlash', '383358222972616705', '474935164451946506', '938487470339801169', '[OptionMapping[STRING](name=summoner, value=briseidhe91)]'),
('2023-10-14 11:41:20', 'Summoner', '383358222972616705', '474935164451946506', '938487470339801169', 'briseidhe91'),
('2023-10-14 11:42:03', 'summonerSlash', '383358222972616705', '474935164451946506', '938487470339801169', '[OptionMapping[STRING](name=summoner, value=briseidhe91)]'),
('2023-10-14 11:44:54', 'livegameSlash', '440489230968553472', '474935164451946506', '938487470339801169', '[OptionMapping[STRING](name=summoner, value=briseidhe91)]'),
('2023-10-14 11:47:55', 'Opgg', '383358222972616705', '474935164451946506', '938487470339801169', 'sunyxz'),
('2023-10-14 12:36:27', 'setvoiceSlash', '440489230968553472', '474935164451946506', '939876818465488926', '[OptionMapping[STRING](name=voice, value=Mia)]'),
('2023-10-14 12:36:52', 'setvoiceSlash', '440489230968553472', '474935164451946506', '939876818465488926', '[OptionMapping[STRING](name=voice, value=Pietro)]'),
('2023-10-14 12:44:12', 'livegameSlash', '383358222972616705', '474935164451946506', '939876818465488926', '[OptionMapping[STRING](name=summoner, value=briseidhe91)]'),
('2023-10-14 12:44:23', 'livegameSlash', '440489230968553472', '474935164451946506', '939876818465488926', '[OptionMapping[STRING](name=summoner, value=briseidhe91)]'),
('2023-10-14 12:44:36', 'livegameSlash', '383358222972616705', '474935164451946506', '939876818465488926', '[OptionMapping[STRING](name=summoner, value=briseidhe91)]'),
('2023-10-14 12:44:49', 'livegameSlash', '440489230968553472', '474935164451946506', '939876818465488926', '[OptionMapping[STRING](name=summoner, value=briseidhe91)]'),
('2023-10-14 12:46:53', 'livegameSlash', '383358222972616705', '474935164451946506', '939876818465488926', '[OptionMapping[STRING](name=summoner, value=briseidhe91)]'),
('2023-10-14 12:47:19', 'livegameSlash', '383358222972616705', '474935164451946506', '939876818465488926', '[OptionMapping[STRING](name=summoner, value=briseidhe91)]'),
('2023-10-14 12:49:17', 'livegameSlash', '383358222972616705', '474935164451946506', '939876818465488926', '[OptionMapping[STRING](name=summoner, value=briseidhe91)]'),
('2023-10-14 12:51:55', 'livegameSlash', '383358222972616705', '474935164451946506', '939876818465488926', '[OptionMapping[STRING](name=summoner, value=briseidhe91)]'),
('2023-10-14 12:54:24', 'ttsSlash', '440489230968553472', '474935164451946506', '939876818465488926', '[OptionMapping[STRING](name=text, value=oid ocrop)]'),
('2023-10-14 12:54:36', 'ttsSlash', '440489230968553472', '474935164451946506', '939876818465488926', '[OptionMapping[STRING](name=text, value=oid ocropasd asdasd asda dad)]'),
('2023-10-14 12:57:01', 'ttsSlash', '440489230968553472', '474935164451946506', '939876818465488926', '[OptionMapping[STRING](name=text, value=oid ocropasd asdasd asda dad)]'),
('2023-10-14 12:57:16', 'ttsSlash', '440489230968553472', '474935164451946506', '939876818465488926', '[OptionMapping[STRING](name=text, value=asdadsa sdsds da), OptionMapping[STRING](name=voice, value=Mia)]'),
('2023-10-14 12:57:28', 'ttsSlash', '440489230968553472', '474935164451946506', '939876818465488926', '[OptionMapping[STRING](name=text, value=asddsa ds), OptionMapping[STRING](name=voice, value=adsa)]'),
('2023-10-14 12:57:55', 'livegameSlash', '383358222972616705', '474935164451946506', '939876818465488926', '[OptionMapping[STRING](name=summoner, value=briseidhe91)]'),
('2023-10-14 12:58:20', 'livegameSlash', '383358222972616705', '474935164451946506', '939876818465488926', '[OptionMapping[STRING](name=summoner, value=briseidhe91)]'),
('2023-10-14 12:58:56', 'setvoiceSlash', '440489230968553472', '474935164451946506', '939876818465488926', '[OptionMapping[STRING](name=voice, value=null)]'),
('2023-10-14 12:59:14', 'ttsSlash', '440489230968553472', '474935164451946506', '939876818465488926', '[OptionMapping[STRING](name=text, value=list)]'),
('2023-10-14 12:59:23', 'setvoiceSlash', '440489230968553472', '474935164451946506', '939876818465488926', '[OptionMapping[STRING](name=voice, value=null)]'),
('2023-10-14 12:59:41', 'ttsSlash', '440489230968553472', '474935164451946506', '939876818465488926', '[OptionMapping[STRING](name=text, value=list)]'),
('2023-10-14 13:10:37', 'setvoiceSlash', '440489230968553472', '474935164451946506', '939876818465488926', '[OptionMapping[STRING](name=voice, value=Mia)]'),
('2023-10-14 14:28:33', 'PlaySound', '440489230968553472', '474935164451946506', '938487470339801169', 'fnaf'),
('2023-10-14 14:29:01', 'PlaySound', '440489230968553472', '474935164451946506', '938487470339801169', 'napoli'),
('2023-10-14 14:29:32', 'championSlash', '440489230968553472', '474935164451946506', '938487470339801169', '[OptionMapping[STRING](name=champ, value=Ezreal), OptionMapping[STRING](name=lane, value=ADC)]'),
('2023-10-14 16:19:13', 'PlaySound', '707479292644163604', '474935164451946506', '938487470339801169', '195'),
('2023-10-14 16:19:26', 'PlaySound', '707479292644163604', '474935164451946506', '938487470339801169', 'ancora'),
('2023-10-14 16:19:48', 'PlaySound', '707479292644163604', '474935164451946506', '938487470339801169', '28d'),
('2023-10-14 17:26:29', 'PlaySound', '440489230968553472', '474935164451946506', '938487470339801169', 'adolf'),
('2023-10-14 17:26:35', 'PlaySound', '440489230968553472', '474935164451946506', '938487470339801169', 'adolf'),
('2023-10-14 17:26:42', 'PlaySound', '440489230968553472', '474935164451946506', '938487470339801169', 'adolf'),
('2023-10-14 17:27:28', 'PlaySound', '440489230968553472', '474935164451946506', '938487470339801169', 'adolf'),
('2023-10-14 17:27:34', 'PlaySound', '440489230968553472', '474935164451946506', '938487470339801169', 'adolf'),
('2023-10-14 17:27:39', 'PlaySound', '440489230968553472', '474935164451946506', '938487470339801169', 'adolf'),
('2023-10-14 17:29:10', 'PlaySound', '440489230968553472', '474935164451946506', '938487470339801169', 'adolf'),
('2023-10-14 17:30:39', 'PlaySound', '440489230968553472', '474935164451946506', '938487470339801169', 'adolf'),
('2023-10-14 17:30:45', 'PlaySound', '440489230968553472', '474935164451946506', '938487470339801169', 'adolf'),
('2023-10-14 17:30:46', 'PlaySound', '440489230968553472', '474935164451946506', '938487470339801169', 'adolf'),
('2023-10-14 17:30:48', 'PlaySound', '440489230968553472', '474935164451946506', '938487470339801169', 'adolf'),
('2023-10-14 17:30:53', 'PlaySound', '440489230968553472', '474935164451946506', '938487470339801169', 'adolf'),
('2023-10-14 17:30:54', 'PlaySound', '440489230968553472', '474935164451946506', '938487470339801169', 'adolf'),
('2023-10-14 17:30:55', 'PlaySound', '440489230968553472', '474935164451946506', '938487470339801169', 'adolf'),
('2023-10-14 17:30:59', 'PlaySound', '440489230968553472', '474935164451946506', '938487470339801169', 'adolf'),
('2023-10-14 17:33:42', 'serverinfoSlash', '383358222972616705', '474935164451946506', '939876818465488926', '[]'),
('2023-10-14 17:34:49', 'serverinfoSlash', '383358222972616705', '474935164451946506', '939876818465488926', '[]'),
('2023-10-14 17:35:42', 'PlaySound', '707479292644163604', '474935164451946506', '938487470339801169', 'adolf'),
('2023-10-14 17:36:19', 'serverinfoSlash', '383358222972616705', '474935164451946506', '939876818465488926', '[]'),
('2023-10-14 18:06:03', 'PlaySound', '440489230968553472', '474935164451946506', '938487470339801169', 'adolf'),
('2023-10-14 18:23:22', 'PlayYoutube', '440489230968553472', '474935164451946506', '938487470339801169', 'napoli juve aperol'),
('2023-10-14 18:23:34', 'Stop', '440489230968553472', '474935164451946506', '938487470339801169', ''),
('2023-10-14 18:47:15', 'championSlash', '440489230968553472', '474935164451946506', '938487470339801169', '[OptionMapping[STRING](name=champ, value=samira), OptionMapping[STRING](name=lane, value=ADC)]'),
('2023-10-14 21:06:14', 'championSlash', '440489230968553472', '474935164451946506', '938487470339801169', '[OptionMapping[STRING](name=champ, value=kog maw), OptionMapping[STRING](name=lane, value=ADC)]'),
('2023-10-14 21:06:30', 'championSlash', '383358222972616705', '474935164451946506', '938487470339801169', '[OptionMapping[STRING](name=champ, value=Alistar), OptionMapping[STRING](name=lane, value=SUPPORT)]'),
('2023-10-14 21:06:38', 'championSlash', '440489230968553472', '474935164451946506', '938487470339801169', '[OptionMapping[STRING](name=champ, value=Kennen), OptionMapping[STRING](name=lane, value=ADC)]'),
('2023-10-14 21:07:11', 'championSlash', '440489230968553472', '474935164451946506', '938487470339801169', '[OptionMapping[STRING](name=champ, value=kog maw), OptionMapping[STRING](name=lane, value=ADC)]'),
('2023-10-14 21:23:55', 'PlaySound', '440489230968553472', '474935164451946506', '938487470339801169', 'adolf'),
('2023-10-14 21:42:47', 'championSlash', '440489230968553472', '474935164451946506', '938487470339801169', '[OptionMapping[STRING](name=champ, value=Xayah), OptionMapping[STRING](name=lane, value=ADC)]'),
('2023-10-14 21:54:08', 'championSlash', '440489230968553472', '474935164451946506', '938487470339801169', '[OptionMapping[STRING](name=champ, value=vayne), OptionMapping[STRING](name=lane, value=ADC)]'),
('2023-10-14 21:55:10', 'PlayYoutube', '440489230968553472', '474935164451946506', '938487470339801169', 'nessun dorma kung slao'),
('2023-10-14 21:55:21', 'PlayYoutube', '383358222972616705', '474935164451946506', '938487470339801169', 'kung slao nuova vita'),
('2023-10-14 21:56:09', 'Stop', '707479292644163604', '474935164451946506', '938487470339801169', ''),
('2023-10-14 21:56:16', 'TTS', '383358222972616705', '474935164451946506', '938487470339801169', 'dio cane keria'),
('2023-10-14 21:56:25', 'PlaySound', '707479292644163604', '474935164451946506', '938487470339801169', '195'),
('2023-10-14 21:56:29', 'soundboardSlash', '383358222972616705', '474935164451946506', '938487470339801169', '[OptionMapping[STRING](name=name, value=4)]'),
('2023-10-14 21:56:43', 'soundboardSlash', '383358222972616705', '474935164451946506', '938487470339801169', '[OptionMapping[STRING](name=name, value=3)]'),
('2023-10-14 22:20:14', 'PlayYoutube', '440489230968553472', '474935164451946506', '938487470339801169', 'merio epria'),
('2023-10-14 22:20:16', 'Stop', '440489230968553472', '474935164451946506', '938487470339801169', ''),
('2023-10-14 22:43:56', 'Dice', '440489230968553472', '474935164451946506', '938487470339801169', 'd23'),
('2023-10-14 22:44:00', 'Dice', '440489230968553472', '474935164451946506', '938487470339801169', '1d23'),
('2023-10-14 22:46:19', 'championSlash', '440489230968553472', '474935164451946506', '938487470339801169', '[OptionMapping[STRING](name=champ, value=jinx), OptionMapping[STRING](name=lane, value=ADC)]'),
('2023-10-15 00:23:07', 'PlayYoutube', '431324611968368652', '474935164451946506', '938487470339801169', 'centro di gravit permanente'),
('2023-10-15 00:26:03', 'serverinfoSlash', '383358222972616705', '474935164451946506', '939876818465488926', '[]'),
('2023-10-15 00:29:10', 'serverinfoSlash', '383358222972616705', '474935164451946506', '939876818465488926', '[]'),
('2023-10-15 00:29:28', 'blacklistSlash', '383358222972616705', '474935164451946506', '939876818465488926', '[OptionMapping[INTEGER](name=threshold, value=3), OptionMapping[CHANNEL](name=channel, value=1113453933508169728)]'),
('2023-10-15 00:29:35', 'serverinfoSlash', '383358222972616705', '474935164451946506', '939876818465488926', '[]'),
('2023-10-15 00:33:08', 'serverinfoSlash', '383358222972616705', '474935164451946506', '939876818465488926', '[]'),
('2023-10-15 00:33:21', 'blacklistSlash', '383358222972616705', '474935164451946506', '939876818465488926', '[OptionMapping[INTEGER](name=threshold, value=3), OptionMapping[CHANNEL](name=channel, value=938513359626715176)]'),
('2023-10-15 00:33:26', 'serverinfoSlash', '383358222972616705', '474935164451946506', '939876818465488926', '[]'),
('2023-10-15 10:34:07', 'MemberInfo', '440489230968553472', '474935164451946506', '938487470339801169', ''),
('2023-10-15 10:34:55', 'memberinfoSlash', '440489230968553472', '474935164451946506', '938487470339801169', '[]'),
('2023-10-15 10:37:29', 'ListGuild', '440489230968553472', '474935164451946506', '938487470339801169', ''),
('2023-10-15 10:37:41', 'ServerInfo', '440489230968553472', '474935164451946506', '938487470339801169', '726201794031779852'),
('2023-10-15 10:38:45', 'MemberInfo', '383358222972616705', '474935164451946506', '938487470339801169', '219797089037582337'),
('2023-10-15 10:39:35', 'MemberInfo', '383358222972616705', '474935164451946506', '938487470339801169', '291624587278417920'),
('2023-10-15 10:42:27', 'MemberInfo', '440489230968553472', '474935164451946506', '938487470339801169', ''),
('2023-10-15 10:42:33', 'MemberInfo', '440489230968553472', '474935164451946506', '938487470339801169', '<@440489230968553472>'),
('2023-10-15 10:42:41', 'MemberInfo', '440489230968553472', '474935164451946506', '938487470339801169', '<@440489230968553472>'),
('2023-10-15 10:54:10', 'ServerInfo', '383358222972616705', '474935164451946506', '938487470339801169', ''),
('2023-10-15 10:54:11', 'MemberInfo', '383358222972616705', '474935164451946506', '938487470339801169', ''),
('2023-10-15 10:54:45', 'MemberInfo', '383358222972616705', '474935164451946506', '938487470339801169', '219797089037582337'),
('2023-10-15 12:35:45', 'PlaySound', '440489230968553472', '474935164451946506', '938487470339801169', 'adolf'),
('2023-10-15 12:36:06', 'uploadSlash', '383358222972616705', '474935164451946506', '938487470339801169', '[OptionMapping[STRING](name=name, value=napoli milano), OptionMapping[ATTACHMENT](name=file, value=1163077840703602709)]'),
('2023-10-15 12:36:09', 'PlaySound', '383358222972616705', '474935164451946506', '938487470339801169', 'napoli milano'),
('2023-10-15 13:57:23', 'PlaySound', '707479292644163604', '474935164451946506', '938487470339801169', 'Napoli milano'),
('2023-10-15 14:00:33', 'PlaySound', '383358222972616705', '474935164451946506', '938487470339801169', 'hitler'),
('2023-10-15 14:00:36', 'PlaySound', '383358222972616705', '474935164451946506', '938487470339801169', 'adolf'),
('2023-10-15 14:00:42', 'PlaySound', '383358222972616705', '474935164451946506', '938487470339801169', 'keria'),
('2023-10-15 14:00:44', 'PlaySound', '383358222972616705', '474935164451946506', '938487470339801169', 'faker'),
('2023-10-15 14:00:44', 'Stop', '383358222972616705', '474935164451946506', '938487470339801169', ''),
('2023-10-15 14:00:46', 'PlaySound', '383358222972616705', '474935164451946506', '938487470339801169', 'faker'),
('2023-10-15 14:00:58', 'PlaySound', '707479292644163604', '474935164451946506', '938487470339801169', 'napoli'),
('2023-10-15 14:01:46', 'PlaySound', '707479292644163604', '474935164451946506', '938487470339801169', '195'),
('2023-10-15 14:02:59', 'PlaySound', '707479292644163604', '474935164451946506', '938487470339801169', 'apnea'),
('2023-10-15 14:40:11', 'PlaySound', '707479292644163604', '474935164451946506', '938487470339801169', 'adolf'),
('2023-10-15 14:58:44', 'championSlash', '440489230968553472', '474935164451946506', '938487470339801169', '[OptionMapping[STRING](name=champ, value=Sivir), OptionMapping[STRING](name=lane, value=ADC)]'),
('2023-10-15 15:39:23', 'PlaySound', '707479292644163604', '474935164451946506', '938487470339801169', '1v9 song'),
('2023-10-15 15:39:30', 'Stop', '707479292644163604', '474935164451946506', '938487470339801169', ''),
('2023-10-15 18:50:23', 'Summoner', '383358222972616705', '474935164451946506', '938487470339801169', 'hitomiokami'),
('2023-10-15 21:52:33', 'championSlash', '383358222972616705', '474935164451946506', '938487470339801169', '[OptionMapping[STRING](name=champ, value=Yasuo), OptionMapping[STRING](name=lane, value=MID)]'),
('2023-10-15 22:03:26', 'championSlash', '440489230968553472', '474935164451946506', '938487470339801169', '[OptionMapping[STRING](name=champ, value=Yasuo), OptionMapping[STRING](name=lane, value=ADC)]'),
('2023-10-15 22:35:27', 'PlaySound', '383358222972616705', '474935164451946506', '938487470339801169', 'yee'),
('2023-10-15 22:35:30', 'PlaySound', '383358222972616705', '474935164451946506', '938487470339801169', 'ye'),
('2023-10-15 22:35:42', 'PlaySound', '383358222972616705', '474935164451946506', '938487470339801169', 'ye felice 2'),
('2023-10-15 22:36:07', 'PlaySound', '383358222972616705', '474935164451946506', '938487470339801169', 'eee'),
('2023-10-15 22:37:47', 'championSlash', '440489230968553472', '474935164451946506', '938487470339801169', '[OptionMapping[STRING](name=champ, value=Vayne), OptionMapping[STRING](name=lane, value=ADC)]'),
('2023-10-15 22:38:19', 'PlaySound', '383358222972616705', '474935164451946506', '938487470339801169', 'eee'),
('2023-10-16 16:22:22', 'Clear', '440489230968553472', '474935164451946506', '938487470339801169', '1'),
('2023-10-16 16:51:14', 'weatherSlash', '440489230968553472', '474935164451946506', '939876818465488926', '[]'),
('2023-10-16 16:59:00', 'weatherSlash', '440489230968553472', '474935164451946506', '939876818465488926', '[]'),
('2023-10-16 16:59:16', 'weatherSlash', '440489230968553472', '474935164451946506', '939876818465488926', '[]'),
('2023-10-16 17:00:44', 'weatherSlash', '440489230968553472', '474935164451946506', '939876818465488926', '[]'),
('2023-10-16 17:04:52', 'weatherSlash', '440489230968553472', '474935164451946506', '939876818465488926', '[OptionMapping[STRING](name=location, value=pisa)]'),
('2023-10-16 18:00:17', 'Clear', '440489230968553472', '474935164451946506', '938487470339801169', '1'),
('2023-10-16 18:18:07', 'weatherSlash', '440489230968553472', '474935164451946506', '939876818465488926', '[OptionMapping[STRING](name=location, value=pisa)]'),
('2023-10-16 18:19:04', 'weatherSlash', '440489230968553472', '474935164451946506', '939876818465488926', '[OptionMapping[STRING](name=location, value=pisa)]'),
('2023-10-16 18:20:09', 'weatherSlash', '440489230968553472', '474935164451946506', '939876818465488926', '[OptionMapping[STRING](name=location, value=pisa)]'),
('2023-10-16 18:21:13', 'weatherSlash', '440489230968553472', '474935164451946506', '939876818465488926', '[OptionMapping[STRING](name=location, value=pisa)]'),
('2023-10-16 18:21:58', 'weatherSlash', '440489230968553472', '474935164451946506', '939876818465488926', '[OptionMapping[STRING](name=location, value=pisa)]'),
('2023-10-16 18:24:41', 'weatherSlash', '440489230968553472', '474935164451946506', '939876818465488926', '[OptionMapping[STRING](name=location, value=pisa)]'),
('2023-10-16 18:33:11', 'weatherSlash', '440489230968553472', '474935164451946506', '939876818465488926', '[OptionMapping[STRING](name=location, value=pisa)]'),
('2023-10-16 18:35:01', 'weatherSlash', '440489230968553472', '474935164451946506', '939876818465488926', '[OptionMapping[STRING](name=location, value=pisa)]'),
('2023-10-16 18:36:10', 'weatherSlash', '440489230968553472', '474935164451946506', '939876818465488926', '[OptionMapping[STRING](name=location, value=pisa)]'),
('2023-10-16 18:36:53', 'weatherSlash', '440489230968553472', '474935164451946506', '939876818465488926', '[OptionMapping[STRING](name=location, value=pisa)]'),
('2023-10-16 18:48:26', 'weatherSlash', '440489230968553472', '474935164451946506', '939876818465488926', '[OptionMapping[STRING](name=location, value=pisa)]'),
('2023-10-16 18:51:55', 'weatherSlash', '345307975788920842', '474935164451946506', '939876818465488926', '[OptionMapping[STRING](name=location, value=Roma)]'),
('2023-10-16 18:52:09', 'weatherSlash', '345307975788920842', '474935164451946506', '939876818465488926', '[OptionMapping[STRING](name=location, value=Rome)]'),
('2023-10-16 18:55:30', 'weatherSlash', '440489230968553472', '474935164451946506', '939876818465488926', '[OptionMapping[STRING](name=location, value=new york)]'),
('2023-10-16 18:55:44', 'weatherSlash', '440489230968553472', '474935164451946506', '939876818465488926', '[OptionMapping[STRING](name=location, value=asd adasd d)]'),
('2023-10-16 18:55:54', 'weatherSlash', '440489230968553472', '474935164451946506', '939876818465488926', '[OptionMapping[STRING](name=location, value=sdhjasgbdayus hbasdasybdasbdya s)]'),
('2023-10-16 18:56:19', 'weatherSlash', '440489230968553472', '474935164451946506', '939876818465488926', '[OptionMapping[STRING](name=location, value=NewYork)]'),
('2023-10-16 18:57:24', 'weatherSlash', '440489230968553472', '474935164451946506', '939876818465488926', '[OptionMapping[STRING](name=location, value=1)]'),
('2023-10-16 19:00:10', 'weatherSlash', '440489230968553472', '474935164451946506', '939876818465488926', '[OptionMapping[STRING](name=location, value=81.56.21.54)]'),
('2023-10-16 19:01:29', 'weatherSlash', '440489230968553472', '474935164451946506', '939876818465488926', '[OptionMapping[STRING](name=location, value=pisa?lang=it)]'),
('2023-10-16 19:02:44', 'weatherSlash', '440489230968553472', '474935164451946506', '939876818465488926', '[OptionMapping[STRING](name=location, value=pisa&lang=it)]'),
('2023-10-16 19:03:38', 'weatherSlash', '440489230968553472', '474935164451946506', '939876818465488926', '[OptionMapping[STRING](name=location, value=auto:ip)]'),
('2023-10-16 19:19:16', 'weatherSlash', '440489230968553472', '474935164451946506', '939876818465488926', '[OptionMapping[STRING](name=location, value=1)]'),
('2023-10-16 19:27:12', 'weatherSlash', '440489230968553472', '474935164451946506', '939876818465488926', '[OptionMapping[STRING](name=location, value=1)]'),
('2023-10-16 19:27:49', 'weatherSlash', '440489230968553472', '474935164451946506', '939876818465488926', '[OptionMapping[STRING](name=location, value=1)]'),
('2023-10-16 20:01:07', 'greetSlash', '383358222972616705', '474935164451946506', '938487470339801169', '[OptionMapping[STRING](name=sound, value=36)]'),
('2023-10-16 20:02:24', 'championSlash', '440489230968553472', '474935164451946506', '938487470339801169', '[OptionMapping[STRING](name=champ, value=Tahm Kench), OptionMapping[STRING](name=lane, value=TOP)]'),
('2023-10-16 20:19:04', 'weatherSlash', '440489230968553472', '474935164451946506', '939876818465488926', '[OptionMapping[STRING](name=location, value=porto san giorgio)]'),
('2023-10-16 20:21:20', 'championSlash', '440489230968553472', '474935164451946506', '938487470339801169', '[OptionMapping[STRING](name=champ, value=samira), OptionMapping[STRING](name=lane, value=ADC)]'),
('2023-10-16 20:21:32', 'championSlash', '440489230968553472', '474935164451946506', '938487470339801169', '[OptionMapping[STRING](name=champ, value=tristana), OptionMapping[STRING](name=lane, value=ADC)]'),
('2023-10-16 20:42:52', 'PlaySound', '440489230968553472', '474935164451946506', '938487470339801169', 'wukongu'),
('2023-10-16 20:42:57', 'Stop', '383358222972616705', '474935164451946506', '938487470339801169', ''),
('2023-10-16 20:52:06', 'championSlash', '440489230968553472', '474935164451946506', '938487470339801169', '[OptionMapping[STRING](name=champ, value=Ezreal), OptionMapping[STRING](name=lane, value=ADC)]'),
('2023-10-16 20:57:16', 'championSlash', '440489230968553472', '474935164451946506', '938487470339801169', '[OptionMapping[STRING](name=champ, value=kai sa), OptionMapping[STRING](name=lane, value=ADC)]'),
('2023-10-16 23:04:08', 'PlaySound', '440489230968553472', '474935164451946506', '938487470339801169', 'marcia'),
('2023-10-16 23:04:13', 'List', '440489230968553472', '474935164451946506', '938487470339801169', ''),
('2023-10-16 23:04:32', 'PlaySound', '440489230968553472', '474935164451946506', '938487470339801169', 'eightynine'),
('2023-10-16 23:05:20', 'PlaySound', '440489230968553472', '474935164451946506', '938487470339801169', 'imperial'),
('2023-10-16 23:05:23', 'Stop', '440489230968553472', '474935164451946506', '938487470339801169', ''),
('2023-10-16 23:21:31', 'weatherSlash', '440489230968553472', '474935164451946506', '938487470339801169', '[OptionMapping[STRING](name=location, value=pisa)]'),
('2023-10-16 23:58:42', 'PlaySound', '440489230968553472', '474935164451946506', '938487470339801169', 'adolf'),
('2023-10-16 23:58:53', 'Stop', '383358222972616705', '474935164451946506', '938487470339801169', ''),
('2023-10-16 23:58:57', 'Ban', '383358222972616705', '474935164451946506', '938487470339801169', 'keria'),
('2023-10-16 23:59:02', 'PlaySound', '383358222972616705', '474935164451946506', '938487470339801169', 'eee'),
('2023-10-16 23:59:02', 'Stop', '383358222972616705', '474935164451946506', '938487470339801169', ''),
('2023-10-16 23:59:04', 'PlaySound', '383358222972616705', '474935164451946506', '938487470339801169', 'eee'),
('2023-10-16 23:59:09', 'PlaySound', '383358222972616705', '474935164451946506', '938487470339801169', 'eee'),
('2023-10-16 23:59:19', 'PlaySound', '440489230968553472', '474935164451946506', '938487470339801169', 'eee'),
('2023-10-16 23:59:27', 'Summoner', '383358222972616705', '474935164451946506', '938487470339801169', ''),
('2023-10-16 23:59:35', 'PlaySound', '383358222972616705', '474935164451946506', '938487470339801169', 'eee'),
('2023-10-16 23:59:55', 'PlaySound', '383358222972616705', '474935164451946506', '938487470339801169', 'eee'),
('2023-10-16 23:59:56', 'Stop', '383358222972616705', '474935164451946506', '938487470339801169', ''),
('2023-10-17 00:21:55', 'weatherSlash', '383358222972616705', '474935164451946506', '939876818465488926', '[OptionMapping[STRING](name=location, value=fermo)]'),
('2023-10-17 00:22:05', 'weatherSlash', '389059345482121227', '474935164451946506', '939876818465488926', '[OptionMapping[STRING](name=location, value=Vedelago)]'),
('2023-10-17 00:53:59', 'weatherSlash', '440489230968553472', '474935164451946506', '938487470339801169', '[OptionMapping[STRING](name=location, value=pisa)]'),
('2023-10-17 00:54:47', 'weatherSlash', '707479292644163604', '474935164451946506', '938487470339801169', '[OptionMapping[STRING](name=location, value=Camerino)]'),
('2023-10-17 00:55:11', 'weatherSlash', '707479292644163604', '474935164451946506', '938487470339801169', '[OptionMapping[STRING](name=location, value=Camerino Macerata)]'),
('2023-10-17 00:55:18', 'helpSlash', '440489230968553472', '474935164451946506', '938487470339801169', '[OptionMapping[STRING](name=command, value=weather)]'),
('2023-10-17 00:56:18', 'weatherSlash', '707479292644163604', '474935164451946506', '938487470339801169', '[OptionMapping[STRING](name=location, value=63900)]'),
('2023-10-17 15:15:38', 'PlaySound', '707479292644163604', '474935164451946506', '938487470339801169', 'adolf'),
('2023-10-17 15:15:44', 'PlaySound', '707479292644163604', '474935164451946506', '938487470339801169', '195'),
('2023-10-17 15:16:37', 'PlaySound', '707479292644163604', '474935164451946506', '938487470339801169', 'il muro'),
('2023-10-17 15:16:43', 'PlaySound', '707479292644163604', '474935164451946506', '938487470339801169', 'arcus'),
('2023-10-17 15:16:51', 'PlaySound', '707479292644163604', '474935164451946506', '938487470339801169', 'eprot'),
('2023-10-17 15:16:59', 'PlaySound', '707479292644163604', '474935164451946506', '938487470339801169', '152'),
('2023-10-17 15:18:00', 'PlaySound', '707479292644163604', '474935164451946506', '938487470339801169', '152'),
('2023-10-17 15:18:04', 'PlaySound', '707479292644163604', '474935164451946506', '938487470339801169', '95'),
('2023-10-17 15:18:14', 'PlaySound', '707479292644163604', '474935164451946506', '938487470339801169', 'billy'),
('2023-10-17 15:18:20', 'PlaySound', '707479292644163604', '474935164451946506', '938487470339801169', 'bosun'),
('2023-10-17 15:18:41', 'PlaySound', '707479292644163604', '474935164451946506', '938487470339801169', 'impero'),
('2023-10-17 15:18:45', 'PlaySound', '707479292644163604', '474935164451946506', '938487470339801169', 'imperial'),
('2023-10-17 15:18:53', 'PlaySound', '707479292644163604', '474935164451946506', '938487470339801169', 'inno'),
('2023-10-17 15:20:08', 'PlaySound', '707479292644163604', '474935164451946506', '938487470339801169', 'adolf'),
('2023-10-17 15:20:27', 'weatherSlash', '440489230968553472', '474935164451946506', '938487470339801169', '[OptionMapping[STRING](name=location, value=pisa)]'),
('2023-10-17 15:22:56', 'RandomMove', '383358222972616705', '474935164451946506', '938487470339801169', '<@707479292644163604> 10'),
('2023-10-17 15:54:04', 'helpSlash', '303950751992905728', '806221769458450483', '938487470339801169', '[]'),
('2023-10-17 15:57:24', 'MemberInfo', '303950751992905728', '806221769458450483', '938487470339801169', ''),
('2023-10-17 15:57:51', 'serverinfoSlash', '303950751992905728', '806221769458450483', '938487470339801169', '[]'),
('2023-10-17 17:15:54', 'ListGuild', '440489230968553472', '474935164451946506', '938487470339801169', ''),
('2023-10-17 17:16:03', 'ServerInfo', '440489230968553472', '474935164451946506', '938487470339801169', '806221769458450483'),
('2023-10-17 17:16:55', 'Query', '440489230968553472', '474935164451946506', '938487470339801169', 'select * from command where guild_id = 806221769458450483'),
('2023-10-17 17:19:37', 'Query', '440489230968553472', '474935164451946506', '938487470339801169', 'select count(name), guild_id from command group by guild_id'),
('2023-10-17 17:22:42', 'ListGuild', '383358222972616705', '474935164451946506', '938487470339801169', ''),
('2023-10-17 20:46:51', 'apodSlash', '440489230968553472', '474935164451946506', '939876818465488926', '[]'),
('2023-10-17 20:55:27', 'apodSlash', '440489230968553472', '474935164451946506', '939876818465488926', '[]'),
('2023-10-17 21:06:43', 'apodSlash', '440489230968553472', '474935164451946506', '939876818465488926', '[]'),
('2023-10-17 21:08:47', 'weatherSlash', '440489230968553472', '474935164451946506', '939876818465488926', '[OptionMapping[STRING](name=location, value=pisa)]'),
('2023-10-17 21:12:29', 'apodSlash', '440489230968553472', '474935164451946506', '939876818465488926', '[]'),
('2023-10-17 21:13:59', 'apodSlash', '440489230968553472', '474935164451946506', '939876818465488926', '[]'),
('2023-10-17 21:29:10', 'apodSlash', '440489230968553472', '474935164451946506', '939876818465488926', '[OptionMapping[STRING](name=date, value=2014-11-04)]'),
('2023-10-17 21:30:12', 'apodSlash', '440489230968553472', '474935164451946506', '939876818465488926', '[OptionMapping[STRING](name=date, value=2014-11-043)]'),
('2023-10-17 21:30:33', 'apodSlash', '440489230968553472', '474935164451946506', '939876818465488926', '[OptionMapping[STRING](name=date, value=2024-11-04)]'),
('2023-10-17 21:41:07', 'apodSlash', '440489230968553472', '474935164451946506', '939876818465488926', '[OptionMapping[STRING](name=date, value=1)]'),
('2023-10-17 21:42:21', 'apodSlash', '440489230968553472', '474935164451946506', '939876818465488926', '[OptionMapping[STRING](name=date, value=1)]'),
('2023-10-17 21:42:50', 'apodSlash', '440489230968553472', '474935164451946506', '939876818465488926', '[OptionMapping[STRING](name=date, value=1)]'),
('2023-10-17 21:43:20', 'apodSlash', '440489230968553472', '474935164451946506', '939876818465488926', '[OptionMapping[STRING](name=date, value=22-2-1)]'),
('2023-10-17 21:43:46', 'apodSlash', '440489230968553472', '474935164451946506', '939876818465488926', '[OptionMapping[STRING](name=date, value=2024-11-01)]'),
('2023-10-17 21:44:12', 'apodSlash', '440489230968553472', '474935164451946506', '939876818465488926', '[]'),
('2023-10-18 11:17:28', 'levelupSlash', '383358222972616705', '474935164451946506', '938487470339801169', '[]'),
('2023-10-18 11:17:38', 'levelupSlash', '383358222972616705', '474935164451946506', '938487470339801169', '[OptionMapping[STRING](name=toggle, value=on)]'),
('2023-10-18 12:27:32', 'helpSlash', '352192170503045121', '731222545864458260', '938487470339801169', '[]'),
('2023-10-18 12:27:43', 'prefixSlash', '352192170503045121', '731222545864458260', '938487470339801169', '[OptionMapping[STRING](name=prefix, value=p)]'),
('2023-10-18 12:27:45', 'Help', '352192170503045121', '731222545864458260', '938487470339801169', ''),
('2023-10-18 12:27:47', 'ServerInfo', '352192170503045121', '731222545864458260', '938487470339801169', ''),
('2023-10-18 12:27:50', 'MemberInfo', '352192170503045121', '731222545864458260', '938487470339801169', ''),
('2023-10-18 12:28:03', 'Summoner', '352192170503045121', '731222545864458260', '938487470339801169', 'sozomaika'),
('2023-10-18 12:28:26', 'setsummonerSlash', '352192170503045121', '731222545864458260', '938487470339801169', '[OptionMapping[STRING](name=sum, value=sozomaika), OptionMapping[BOOLEAN](name=remove, value=false)]'),
('2023-10-18 12:38:06', 'PlaySound', '707479292644163604', '474935164451946506', '938487470339801169', '195'),
('2023-10-18 12:38:18', 'PlaySound', '707479292644163604', '474935164451946506', '938487470339801169', 'adolf'),
('2023-10-18 12:39:55', 'PlaySound', '707479292644163604', '474935164451946506', '938487470339801169', '152'),
('2023-10-18 12:41:27', 'TTS', '707479292644163604', '474935164451946506', '938487470339801169', 'list'),
('2023-10-18 12:44:39', 'PlaySound', '707479292644163604', '474935164451946506', '938487470339801169', 'il muro'),
('2023-10-18 12:44:45', 'PlaySound', '707479292644163604', '474935164451946506', '938487470339801169', 'arcus'),
('2023-10-18 12:44:59', 'PlaySound', '707479292644163604', '474935164451946506', '938487470339801169', 'billi'),
('2023-10-18 12:45:03', 'PlaySound', '707479292644163604', '474935164451946506', '938487470339801169', 'bosun'),
('2023-10-18 12:45:06', 'Stop', '707479292644163604', '474935164451946506', '938487470339801169', ''),
('2023-10-18 12:45:29', 'PlaySound', '707479292644163604', '474935164451946506', '938487470339801169', 'inno'),
('2023-10-18 12:46:09', 'PlaySound', '707479292644163604', '474935164451946506', '938487470339801169', 'perfezione'),
('2023-10-18 12:46:26', 'PlaySound', '707479292644163604', '474935164451946506', '938487470339801169', 'piripi'),
('2023-10-18 12:46:36', 'PlaySound', '707479292644163604', '474935164451946506', '938487470339801169', 'tristana'),
('2023-10-18 12:46:44', 'PlaySound', '707479292644163604', '474935164451946506', '938487470339801169', 'eee2'),
('2023-10-18 12:48:16', 'PlaySound', '707479292644163604', '474935164451946506', '938487470339801169', 'napoli milano'),
('2023-10-18 12:48:21', 'PlaySound', '707479292644163604', '474935164451946506', '938487470339801169', 'napoli'),
('2023-10-18 14:03:02', 'weatherSlash', '383358222972616705', '474935164451946506', '938487470339801169', '[OptionMapping[STRING](name=location, value=ortezzano)]'),
('2023-10-18 14:03:43', 'weatherSlash', '383358222972616705', '474935164451946506', '938487470339801169', '[OptionMapping[STRING](name=location, value=monsampietro morico)]'),
('2023-10-18 14:04:22', 'weatherSlash', '383358222972616705', '474935164451946506', '938487470339801169', '[OptionMapping[STRING](name=location, value=fermo)]'),
('2023-10-18 14:08:19', 'Restart', '383358222972616705', '474935164451946506', '938487470339801169', 'beebot 2'),
('2023-10-18 14:33:59', 'weatherSlash', '440489230968553472', '474935164451946506', '938487470339801169', '[OptionMapping[STRING](name=location, value=marche)]'),
('2023-10-18 21:16:42', 'PlaySound', '707479292644163604', '474935164451946506', '938487470339801169', '1v9 song'),
('2023-10-18 21:17:26', 'Stop', '707479292644163604', '474935164451946506', '938487470339801169', ''),
('2023-10-18 22:23:47', 'PlaySound', '707479292644163604', '474935164451946506', '938487470339801169', 'napoli'),
('2023-10-18 22:24:13', 'PlaySound', '707479292644163604', '474935164451946506', '938487470339801169', '195'),
('2023-10-18 22:24:27', 'PlaySound', '707479292644163604', '474935164451946506', '938487470339801169', 'adolf'),
('2023-10-18 22:25:20', 'PlaySound', '707479292644163604', '474935164451946506', '938487470339801169', 'cancer'),
('2023-10-18 22:25:34', 'PlaySound', '707479292644163604', '474935164451946506', '938487470339801169', 'apnea'),
('2023-10-18 22:26:44', 'PlaySound', '707479292644163604', '474935164451946506', '938487470339801169', 'napoli milano'),
('2023-10-19 00:45:33', 'PlaySound', '707479292644163604', '474935164451946506', '938487470339801169', 'Napoli Milano'),
('2023-10-19 00:45:41', 'PlaySound', '707479292644163604', '474935164451946506', '938487470339801169', '195'),
('2023-10-19 00:45:52', 'PlaySound', '707479292644163604', '474935164451946506', '938487470339801169', 'fart ex'),
('2023-10-19 00:46:14', 'PlaySound', '707479292644163604', '474935164451946506', '938487470339801169', 'eheh'),
('2023-10-19 00:46:26', 'PlaySound', '707479292644163604', '474935164451946506', '938487470339801169', 'scongiuro'),
('2023-10-19 13:31:07', 'PlaySound', '707479292644163604', '474935164451946506', '938487470339801169', 'adolf'),
('2023-10-19 22:36:56', 'PlaySound', '707479292644163604', '474935164451946506', '938487470339801169', '210'),
('2023-10-19 22:37:06', 'PlaySound', '707479292644163604', '474935164451946506', '938487470339801169', '195'),
('2023-10-19 22:37:26', 'PlaySound', '707479292644163604', '474935164451946506', '938487470339801169', '152'),
('2023-10-19 22:37:48', 'PlaySound', '707479292644163604', '474935164451946506', '938487470339801169', '192'),
('2023-10-19 22:38:03', 'PlaySound', '707479292644163604', '474935164451946506', '938487470339801169', 'Napoli milano'),
('2023-10-20 00:21:59', 'PlaySound', '707479292644163604', '474935164451946506', '938487470339801169', 'il muro'),
('2023-10-20 00:22:10', 'PlaySound', '707479292644163604', '474935164451946506', '938487470339801169', 'arcus'),
('2023-10-20 00:22:27', 'PlaySound', '707479292644163604', '474935164451946506', '938487470339801169', 'eee2'),
('2023-10-20 00:22:37', 'PlaySound', '707479292644163604', '474935164451946506', '938487470339801169', '210'),
('2023-10-20 00:22:55', 'PlaySound', '707479292644163604', '474935164451946506', '938487470339801169', 'ancora'),
('2023-10-20 00:26:31', 'PlaySound', '707479292644163604', '474935164451946506', '938487470339801169', '195'),
('2023-10-20 00:26:42', 'PlaySound', '707479292644163604', '474935164451946506', '938487470339801169', '152'),
('2023-10-20 00:27:02', 'PlaySound', '707479292644163604', '474935164451946506', '938487470339801169', 'cancer'),
('2023-10-20 00:27:15', 'PlaySound', '707479292644163604', '474935164451946506', '938487470339801169', '197'),
('2023-10-20 00:27:48', 'PlaySound', '707479292644163604', '474935164451946506', '938487470339801169', 'eheh'),
('2023-10-20 00:27:58', 'PlaySound', '707479292644163604', '474935164451946506', '938487470339801169', '198'),
('2023-10-20 00:28:03', 'PlaySound', '707479292644163604', '474935164451946506', '938487470339801169', '199'),
('2023-10-20 00:28:12', 'PlaySound', '707479292644163604', '474935164451946506', '938487470339801169', '200'),
('2023-10-20 00:28:18', 'PlaySound', '707479292644163604', '474935164451946506', '938487470339801169', '201'),
('2023-10-20 00:28:29', 'PlaySound', '707479292644163604', '474935164451946506', '938487470339801169', '202'),
('2023-10-20 00:28:38', 'PlaySound', '707479292644163604', '474935164451946506', '938487470339801169', '203'),
('2023-10-20 00:28:50', 'PlaySound', '707479292644163604', '474935164451946506', '938487470339801169', '204'),
('2023-10-20 00:28:58', 'PlaySound', '707479292644163604', '474935164451946506', '938487470339801169', '205'),
('2023-10-20 00:29:17', 'PlaySound', '707479292644163604', '474935164451946506', '938487470339801169', '206'),
('2023-10-20 00:29:22', 'PlaySound', '707479292644163604', '474935164451946506', '938487470339801169', '207'),
('2023-10-20 00:29:39', 'PlaySound', '707479292644163604', '474935164451946506', '938487470339801169', '208'),
('2023-10-20 00:29:47', 'PlaySound', '707479292644163604', '474935164451946506', '938487470339801169', '209'),
('2023-10-20 00:29:53', 'PlaySound', '707479292644163604', '474935164451946506', '938487470339801169', '211'),
('2023-10-20 00:30:06', 'PlaySound', '707479292644163604', '474935164451946506', '938487470339801169', '212'),
('2023-10-20 00:30:10', 'List', '707479292644163604', '474935164451946506', '938487470339801169', ''),
('2023-10-20 00:30:43', 'PlaySound', '707479292644163604', '474935164451946506', '938487470339801169', '102'),
('2023-10-20 00:32:01', 'PlaySound', '707479292644163604', '474935164451946506', '938487470339801169', 'tigre'),
('2023-10-20 00:32:33', 'PlaySound', '707479292644163604', '474935164451946506', '938487470339801169', 'pirati'),
('2023-10-20 00:33:51', 'PlaySound', '707479292644163604', '474935164451946506', '938487470339801169', 'parchetto'),
('2023-10-20 00:37:07', 'PlaySound', '707479292644163604', '474935164451946506', '938487470339801169', 'cancello'),
('2023-10-20 02:54:12', 'PlaySound', '440489230968553472', '474935164451946506', '938487470339801169', 'adolf'),
('2023-10-20 02:55:39', 'PlaySound', '440489230968553472', '474935164451946506', '938487470339801169', 'adolf'),
('2023-10-20 02:55:40', 'Stop', '440489230968553472', '474935164451946506', '938487470339801169', ''),
('2023-10-20 12:20:12', 'MemberInfo', '707479292644163604', '474935164451946506', '938487470339801169', ''),
('2023-10-20 21:27:45', 'PlaySound', '383358222972616705', '474935164451946506', '938487470339801169', 'faker'),
('2023-10-20 21:28:26', 'PlaySound', '383358222972616705', '474935164451946506', '938487470339801169', 'faker 2'),
('2023-10-20 21:28:36', 'Stop', '383358222972616705', '474935164451946506', '938487470339801169', ''),
('2023-10-20 21:29:57', 'PlaySound', '383358222972616705', '474935164451946506', '938487470339801169', 'napoli milano'),
('2023-10-20 21:57:21', 'PlayYoutube', '383358222972616705', '474935164451946506', '938487470339801169', 'adolf hitler vs darth vader'),
('2023-10-20 21:59:01', 'PlaySound', '383358222972616705', '474935164451946506', '938487470339801169', 'adolf'),
('2023-10-20 21:59:04', 'List', '383358222972616705', '474935164451946506', '938487470339801169', ''),
('2023-10-20 21:59:21', 'greetSlash', '383358222972616705', '474935164451946506', '938487470339801169', '[OptionMapping[STRING](name=sound, value=210), OptionMapping[BOOLEAN](name=global, value=false)]'),
('2023-10-20 22:00:58', 'soundboardSlash', '383358222972616705', '474935164451946506', '938487470339801169', '[OptionMapping[STRING](name=name, value=3)]'),
('2023-10-20 22:02:18', 'MemberInfo', '383358222972616705', '474935164451946506', '938487470339801169', ''),
('2023-10-20 22:02:34', 'TTS', '383358222972616705', '474935164451946506', '938487470339801169', 'king of god'),
('2023-10-20 22:02:40', 'TTS', '383358222972616705', '474935164451946506', '938487470339801169', 'saj'),
('2023-10-20 22:02:43', 'TTS', '383358222972616705', '474935164451946506', '938487470339801169', 'safj'),
('2023-10-20 22:02:49', 'Summoner', '383358222972616705', '474935164451946506', '938487470339801169', ''),
('2023-10-20 22:02:52', 'Summoner', '383358222972616705', '474935164451946506', '938487470339801169', 'annusa culi'),
('2023-10-20 22:08:23', 'greetSlash', '383358222972616705', '474935164451946506', '938487470339801169', '[OptionMapping[STRING](name=sound, value=106)]'),
('2023-10-20 22:09:19', 'greetSlash', '383358222972616705', '474935164451946506', '938487470339801169', '[OptionMapping[STRING](name=sound, value=210)]'),
('2023-10-20 22:09:57', 'PlaySound', '383358222972616705', '474935164451946506', '938487470339801169', 'adolf'),
('2023-10-20 22:10:43', 'PlaySound', '383358222972616705', '474935164451946506', '938487470339801169', 'adolf'),
('2023-10-20 22:12:56', 'PlaySound', '440489230968553472', '474935164451946506', '938487470339801169', 'adolf'),
('2023-10-20 22:13:03', 'PlayYoutube', '440489230968553472', '474935164451946506', '938487470339801169', 'i am adolf hitler'),
('2023-10-20 22:13:20', 'PlaySound', '417033314290106368', '943974473370062948', '938487470339801169', 'https://youtu.be/jrpnd_CX368?si=TGaq0G-MC83HDwNa'),
('2023-10-20 22:13:23', 'TTS', '440489230968553472', '474935164451946506', '938487470339801169', 'i am adolf hitler'),
('2023-10-20 22:13:34', 'PlaySound', '383358222972616705', '474935164451946506', '938487470339801169', '1v9'),
('2023-10-20 22:13:37', 'PlaySound', '383358222972616705', '474935164451946506', '938487470339801169', '1v9 song'),
('2023-10-20 22:15:08', 'championSlash', '440489230968553472', '474935164451946506', '938487470339801169', '[OptionMapping[STRING](name=champ, value=blitzcrank), OptionMapping[STRING](name=lane, value=SUPPORT)]'),
('2023-10-20 22:15:23', 'championSlash', '383358222972616705', '474935164451946506', '938487470339801169', '[OptionMapping[STRING](name=champ, value=Thresh), OptionMapping[STRING](name=lane, value=ADC)]'),
('2023-10-20 22:15:39', 'Stop', '440489230968553472', '474935164451946506', '938487470339801169', ''),
('2023-10-20 23:15:30', 'PlaySound', '383358222972616705', '474935164451946506', '938487470339801169', 'sot'),
('2023-10-20 23:36:16', 'PlayYoutube', '440489230968553472', '474935164451946506', '938487470339801169', 'crazy frog'),
('2023-10-20 23:37:27', 'PlayYoutube', '440489230968553472', '474935164451946506', '938487470339801169', '1v9 song'),
('2023-10-21 01:24:27', 'PlaySound', '383358222972616705', '474935164451946506', '938487470339801169', '1v9 song'),
('2023-10-21 14:24:26', 'Help', '431324611968368652', '474935164451946506', '1074276395640954942', ''),
('2023-10-21 14:26:14', 'playSlash', '431324611968368652', '474935164451946506', '1074276395640954942', '[OptionMapping[STRING](name=video, value=https://www.youtube.com/watch?v=Jikm8CCRbdM&t=1542s)]'),
('2023-10-21 14:26:53', 'Stop', '431324611968368652', '474935164451946506', '1074276395640954942', ''),
('2023-10-21 14:33:14', 'playSlash', '431324611968368652', '474935164451946506', '1074276395640954942', '[OptionMapping[STRING](name=video, value=https://www.youtube.com/watch?v=Jikm8CCRbdM&t=1542s)]'),
('2023-10-21 14:51:31', 'playSlash', '431324611968368652', '474935164451946506', '1074276395640954942', '[OptionMapping[STRING](name=video, value=https://www.youtube.com/watch?v=Sagg08DrO5U)]'),
('2023-10-21 14:53:02', 'PlayYoutube', '431324611968368652', '474935164451946506', '938487470339801169', 'https://www.youtube.com/watch?v=Sagg08DrO5U'),
('2023-10-21 14:53:33', 'Stop', '431324611968368652', '474935164451946506', '938487470339801169', ''),
('2023-10-21 14:55:14', 'Help', '383358222972616705', '474935164451946506', '938487470339801169', ''),
('2023-10-21 14:55:15', 'Ram', '383358222972616705', '474935164451946506', '938487470339801169', ''),
('2023-10-21 14:55:17', 'Ping', '383358222972616705', '474935164451946506', '938487470339801169', ''),
('2023-10-21 15:10:56', 'PlayYoutube', '431324611968368652', '474935164451946506', '938487470339801169', 'faccetta nera drill'),
('2023-10-21 15:13:41', 'playSlash', '431324611968368652', '474935164451946506', '1074276395640954942', '[OptionMapping[STRING](name=video, value=faccetta nera drill)]'),
('2023-10-21 22:15:51', 'PlaySound', '707479292644163604', '474935164451946506', '938487470339801169', '195'),
('2023-10-21 22:58:52', 'PlaySound', '707479292644163604', '474935164451946506', '938487470339801169', 'faker'),
('2023-10-21 22:59:10', 'PlaySound', '707479292644163604', '474935164451946506', '938487470339801169', 'faker 2'),
('2023-10-21 22:59:47', 'PlaySound', '707479292644163604', '474935164451946506', '938487470339801169', 'bla'),
('2023-10-21 23:06:44', 'PlaySound', '707479292644163604', '474935164451946506', '938487470339801169', 'adolf'),
('2023-10-22 00:53:12', 'PlayYoutube', '431324611968368652', '474935164451946506', '938487470339801169', 'https://www.youtube.com/watch?v=VGqlFk6rpVU&ab_channel=tuamamma'),
('2023-10-22 15:59:09', 'apodSlash', '440489230968553472', '474935164451946506', '938487470339801169', '[]'),
('2023-10-22 15:59:35', 'championSlash', '440489230968553472', '474935164451946506', '938487470339801169', '[OptionMapping[STRING](name=champ, value=Ezreal), OptionMapping[STRING](name=lane, value=ADC)]'),
('2023-10-22 17:53:01', 'playSlash', '481876890236223518', '806221769458450483', '938487470339801169', '[OptionMapping[STRING](name=video, value=https://youtu.be/BCuyn2MZil8?si=mxiQuyNxDeVkjU-k)]'),
('2023-10-22 19:41:58', 'championSlash', '440489230968553472', '474935164451946506', '938487470339801169', '[OptionMapping[STRING](name=champ, value=nami), OptionMapping[STRING](name=lane, value=SUPPORT)]'),
('2023-10-22 20:12:58', 'championSlash', '440489230968553472', '474935164451946506', '938487470339801169', '[OptionMapping[STRING](name=champ, value=blitz), OptionMapping[STRING](name=lane, value=SUPPORT)]'),
('2023-10-22 20:47:20', 'PlaySound', '383358222972616705', '474935164451946506', '938487470339801169', 'sot'),
('2023-10-22 20:47:21', 'PlaySound', '383358222972616705', '474935164451946506', '938487470339801169', 'eee'),
('2023-10-22 20:47:23', 'PlaySound', '383358222972616705', '474935164451946506', '938487470339801169', '1v9 song'),
('2023-10-22 22:34:31', 'championSlash', '440489230968553472', '474935164451946506', '938487470339801169', '[OptionMapping[STRING](name=champ, value=neeko), OptionMapping[STRING](name=lane, value=ADC)]'),
('2023-10-22 22:35:01', 'championSlash', '440489230968553472', '474935164451946506', '938487470339801169', '[OptionMapping[STRING](name=champ, value=neeko), OptionMapping[STRING](name=lane, value=SUPPORT)]'),
('2023-10-22 22:35:48', 'championSlash', '383358222972616705', '474935164451946506', '938487470339801169', '[OptionMapping[STRING](name=champ, value=Jax), OptionMapping[STRING](name=lane, value=ADC)]');
INSERT IGNORE INTO `command` (`time`, `name`, `user_id`, `guild_id`, `bot_id`, `args`) VALUES
('2023-10-22 22:36:03', 'championSlash', '383358222972616705', '474935164451946506', '938487470339801169', '[OptionMapping[STRING](name=champ, value=Neeko), OptionMapping[STRING](name=lane, value=ADC)]'),
('2023-10-23 01:00:12', 'PlaySound', '707479292644163604', '474935164451946506', '938487470339801169', 'parchetto'),
('2023-10-23 10:05:58', 'apodSlash', '383358222972616705', '474935164451946506', '938487470339801169', '[]'),
('2023-10-23 11:41:19', 'apodSlash', '383358222972616705', '474935164451946506', '938487470339801169', '[OptionMapping[STRING](name=date, value=1998-09-05)]'),
('2023-10-23 21:32:11', 'championSlash', '440489230968553472', '474935164451946506', '938487470339801169', '[OptionMapping[STRING](name=champ, value=kai sa), OptionMapping[STRING](name=lane, value=ADC)]'),
('2023-10-24 14:14:20', 'PlaySound', '707479292644163604', '474935164451946506', '938487470339801169', '195'),
('2023-10-24 20:28:28', 'championSlash', '440489230968553472', '474935164451946506', '938487470339801169', '[OptionMapping[STRING](name=champ, value=ashe), OptionMapping[STRING](name=lane, value=ADC)]'),
('2023-10-24 21:35:24', 'apodSlash', '440489230968553472', '474935164451946506', '938487470339801169', '[]'),
('2023-10-24 21:56:16', 'PlaySound', '383358222972616705', '474935164451946506', '938487470339801169', 'bongo'),
('2023-10-24 21:56:21', 'PlaySound', '383358222972616705', '474935164451946506', '938487470339801169', 'tre in canna'),
('2023-10-24 21:56:25', 'Stop', '383358222972616705', '474935164451946506', '938487470339801169', ''),
('2023-10-25 10:25:01', 'playSlash', '586072535280517120', '697504135309820025', '938487470339801169', '[OptionMapping[STRING](name=video, value=Gabry Ponte - La danza delle streghe)]'),
('2023-10-25 10:46:32', 'playSlash', '586072535280517120', '697504135309820025', '938487470339801169', '[OptionMapping[STRING](name=video, value=blood whater)]'),
('2023-10-25 13:45:11', 'PlaySound', '707479292644163604', '474935164451946506', '938487470339801169', '195'),
('2023-10-25 13:45:33', 'TTS', '707479292644163604', '474935164451946506', '938487470339801169', 'piece of garbage'),
('2023-10-25 13:45:42', 'TTS', '707479292644163604', '474935164451946506', '938487470339801169', 'piece of garbage'),
('2023-10-25 13:45:44', 'PlaySound', '440489230968553472', '474935164451946506', '938487470339801169', '195'),
('2023-10-25 13:45:51', 'PlaySound', '707479292644163604', '474935164451946506', '938487470339801169', '152'),
('2023-10-25 13:54:54', 'serverinfoSlash', '383358222972616705', '474935164451946506', '938487470339801169', '[]');

-- --------------------------------------------------------

--
-- Struttura della tabella `experience`
--

CREATE TABLE `experience` (
  `user_id` varchar(19) NOT NULL,
  `guild_id` varchar(19) NOT NULL,
  `exp` mediumint(9) NOT NULL,
  `level` smallint(6) NOT NULL,
  `messages` mediumint(9) DEFAULT NULL
) ENGINE=InnoDB DEFAULT CHARSET=latin1;

--
-- Svuota la tabella prima dell'inserimento `experience`
--

TRUNCATE TABLE `experience`;
--
-- Dump dei dati per la tabella `experience`
--

INSERT IGNORE INTO `experience` (`user_id`, `guild_id`, `exp`, `level`, `messages`) VALUES
('1090342785141461122', '983324272627974144', 42, 1, 2),
('1099708251207114853', '772754737032069192', 17, 1, 1),
('1150041749851492353', '474935164451946506', 20, 1, 1),
('134667671026270208', '474935164451946506', 21, 0, 1),
('171656670793957376', '474935164451946506', 22, 0, 1),
('177121625978699776', '474935164451946506', 43, 0, 2),
('180393291144101890', '474935164451946506', 1380, 5, 69),
('195882114883911680', '474935164451946506', 42, 0, 2),
('197330767276277760', '474935164451946506', 23, 0, 1),
('199969172233388032', '474935164451946506', 20, 0, 1),
('201048583187726336', '474935164451946506', 43, 0, 2),
('208147036309159936', '474935164451946506', 16, 0, 1),
('213993893698469890', '474935164451946506', 30, 0, 2),
('219797089037582337', '474935164451946506', 73, 0, 4),
('219797089037582337', '608967318789160970', 114, 1, 5),
('223781302413950976', '474935164451946506', 21, 0, 1),
('226347967500517376', '474935164451946506', 41, 0, 2),
('230069633439367178', '474935164451946506', 20, 0, 1),
('234670519272734721', '474935164451946506', 8659, 13, 431),
('236113065349742592', '474935164451946506', 17, 0, 1),
('240119580733865985', '518108973824475136', 23, 1, 1),
('240526156976095234', '474935164451946506', 17, 0, 1),
('249923768250662913', '474935164451946506', 1757, 6, 90),
('260079744261947394', '474935164451946506', 79, 0, 4),
('264502109897097217', '983324272627974144', 15, 1, 1),
('264506930435719168', '474935164451946506', 20, 0, 1),
('266616957057368065', '474935164451946506', 39, 0, 2),
('269119515818852353', '474935164451946506', 22, 0, 1),
('269128690997264393', '474935164451946506', 176, 1, 9),
('277175827546898434', '474935164451946506', 38, 0, 2),
('282848036890083328', '474935164451946506', 41, 0, 2),
('283221836139855883', '474935164451946506', 178, 1, 8),
('286513493111341056', '474935164451946506', 19, 0, 1),
('289491893073477632', '983324272627974144', 18, 1, 1),
('291624587278417920', '474935164451946506', 28356, 21, 1422),
('292535978105765889', '474935164451946506', 46, 0, 2),
('293450014993285120', '474935164451946506', 20, 0, 1),
('298592241004576769', '474935164451946506', 20, 0, 1),
('301349469910204417', '474935164451946506', 35, 0, 2),
('301782929216897044', '474935164451946506', 100, 1, 5),
('302434971694530567', '474935164451946506', 73, 0, 4),
('303876522559799297', '474935164451946506', 24, 0, 1),
('304645004473925634', '983324272627974144', 22, 1, 1),
('305318721197441024', '474935164451946506', 56, 0, 3),
('310835335355564034', '474935164451946506', 62, 0, 3),
('310857673904226307', '474935164451946506', 1615, 5, 82),
('312269104562176001', '474935164451946506', 722, 3, 35),
('319874030620508183', '474935164451946506', 35, 0, 2),
('321305704222687233', '474935164451946506', 15, 0, 1),
('322435625255043092', '983324272627974144', 0, 1, 0),
('327852371168329738', '474935164451946506', 31, 0, 2),
('328091673978601472', '474935164451946506', 70, 0, 4),
('328934128223518731', '474935164451946506', 4344, 9, 215),
('330350227448135681', '474935164451946506', 22, 0, 1),
('332790479340961793', '474935164451946506', 124, 1, 6),
('335446440681668612', '474935164451946506', 235, 1, 12),
('335796793331810305', '474935164451946506', 16864, 17, 846),
('336464146520604672', '474935164451946506', 24, 0, 1),
('337632634928758788', '474935164451946506', 88, 0, 4),
('345307975788920842', '474935164451946506', 217, 1, 11),
('349281882958987264', '474935164451946506', 44, 0, 2),
('349943320195366912', '474935164451946506', 23, 0, 1),
('352192170503045121', '474935164451946506', 1435, 5, 72),
('352192170503045121', '608967318789160970', 259, 2, 12),
('352192170503045121', '731222545864458260', 42, 1, 2),
('352825398641426434', '474935164451946506', 65, 0, 3),
('354982144701104130', '474935164451946506', 272, 2, 14),
('362716166658981890', '474935164451946506', 39, 0, 2),
('371768270472347671', '474935164451946506', 232, 1, 11),
('372135051070013450', '474935164451946506', 110, 1, 5),
('377495369455632394', '474935164451946506', 17, 0, 1),
('380782541692731392', '474935164451946506', 34, 0, 2),
('381136506049396764', '474935164451946506', 36, 0, 2),
('383358222972616705', '1106615853660766298', 18, 1, 1),
('383358222972616705', '1108673762708172811', 75, 1, 4),
('383358222972616705', '474935164451946506', 160616, 41, 8027),
('383358222972616705', '608967318789160970', 55505, 27, 2790),
('388011880284815360', '474935164451946506', 23, 0, 1),
('389059345482121227', '474935164451946506', 16835, 17, 845),
('390203655078543360', '474935164451946506', 96, 0, 5),
('390964895853838336', '474935164451946506', 16, 0, 1),
('392924475647066113', '474935164451946506', 156, 1, 8),
('395903033504038932', '474935164451946506', 17, 0, 1),
('398594471584858112', '474935164451946506', 228, 1, 12),
('398851847886077962', '983324272627974144', 20, 1, 1),
('401103768789450753', '983324272627974144', 75, 1, 4),
('402880533064843264', '474935164451946506', 18, 0, 1),
('404277619094192138', '983324272627974144', 41, 1, 2),
('411156498715246612', '474935164451946506', 49, 0, 2),
('411188500541472790', '474935164451946506', 77, 0, 4),
('414559041809940492', '474935164451946506', 125, 1, 6),
('414909656155029515', '474935164451946506', 39, 0, 2),
('416240945198006274', '474935164451946506', 23, 0, 1),
('417393832020148226', '474935164451946506', 10770, 14, 531),
('421211564096618498', '474935164451946506', 70, 0, 4),
('422089379000090635', '983324272627974144', 39, 1, 2),
('422373239063445506', '474935164451946506', 20, 0, 1),
('425610036971307019', '474935164451946506', 20, 0, 1),
('429050853043994634', '474935164451946506', 23, 0, 1),
('430384808200372245', '474935164451946506', 44, 1, 2),
('431324611968368652', '474935164451946506', 6150, 11, 308),
('431495490157281290', '474935164451946506', 63, 0, 3),
('433993915763392512', '474935164451946506', 94, 0, 4),
('439463077755355147', '474935164451946506', 87, 0, 4),
('440489230968553472', '1108673762708172811', 74, 1, 4),
('440489230968553472', '474935164451946506', 100445, 34, 5035),
('440489230968553472', '876606568412639272', 915, 4, 45),
('442388112597975052', '474935164451946506', 65, 0, 3),
('447368454694109184', '474935164451946506', 36, 0, 2),
('449581343756779522', '474935164451946506', 59, 0, 3),
('450222379881332737', '474935164451946506', 1857, 6, 93),
('453184174896054272', '474935164451946506', 49, 0, 2),
('453215257150619660', '474935164451946506', 20, 0, 1),
('453217204062912512', '474935164451946506', 38, 0, 2),
('455047495949615125', '474935164451946506', 498, 3, 23),
('458205796807737349', '474935164451946506', 36, 0, 2),
('459709496638308352', '983324272627974144', 35, 1, 2),
('463038829947912212', '474935164451946506', 44, 0, 2),
('465870132825292811', '474935164451946506', 43, 0, 2),
('467056965298683916', '474935164451946506', 23, 0, 1),
('471716857171279872', '983324272627974144', 18, 1, 1),
('478473418451451905', '474935164451946506', 20, 0, 1),
('478667496627634176', '474935164451946506', 45, 0, 2),
('479992797366059008', '697504135309820025', 22, 1, 1),
('480740274801344523', '474935164451946506', 91, 0, 5),
('482316735035211797', '518108973824475136', 15, 1, 1),
('485855205682970626', '474935164451946506', 235, 1, 12),
('486207541957885975', '474935164451946506', 15, 0, 1),
('486979916257165323', '983324272627974144', 25, 1, 1),
('490442834445598722', '474935164451946506', 6023, 11, 300),
('490849606557761536', '474935164451946506', 2051, 6, 106),
('490902973384228885', '474935164451946506', 24, 0, 1),
('498237667994238979', '474935164451946506', 15, 0, 1),
('498579360811581442', '474935164451946506', 160, 1, 8),
('500399397419614219', '474935164451946506', 35, 0, 2),
('500771898293092387', '474935164451946506', 24, 0, 1),
('503866592296304660', '474935164451946506', 56, 0, 3),
('506082876018786315', '474935164451946506', 22, 0, 1),
('507580895226757132', '474935164451946506', 20, 0, 1),
('508363983745581060', '474935164451946506', 41, 0, 2),
('511242130606260225', '474935164451946506', 847, 4, 44),
('511613329618370590', '983324272627974144', 205, 1, 10),
('511621674735501312', '474935164451946506', 15, 0, 1),
('514899983124791303', '474935164451946506', 39, 0, 2),
('518793832402255893', '474935164451946506', 513, 3, 26),
('520705887271124992', '474935164451946506', 23, 0, 1),
('524691004184461323', '474935164451946506', 22, 0, 1),
('525032013217136650', '474935164451946506', 63, 0, 3),
('526137614915469356', '474935164451946506', 6851, 11, 344),
('528513914171031582', '474935164451946506', 115, 1, 6),
('530200582594756614', '474935164451946506', 123, 1, 6),
('532610454447587339', '474935164451946506', 132, 1, 7),
('532948627551813662', '474935164451946506', 17, 0, 1),
('533409707461967873', '474935164451946506', 334, 2, 18),
('534389457118560257', '474935164451946506', 5076, 10, 252),
('534799131663663127', '474935164451946506', 703, 3, 38),
('536452590234501140', '697504135309820025', 55, 1, 3),
('539203987333971988', '474935164451946506', 41, 0, 2),
('543761227969462282', '474935164451946506', 58, 0, 3),
('544292547904798751', '474935164451946506', 22, 0, 1),
('544622977715798016', '474935164451946506', 21, 0, 1),
('548852518189531158', '474935164451946506', 18, 0, 1),
('549151681850638357', '474935164451946506', 15, 0, 1),
('555506722668806144', '474935164451946506', 451, 2, 23),
('557254709539373056', '474935164451946506', 125, 1, 6),
('558281836971687951', '474935164451946506', 33, 0, 2),
('558381242953891867', '474935164451946506', 23, 0, 1),
('559364643676618763', '474935164451946506', 22, 0, 1),
('560098791873839124', '983324272627974144', 37, 1, 2),
('561669073516232711', '474935164451946506', 46, 0, 2),
('565603682511618048', '474935164451946506', 57, 0, 3),
('566247252293582869', '474935164451946506', 64, 0, 3),
('569241522197757967', '474935164451946506', 23, 0, 1),
('573612622306345009', '474935164451946506', 22, 0, 1),
('575006065767481347', '474935164451946506', 65, 0, 3),
('584089549295058954', '474935164451946506', 38, 0, 2),
('586072535280517120', '697504135309820025', 353, 2, 17),
('586072535280517120', '983324272627974144', 22, 1, 1),
('586094001132929046', '697504135309820025', 246, 1, 12),
('586507253767471114', '697504135309820025', 188, 1, 9),
('587381529580273717', '474935164451946506', 4764, 10, 233),
('588644579020898317', '474935164451946506', 65, 0, 3),
('591164891507851266', '474935164451946506', 46, 0, 2),
('591227330433646602', '474935164451946506', 20, 0, 1),
('591577947958411283', '474935164451946506', 19, 0, 1),
('593756821186150411', '474935164451946506', 25, 0, 1),
('596787353369182218', '474935164451946506', 24, 0, 1),
('597551842372616192', '474935164451946506', 21, 0, 1),
('603335922888605742', '983324272627974144', 0, 1, 0),
('606421152516276225', '474935164451946506', 494, 3, 26),
('606989216349552651', '474935164451946506', 15, 0, 1),
('608427133588602925', '474935164451946506', 55, 0, 3),
('608661176498389011', '474935164451946506', 3504, 8, 175),
('608993535491964953', '474935164451946506', 46, 0, 2),
('610555881330835457', '474935164451946506', 19, 0, 1),
('610861251043655681', '474935164451946506', 40, 0, 2),
('612996289210351616', '474935164451946506', 149, 1, 7),
('614886441675259922', '474935164451946506', 24, 0, 1),
('615160976676749323', '474935164451946506', 25, 0, 1),
('616030319887384627', '474935164451946506', 34, 0, 2),
('616717371557675064', '474935164451946506', 58, 0, 3),
('618098440655601674', '474935164451946506', 15, 0, 1),
('622213641906815008', '474935164451946506', 93, 0, 4),
('623512018573459456', '474935164451946506', 24, 0, 1),
('639538593605484566', '474935164451946506', 17, 0, 1),
('640282818764865597', '474935164451946506', 34, 0, 2),
('640882594031861772', '474935164451946506', 221, 1, 11),
('647184122628014091', '474935164451946506', 25, 0, 1),
('651378690881617930', '474935164451946506', 24, 0, 1),
('651378690881617930', '983324272627974144', 56, 1, 3),
('655763460537450528', '697504135309820025', 217, 1, 10),
('655763460537450528', '983324272627974144', 85, 1, 4),
('656114234266222592', '474935164451946506', 20, 0, 1),
('657962195895975958', '474935164451946506', 63, 0, 3),
('664166907896922154', '474935164451946506', 1681, 6, 83),
('670654958248656902', '474935164451946506', 62, 1, 3),
('674623173630754836', '474935164451946506', 395, 2, 20),
('679084700781772801', '474935164451946506', 157, 1, 7),
('679724848754458645', '474935164451946506', 17, 0, 1),
('680524182316122219', '474935164451946506', 20, 0, 1),
('691352020757512283', '474935164451946506', 158, 1, 8),
('697897576048885790', '474935164451946506', 36, 0, 2),
('698154788914987038', '518108973824475136', 21, 1, 1),
('698601172713472123', '474935164451946506', 24, 0, 1),
('700740509546577921', '474935164451946506', 106, 1, 5),
('705406753604501506', '474935164451946506', 83, 0, 4),
('705857177046351883', '518108973824475136', 43, 1, 2),
('707174964008321035', '474935164451946506', 18, 0, 1),
('707479292644163604', '1106615853660766298', 15, 1, 1),
('707479292644163604', '474935164451946506', 22929, 19, 1140),
('709049643203559495', '474935164451946506', 79, 0, 4),
('711563423472680972', '474935164451946506', 19, 0, 1),
('718057378918170685', '474935164451946506', 21, 0, 1),
('719569514810966096', '474935164451946506', 47, 0, 2),
('719571846848315492', '474935164451946506', 44, 0, 2),
('719572441675857962', '474935164451946506', 32, 0, 2),
('719573961964519527', '474935164451946506', 42, 0, 2),
('719574848212303942', '474935164451946506', 44, 0, 2),
('719575408944873593', '474935164451946506', 36, 0, 2),
('719576410771161089', '474935164451946506', 49, 0, 2),
('719578976070139936', '474935164451946506', 34, 0, 2),
('719579664674324541', '474935164451946506', 47, 0, 2),
('719581365263401020', '474935164451946506', 45, 0, 2),
('719582238970216459', '474935164451946506', 39, 0, 2),
('719588156319465563', '474935164451946506', 38, 0, 2),
('719588509698097162', '474935164451946506', 48, 0, 2),
('719602997738471454', '474935164451946506', 43, 0, 2),
('722224503731781672', '474935164451946506', 89, 0, 4),
('727901183959629845', '474935164451946506', 150, 1, 8),
('731589427322683402', '474935164451946506', 141, 1, 7),
('733756052515979365', '608967318789160970', 23, 1, 1),
('733814323272613958', '474935164451946506', 24, 1, 1),
('734099436187418685', '474935164451946506', 211, 1, 11),
('734742028511870976', '474935164451946506', 153, 1, 8),
('740586248472625180', '474935164451946506', 729, 3, 37),
('743021700093968445', '474935164451946506', 46, 0, 2),
('752647571515899964', '474935164451946506', 139, 1, 7),
('753202023654096937', '474935164451946506', 16, 0, 1),
('753552882216730664', '474935164451946506', 23, 1, 1),
('753552882216730664', '983324272627974144', 18, 1, 1),
('754068604529672302', '474935164451946506', 19, 0, 1),
('755831979735384076', '474935164451946506', 23, 0, 1),
('756084838699761704', '474935164451946506', 110, 1, 5),
('762342487616389150', '474935164451946506', 61, 0, 3),
('763714624994148353', '474935164451946506', 23, 0, 1),
('767054614565879850', '474935164451946506', 24, 0, 1),
('771024864152518666', '474935164451946506', 42, 0, 2),
('776458515073204264', '474935164451946506', 60, 0, 3),
('777285056405438474', '474935164451946506', 42, 0, 2),
('778259048809627649', '983324272627974144', 18, 1, 1),
('791798216291123200', '474935164451946506', 112, 1, 5),
('792105133977763851', '474935164451946506', 430, 2, 20),
('796345604552654859', '474935164451946506', 81, 0, 4),
('798987039268667393', '474935164451946506', 106, 1, 6),
('799902139148664873', '474935164451946506', 333, 2, 17),
('812326974860034098', '676530982169608192', 23, 1, 1),
('815169564925100032', '474935164451946506', 41, 0, 2),
('815958265480871946', '474935164451946506', 18, 0, 1),
('827278656451248168', '474935164451946506', 18, 0, 1),
('830841274466172938', '474935164451946506', 15, 0, 1),
('836297850622967881', '474935164451946506', 19, 0, 1),
('840976383416729611', '474935164451946506', 21, 0, 1),
('845428757804482588', '983324272627974144', 25, 1, 1),
('852956459003543653', '474935164451946506', 73, 0, 4),
('857323723845533728', '983324272627974144', 94, 1, 5),
('873711789077061633', '474935164451946506', 21, 0, 1),
('885630581147336715', '474935164451946506', 16, 0, 1),
('892005033342824538', '474935164451946506', 61, 0, 3),
('892425782746574871', '474935164451946506', 33, 0, 2),
('894647713315057684', '474935164451946506', 91, 0, 5),
('905190611471175760', '697504135309820025', 24, 1, 1),
('916430084791996507', '474935164451946506', 408, 2, 21),
('930887271618609173', '474935164451946506', 478, 3, 23),
('930887271618609173', '608967318789160970', 1116, 4, 49),
('935232669724336129', '474935164451946506', 339, 2, 17),
('936876439989547039', '474935164451946506', 364, 2, 19),
('938730525240217630', '474935164451946506', 41, 0, 2),
('945667843511447552', '474935164451946506', 19, 1, 1),
('965796281840717834', '474935164451946506', 21, 0, 1);

-- --------------------------------------------------------

--
-- Struttura della tabella `greeting`
--

CREATE TABLE `greeting` (
  `user_id` varchar(19) NOT NULL,
  `guild_id` varchar(19) NOT NULL,
  `sound_id` smallint(6) NOT NULL,
  `bot_id` varchar(19) NOT NULL
) ENGINE=InnoDB DEFAULT CHARSET=latin1;

--
-- Svuota la tabella prima dell'inserimento `greeting`
--

TRUNCATE TABLE `greeting`;
--
-- Dump dei dati per la tabella `greeting`
--

INSERT IGNORE INTO `greeting` (`user_id`, `guild_id`, `sound_id`, `bot_id`) VALUES
('383358222972616705', '0', 80, '939876818465488926'),
('291624587278417920', '0', 137, '938487470339801169'),
('707479292644163604', '0', 182, '938487470339801169'),
('440489230968553472', '474935164451946506', 192, '938487470339801169'),
('440489230968553472', '474935164451946506', 192, '939876818465488926'),
('383358222972616705', '608967318789160970', 195, '939876818465488926'),
('383358222972616705', '474935164451946506', 210, '938487470339801169'),
('345307975788920842', '474935164451946506', 211, '938487470339801169');

-- --------------------------------------------------------

--
-- Struttura della tabella `guild`
--

CREATE TABLE `guild` (
  `guild_id` varchar(19) NOT NULL,
  `bot_id` varchar(19) NOT NULL,
  `prefix` varchar(32) NOT NULL DEFAULT '!',
  `name_tts` varchar(19) DEFAULT NULL,
  `language_tts` varchar(19) DEFAULT NULL,
  `exp_enabled` tinyint(1) NOT NULL DEFAULT 1,
  `threshold` tinyint(4) DEFAULT 0,
  `blacklist_channel` varchar(19) DEFAULT NULL,
  `blacklist_enabled` tinyint(1) NOT NULL DEFAULT 0
) ENGINE=InnoDB DEFAULT CHARSET=latin1;

--
-- Svuota la tabella prima dell'inserimento `guild`
--

TRUNCATE TABLE `guild`;
--
-- Dump dei dati per la tabella `guild`
--

INSERT IGNORE INTO `guild` (`guild_id`, `bot_id`, `prefix`, `name_tts`, `language_tts`, `exp_enabled`, `threshold`, `blacklist_channel`, `blacklist_enabled`) VALUES
('0', '1074276395640954942', '!', NULL, NULL, 1, 0, NULL, 0),
('0', '939876818465488926', '!', NULL, NULL, 1, 0, NULL, 0),
('0', '983315338886279229', '%', NULL, NULL, 1, 0, NULL, 0),
('1007678089054134392', '939876818465488926', '$', NULL, NULL, 0, 0, NULL, 0),
('1071851182160629790', '939876818465488926', '!', NULL, NULL, 1, 0, NULL, 0),
('1103387093109063713', '939876818465488926', '$', NULL, NULL, 0, 0, NULL, 0),
('1106615853660766298', '938487470339801169', '!', NULL, NULL, 0, 0, NULL, 0),
('1106615853660766298', '939876818465488926', '!', NULL, NULL, 0, 0, NULL, 0),
('1106615853660766298', '983315338886279229', '%', NULL, NULL, 0, 0, NULL, 0),
('1106615897952636930', '938487470339801169', '!', NULL, NULL, 0, 0, NULL, 0),
('1106615897952636930', '939876818465488926', '$', NULL, NULL, 0, 0, NULL, 0),
('1106615897952636930', '983315338886279229', '%', NULL, NULL, 0, 0, NULL, 0),
('1106615926578761830', '938487470339801169', '!', NULL, NULL, 0, 0, NULL, 0),
('1106615926578761830', '939876818465488926', '$', NULL, NULL, 0, 0, NULL, 0),
('1106615926578761830', '983315338886279229', '%', NULL, NULL, 0, 0, NULL, 0),
('1106615956685475991', '938487470339801169', '!', NULL, NULL, 0, 0, NULL, 0),
('1106615956685475991', '939876818465488926', '$', NULL, NULL, 0, 0, NULL, 0),
('1106615956685475991', '983315338886279229', '%', NULL, NULL, 0, 0, NULL, 0),
('1106648612039041064', '938487470339801169', '!', NULL, NULL, 0, 0, NULL, 0),
('1106648612039041064', '939876818465488926', '$', NULL, NULL, 0, 0, NULL, 0),
('1106648612039041064', '983315338886279229', '%', NULL, NULL, 0, 0, NULL, 0),
('1108673762708172811', '938487470339801169', '!', NULL, NULL, 0, 0, NULL, 0),
('1108673762708172811', '939876818465488926', '$', NULL, NULL, 0, 0, NULL, 0),
('1108673762708172811', '983315338886279229', '%', NULL, NULL, 0, 0, NULL, 0),
('1114239502874054756', '938487470339801169', '!', NULL, NULL, 0, 0, NULL, 0),
('1117059269901164636', '938487470339801169', '!', NULL, NULL, 0, 0, NULL, 0),
('1117059269901164636', '939876818465488926', '$', NULL, NULL, 0, 0, NULL, 0),
('1117059269901164636', '983315338886279229', '%', NULL, NULL, 0, 0, NULL, 0),
('1117060300592664677', '938487470339801169', '!', NULL, NULL, 0, 0, NULL, 0),
('1117060300592664677', '939876818465488926', '$', NULL, NULL, 0, 0, NULL, 0),
('1117060300592664677', '983315338886279229', '%', NULL, NULL, 0, 0, NULL, 0),
('1117060763182452746', '938487470339801169', '!', NULL, NULL, 0, 0, NULL, 0),
('1117060763182452746', '939876818465488926', '$', NULL, NULL, 0, 0, NULL, 0),
('1117060763182452746', '983315338886279229', '%', NULL, NULL, 0, 0, NULL, 0),
('1123678509693423738', '938487470339801169', '!', NULL, NULL, 0, 0, NULL, 0),
('1123678509693423738', '939876818465488926', '$', NULL, NULL, 0, 0, NULL, 0),
('1123678509693423738', '983315338886279229', '%', NULL, NULL, 0, 0, NULL, 0),
('1131573980944416768', '938487470339801169', '!', NULL, NULL, 0, 0, NULL, 0),
('1131573980944416768', '939876818465488926', '$', NULL, NULL, 0, 0, NULL, 0),
('1131573980944416768', '983315338886279229', '%', NULL, NULL, 0, 0, NULL, 0),
('1131943807714349117', '938487470339801169', '!', NULL, NULL, 0, 0, NULL, 0),
('1132405368119627869', '938487470339801169', '!', NULL, NULL, 0, 0, NULL, 0),
('1132405368119627869', '939876818465488926', '$', NULL, NULL, 0, 0, NULL, 0),
('1132405368119627869', '983315338886279229', '%', NULL, NULL, 0, 0, NULL, 0),
('1132636113568280636', '938487470339801169', '!', NULL, NULL, 0, 0, NULL, 0),
('1132636113568280636', '939876818465488926', '$', NULL, NULL, 0, 0, NULL, 0),
('1132636113568280636', '983315338886279229', '%', NULL, NULL, 0, 0, NULL, 0),
('1132636703883014154', '938487470339801169', '!', NULL, NULL, 0, 0, NULL, 0),
('1132636703883014154', '939876818465488926', '$', NULL, NULL, 0, 0, NULL, 0),
('1132636703883014154', '983315338886279229', '%', NULL, NULL, 0, 0, NULL, 0),
('1132694780703416410', '938487470339801169', '!', NULL, NULL, 0, 0, NULL, 0),
('1132694780703416410', '939876818465488926', '$', NULL, NULL, 0, 0, NULL, 0),
('1132694780703416410', '983315338886279229', '%', NULL, NULL, 0, 0, NULL, 0),
('1132694832305934439', '938487470339801169', '!', NULL, NULL, 0, 0, NULL, 0),
('1132694832305934439', '939876818465488926', '$', NULL, NULL, 1, 1, '1132694833912356946', 1),
('1132694832305934439', '983315338886279229', '%', NULL, NULL, 0, 0, NULL, 0),
('1150154886005133492', '939876818465488926', '$', NULL, NULL, 0, 0, NULL, 0),
('1162886156082487306', '938487470339801169', 'p', NULL, NULL, 1, 0, NULL, 0),
('1166825736393457735', '939876818465488926', '$', NULL, NULL, 0, 0, NULL, 0),
('333949691962195969', '938487470339801169', '!', NULL, NULL, 1, 0, NULL, 0),
('393140207681011725', '938487470339801169', '!', NULL, NULL, 0, 0, NULL, 0),
('474935164451946506', '1074276395640954942', '!', 'Mia', 'it-it', 0, 0, NULL, 0),
('474935164451946506', '1098906798016184422', '&', NULL, NULL, 0, 5, '691005529354665984', 1),
('474935164451946506', '938487470339801169', 'p', 'Mia', 'it-it', 1, 0, NULL, 0),
('474935164451946506', '939876818465488926', '$', 'Mia', 'it-it', 1, 3, '938513359626715176', 1),
('474935164451946506', '983315338886279229', '%', 'Pietro', 'it-it', 0, 0, NULL, 0),
('518108973824475136', '938487470339801169', '!', NULL, NULL, 0, 0, NULL, 0),
('608967318789160970', '1074276395640954942', '!', 'Mia', 'it-it', 0, 0, NULL, 0),
('608967318789160970', '1098906798016184422', '&', NULL, NULL, 0, 0, NULL, 0),
('608967318789160970', '938487470339801169', 'p', 'Pietro', 'it-it', 1, 3, '1094186418705793097', 1),
('608967318789160970', '939876818465488926', '$', 'Pietro', 'it-it', 1, 3, '1094186418705793097', 1),
('608967318789160970', '983315338886279229', '%', 'Amy', 'en-us', 0, 0, NULL, 0),
('676530982169608192', '938487470339801169', '!', NULL, NULL, 0, 0, NULL, 0),
('697504135309820025', '938487470339801169', '!', NULL, NULL, 0, 0, NULL, 0),
('707624177913430108', '938487470339801169', '!', NULL, NULL, 0, 0, NULL, 0),
('726201794031779852', '938487470339801169', '!', NULL, NULL, 0, 0, NULL, 0),
('731222545864458260', '1074276395640954942', '!', NULL, NULL, 0, 0, NULL, 0),
('731222545864458260', '938487470339801169', 'p', NULL, NULL, 1, 0, NULL, 0),
('731222545864458260', '939876818465488926', '$', NULL, NULL, 0, 0, NULL, 0),
('772754737032069192', '938487470339801169', '!', NULL, NULL, 0, 0, NULL, 0),
('806221769458450483', '938487470339801169', '!', NULL, NULL, 0, 0, NULL, 0),
('876606568412639272', '939876818465488926', '!', NULL, NULL, 1, 0, NULL, 0),
('943974473370062948', '938487470339801169', '!', NULL, NULL, 0, 0, NULL, 0),
('981936477225242734', '939876818465488926', '!', NULL, NULL, 1, 0, NULL, 0),
('983324272627974144', '938487470339801169', '!', NULL, NULL, 1, 0, NULL, 0);

-- --------------------------------------------------------

--
-- Struttura della tabella `guilds`
--

CREATE TABLE `guilds` (
  `id` varchar(19) NOT NULL
) ENGINE=InnoDB DEFAULT CHARSET=latin1;

--
-- Svuota la tabella prima dell'inserimento `guilds`
--

TRUNCATE TABLE `guilds`;
--
-- Dump dei dati per la tabella `guilds`
--

INSERT IGNORE INTO `guilds` (`id`) VALUES
('0'),
('1007678089054134392'),
('1071851182160629790'),
('1103387093109063713'),
('1106615853660766298'),
('1106615897952636930'),
('1106615926578761830'),
('1106615956685475991'),
('1106648612039041064'),
('1108673762708172811'),
('1114239502874054756'),
('1117059269901164636'),
('1117060300592664677'),
('1117060763182452746'),
('1123678509693423738'),
('1131573980944416768'),
('1131943807714349117'),
('1132405368119627869'),
('1132636113568280636'),
('1132636703883014154'),
('1132694780703416410'),
('1132694832305934439'),
('1150154886005133492'),
('1162886156082487306'),
('1166825736393457735'),
('333949691962195969'),
('393140207681011725'),
('474935164451946506'),
('518108973824475136'),
('608967318789160970'),
('676530982169608192'),
('697504135309820025'),
('707624177913430108'),
('726201794031779852'),
('731222545864458260'),
('772754737032069192'),
('806221769458450483'),
('876606568412639272'),
('943974473370062948'),
('981936477225242734'),
('983324272627974144');

-- --------------------------------------------------------

--
-- Struttura della tabella `play`
--

CREATE TABLE `play` (
  `user_id` varchar(19) NOT NULL,
  `sound_id` smallint(6) NOT NULL,
  `times` smallint(6) NOT NULL
) ENGINE=InnoDB DEFAULT CHARSET=latin1;

--
-- Svuota la tabella prima dell'inserimento `play`
--

TRUNCATE TABLE `play`;
--
-- Dump dei dati per la tabella `play`
--

INSERT IGNORE INTO `play` (`user_id`, `sound_id`, `times`) VALUES
('219797089037582337', 182, 1),
('291624587278417920', 1, 3),
('291624587278417920', 2, 3),
('291624587278417920', 3, 4),
('291624587278417920', 7, 17),
('291624587278417920', 8, 1),
('291624587278417920', 9, 1),
('291624587278417920', 13, 3),
('291624587278417920', 14, 1),
('291624587278417920', 16, 4),
('291624587278417920', 17, 4),
('291624587278417920', 18, 8),
('291624587278417920', 19, 2),
('291624587278417920', 20, 6),
('291624587278417920', 21, 4),
('291624587278417920', 23, 2),
('291624587278417920', 30, 3),
('291624587278417920', 31, 2),
('291624587278417920', 32, 1),
('291624587278417920', 33, 1),
('291624587278417920', 34, 1),
('291624587278417920', 35, 3),
('291624587278417920', 36, 1),
('291624587278417920', 39, 1),
('291624587278417920', 40, 1),
('291624587278417920', 41, 3),
('291624587278417920', 42, 4),
('291624587278417920', 43, 1),
('291624587278417920', 46, 2),
('291624587278417920', 47, 1),
('291624587278417920', 48, 1),
('291624587278417920', 49, 3),
('291624587278417920', 50, 1),
('291624587278417920', 53, 2),
('291624587278417920', 54, 3),
('291624587278417920', 60, 1),
('291624587278417920', 67, 4),
('291624587278417920', 68, 2),
('291624587278417920', 69, 1),
('291624587278417920', 73, 1),
('291624587278417920', 74, 1),
('291624587278417920', 75, 1),
('291624587278417920', 76, 1),
('291624587278417920', 77, 1),
('291624587278417920', 79, 1),
('291624587278417920', 83, 1),
('291624587278417920', 84, 2),
('291624587278417920', 86, 1),
('291624587278417920', 89, 1),
('291624587278417920', 91, 1),
('291624587278417920', 96, 1),
('291624587278417920', 99, 6),
('291624587278417920', 100, 1),
('291624587278417920', 103, 2),
('291624587278417920', 104, 2),
('291624587278417920', 113, 2),
('291624587278417920', 114, 2),
('291624587278417920', 119, 1),
('291624587278417920', 122, 2),
('291624587278417920', 137, 2),
('291624587278417920', 139, 1),
('291624587278417920', 140, 1),
('291624587278417920', 141, 2),
('291624587278417920', 150, 2),
('291624587278417920', 152, 1),
('291624587278417920', 153, 1),
('291624587278417920', 158, 1),
('291624587278417920', 164, 2),
('291624587278417920', 165, 2),
('291624587278417920', 166, 3),
('291624587278417920', 167, 8),
('291624587278417920', 169, 1),
('291624587278417920', 170, 1),
('291624587278417920', 172, 11),
('291624587278417920', 173, 2),
('291624587278417920', 177, 1),
('291624587278417920', 178, 1),
('291624587278417920', 204, 1),
('335796793331810305', 9, 1),
('335796793331810305', 11, 1),
('335796793331810305', 51, 1),
('335796793331810305', 95, 1),
('335796793331810305', 172, 4),
('352192170503045121', 35, 9),
('352192170503045121', 83, 8),
('352192170503045121', 95, 1),
('352192170503045121', 136, 1),
('352192170503045121', 153, 1),
('352192170503045121', 158, 1),
('352192170503045121', 164, 1),
('352192170503045121', 194, 2),
('352192170503045121', 195, 44),
('371768270472347671', 27, 5),
('371768270472347671', 65, 3),
('371768270472347671', 104, 1),
('371768270472347671', 121, 13),
('383358222972616705', 1, 37),
('383358222972616705', 2, 13),
('383358222972616705', 3, 11),
('383358222972616705', 4, 3),
('383358222972616705', 5, 4),
('383358222972616705', 6, 4),
('383358222972616705', 7, 9),
('383358222972616705', 8, 10),
('383358222972616705', 9, 4),
('383358222972616705', 10, 8),
('383358222972616705', 11, 4),
('383358222972616705', 12, 8),
('383358222972616705', 13, 4),
('383358222972616705', 14, 2),
('383358222972616705', 15, 19),
('383358222972616705', 16, 17),
('383358222972616705', 17, 15),
('383358222972616705', 18, 12),
('383358222972616705', 19, 31),
('383358222972616705', 20, 7),
('383358222972616705', 21, 2),
('383358222972616705', 22, 1),
('383358222972616705', 23, 3),
('383358222972616705', 24, 15),
('383358222972616705', 25, 12),
('383358222972616705', 26, 2),
('383358222972616705', 27, 76),
('383358222972616705', 28, 5),
('383358222972616705', 29, 7),
('383358222972616705', 30, 238),
('383358222972616705', 31, 1),
('383358222972616705', 32, 2),
('383358222972616705', 34, 1),
('383358222972616705', 35, 295),
('383358222972616705', 37, 6),
('383358222972616705', 38, 3),
('383358222972616705', 39, 19),
('383358222972616705', 40, 18),
('383358222972616705', 41, 14),
('383358222972616705', 42, 151),
('383358222972616705', 43, 1),
('383358222972616705', 45, 2),
('383358222972616705', 46, 1),
('383358222972616705', 48, 3),
('383358222972616705', 49, 5),
('383358222972616705', 50, 4),
('383358222972616705', 51, 1),
('383358222972616705', 52, 9),
('383358222972616705', 53, 9),
('383358222972616705', 54, 2),
('383358222972616705', 55, 2),
('383358222972616705', 56, 31),
('383358222972616705', 57, 1),
('383358222972616705', 59, 1),
('383358222972616705', 60, 1),
('383358222972616705', 61, 14),
('383358222972616705', 62, 10),
('383358222972616705', 63, 6),
('383358222972616705', 65, 29),
('383358222972616705', 66, 17),
('383358222972616705', 67, 3),
('383358222972616705', 68, 4),
('383358222972616705', 69, 5),
('383358222972616705', 70, 1),
('383358222972616705', 71, 54),
('383358222972616705', 72, 7),
('383358222972616705', 73, 6),
('383358222972616705', 77, 1),
('383358222972616705', 78, 3),
('383358222972616705', 79, 4),
('383358222972616705', 80, 1),
('383358222972616705', 81, 16),
('383358222972616705', 82, 1),
('383358222972616705', 83, 32),
('383358222972616705', 84, 7),
('383358222972616705', 85, 11),
('383358222972616705', 88, 5),
('383358222972616705', 89, 18),
('383358222972616705', 90, 4),
('383358222972616705', 91, 4),
('383358222972616705', 92, 29),
('383358222972616705', 93, 1),
('383358222972616705', 95, 125),
('383358222972616705', 96, 4),
('383358222972616705', 97, 3),
('383358222972616705', 98, 10),
('383358222972616705', 99, 8),
('383358222972616705', 100, 4),
('383358222972616705', 102, 4),
('383358222972616705', 103, 2),
('383358222972616705', 104, 9),
('383358222972616705', 105, 9),
('383358222972616705', 106, 6),
('383358222972616705', 107, 2),
('383358222972616705', 108, 1),
('383358222972616705', 109, 1),
('383358222972616705', 110, 2),
('383358222972616705', 111, 4),
('383358222972616705', 112, 1),
('383358222972616705', 113, 2),
('383358222972616705', 114, 7),
('383358222972616705', 116, 11),
('383358222972616705', 117, 20),
('383358222972616705', 118, 10),
('383358222972616705', 119, 2),
('383358222972616705', 120, 19),
('383358222972616705', 121, 1),
('383358222972616705', 122, 3),
('383358222972616705', 126, 3),
('383358222972616705', 127, 3),
('383358222972616705', 135, 12),
('383358222972616705', 136, 21),
('383358222972616705', 137, 14),
('383358222972616705', 138, 16),
('383358222972616705', 139, 6),
('383358222972616705', 140, 13),
('383358222972616705', 141, 1),
('383358222972616705', 150, 11),
('383358222972616705', 151, 26),
('383358222972616705', 152, 35),
('383358222972616705', 153, 16),
('383358222972616705', 155, 41),
('383358222972616705', 156, 5),
('383358222972616705', 158, 38),
('383358222972616705', 159, 9),
('383358222972616705', 160, 13),
('383358222972616705', 162, 17),
('383358222972616705', 163, 21),
('383358222972616705', 164, 26),
('383358222972616705', 165, 8),
('383358222972616705', 166, 2),
('383358222972616705', 167, 2),
('383358222972616705', 168, 12),
('383358222972616705', 169, 45),
('383358222972616705', 170, 2),
('383358222972616705', 171, 6),
('383358222972616705', 172, 1),
('383358222972616705', 173, 35),
('383358222972616705', 174, 4),
('383358222972616705', 175, 3),
('383358222972616705', 176, 4),
('383358222972616705', 177, 3),
('383358222972616705', 178, 15),
('383358222972616705', 179, 164),
('383358222972616705', 181, 8),
('383358222972616705', 182, 2),
('383358222972616705', 184, 1),
('383358222972616705', 185, 3),
('383358222972616705', 186, 2),
('383358222972616705', 189, 3),
('383358222972616705', 192, 14),
('383358222972616705', 193, 19),
('383358222972616705', 194, 42),
('383358222972616705', 195, 215),
('383358222972616705', 196, 10),
('383358222972616705', 197, 9),
('383358222972616705', 199, 3),
('383358222972616705', 200, 5),
('383358222972616705', 201, 9),
('383358222972616705', 202, 5),
('383358222972616705', 203, 15),
('383358222972616705', 204, 19),
('383358222972616705', 205, 6),
('383358222972616705', 207, 3),
('383358222972616705', 210, 5),
('383358222972616705', 211, 2),
('431324611968368652', 1, 1),
('431324611968368652', 2, 1),
('431324611968368652', 3, 1),
('431324611968368652', 4, 1),
('431324611968368652', 8, 2),
('431324611968368652', 14, 5),
('431324611968368652', 18, 31),
('431324611968368652', 25, 1),
('431324611968368652', 27, 3),
('431324611968368652', 29, 14),
('431324611968368652', 30, 208),
('431324611968368652', 32, 1),
('431324611968368652', 34, 1),
('431324611968368652', 35, 2),
('431324611968368652', 39, 1),
('431324611968368652', 40, 1),
('431324611968368652', 46, 1),
('431324611968368652', 51, 1),
('431324611968368652', 57, 2),
('431324611968368652', 59, 1),
('431324611968368652', 61, 1),
('431324611968368652', 71, 1),
('431324611968368652', 73, 1),
('431324611968368652', 83, 1),
('431324611968368652', 94, 1),
('431324611968368652', 95, 1),
('431324611968368652', 100, 12),
('431324611968368652', 108, 2),
('431324611968368652', 109, 1),
('431324611968368652', 110, 1),
('431324611968368652', 111, 1),
('431324611968368652', 119, 1),
('431324611968368652', 121, 4),
('431324611968368652', 126, 2),
('431324611968368652', 136, 1),
('431324611968368652', 137, 1),
('431324611968368652', 140, 1),
('431324611968368652', 152, 5),
('431324611968368652', 153, 1),
('431324611968368652', 158, 3),
('431324611968368652', 159, 1),
('431324611968368652', 164, 15),
('431324611968368652', 170, 4),
('440489230968553472', 1, 93),
('440489230968553472', 2, 9),
('440489230968553472', 3, 6),
('440489230968553472', 9, 2),
('440489230968553472', 11, 1),
('440489230968553472', 12, 1),
('440489230968553472', 13, 1),
('440489230968553472', 15, 2),
('440489230968553472', 17, 17),
('440489230968553472', 18, 1),
('440489230968553472', 19, 3),
('440489230968553472', 20, 3),
('440489230968553472', 22, 2),
('440489230968553472', 23, 1),
('440489230968553472', 24, 2),
('440489230968553472', 25, 2),
('440489230968553472', 27, 2),
('440489230968553472', 28, 1),
('440489230968553472', 29, 1),
('440489230968553472', 30, 3),
('440489230968553472', 31, 4),
('440489230968553472', 32, 1),
('440489230968553472', 33, 1),
('440489230968553472', 34, 1),
('440489230968553472', 35, 43),
('440489230968553472', 39, 7),
('440489230968553472', 41, 8),
('440489230968553472', 42, 14),
('440489230968553472', 43, 2),
('440489230968553472', 44, 5),
('440489230968553472', 45, 1),
('440489230968553472', 47, 2),
('440489230968553472', 48, 1),
('440489230968553472', 49, 1),
('440489230968553472', 50, 2),
('440489230968553472', 51, 2),
('440489230968553472', 52, 2),
('440489230968553472', 54, 1),
('440489230968553472', 56, 4),
('440489230968553472', 59, 3),
('440489230968553472', 61, 4),
('440489230968553472', 62, 1),
('440489230968553472', 63, 3),
('440489230968553472', 65, 6),
('440489230968553472', 66, 1),
('440489230968553472', 68, 1),
('440489230968553472', 70, 1),
('440489230968553472', 71, 10),
('440489230968553472', 72, 1),
('440489230968553472', 73, 1),
('440489230968553472', 74, 1),
('440489230968553472', 78, 1),
('440489230968553472', 79, 2),
('440489230968553472', 81, 1),
('440489230968553472', 83, 4),
('440489230968553472', 84, 1),
('440489230968553472', 85, 3),
('440489230968553472', 86, 1),
('440489230968553472', 87, 1),
('440489230968553472', 88, 2),
('440489230968553472', 90, 2),
('440489230968553472', 92, 2),
('440489230968553472', 94, 1),
('440489230968553472', 95, 8),
('440489230968553472', 96, 9),
('440489230968553472', 97, 1),
('440489230968553472', 98, 2),
('440489230968553472', 99, 2),
('440489230968553472', 100, 1),
('440489230968553472', 102, 1),
('440489230968553472', 103, 3),
('440489230968553472', 104, 3),
('440489230968553472', 105, 1),
('440489230968553472', 106, 1),
('440489230968553472', 108, 1),
('440489230968553472', 111, 3),
('440489230968553472', 112, 4),
('440489230968553472', 113, 2),
('440489230968553472', 114, 2),
('440489230968553472', 115, 3),
('440489230968553472', 116, 1),
('440489230968553472', 117, 2),
('440489230968553472', 119, 1),
('440489230968553472', 120, 1),
('440489230968553472', 121, 5),
('440489230968553472', 122, 4),
('440489230968553472', 126, 1),
('440489230968553472', 127, 1),
('440489230968553472', 135, 13),
('440489230968553472', 136, 5),
('440489230968553472', 137, 7),
('440489230968553472', 138, 6),
('440489230968553472', 139, 6),
('440489230968553472', 140, 1),
('440489230968553472', 141, 3),
('440489230968553472', 150, 5),
('440489230968553472', 151, 1),
('440489230968553472', 152, 4),
('440489230968553472', 153, 4),
('440489230968553472', 155, 3),
('440489230968553472', 156, 1),
('440489230968553472', 159, 1),
('440489230968553472', 160, 10),
('440489230968553472', 162, 2),
('440489230968553472', 163, 15),
('440489230968553472', 164, 3),
('440489230968553472', 166, 4),
('440489230968553472', 169, 1),
('440489230968553472', 170, 1),
('440489230968553472', 172, 2),
('440489230968553472', 173, 6),
('440489230968553472', 177, 1),
('440489230968553472', 178, 5),
('440489230968553472', 179, 2),
('440489230968553472', 182, 9),
('440489230968553472', 186, 1),
('440489230968553472', 192, 2),
('440489230968553472', 193, 4),
('440489230968553472', 194, 1),
('440489230968553472', 195, 44),
('440489230968553472', 197, 1),
('440489230968553472', 201, 2),
('440489230968553472', 202, 3),
('440489230968553472', 203, 3),
('440489230968553472', 204, 3),
('440489230968553472', 205, 2),
('440489230968553472', 210, 25),
('705857177046351883', 112, 1),
('705857177046351883', 119, 1),
('707479292644163604', 1, 13),
('707479292644163604', 2, 4),
('707479292644163604', 3, 4),
('707479292644163604', 4, 3),
('707479292644163604', 5, 3),
('707479292644163604', 6, 4),
('707479292644163604', 7, 20),
('707479292644163604', 8, 8),
('707479292644163604', 9, 3),
('707479292644163604', 10, 11),
('707479292644163604', 11, 4),
('707479292644163604', 12, 4),
('707479292644163604', 13, 7),
('707479292644163604', 14, 16),
('707479292644163604', 15, 4),
('707479292644163604', 16, 15),
('707479292644163604', 17, 5),
('707479292644163604', 18, 3),
('707479292644163604', 19, 4),
('707479292644163604', 20, 8),
('707479292644163604', 21, 2),
('707479292644163604', 22, 1),
('707479292644163604', 23, 10),
('707479292644163604', 24, 4),
('707479292644163604', 25, 2),
('707479292644163604', 26, 4),
('707479292644163604', 27, 2),
('707479292644163604', 28, 5),
('707479292644163604', 29, 39),
('707479292644163604', 30, 46),
('707479292644163604', 31, 4),
('707479292644163604', 32, 3),
('707479292644163604', 33, 5),
('707479292644163604', 34, 10),
('707479292644163604', 35, 15),
('707479292644163604', 36, 5),
('707479292644163604', 37, 13),
('707479292644163604', 38, 4),
('707479292644163604', 39, 19),
('707479292644163604', 40, 9),
('707479292644163604', 41, 5),
('707479292644163604', 42, 8),
('707479292644163604', 43, 3),
('707479292644163604', 44, 9),
('707479292644163604', 45, 18),
('707479292644163604', 46, 3),
('707479292644163604', 47, 5),
('707479292644163604', 48, 4),
('707479292644163604', 49, 14),
('707479292644163604', 50, 2),
('707479292644163604', 51, 3),
('707479292644163604', 52, 2),
('707479292644163604', 53, 2),
('707479292644163604', 54, 2),
('707479292644163604', 55, 9),
('707479292644163604', 56, 3),
('707479292644163604', 57, 2),
('707479292644163604', 58, 3),
('707479292644163604', 59, 3),
('707479292644163604', 60, 3),
('707479292644163604', 61, 7),
('707479292644163604', 62, 4),
('707479292644163604', 63, 2),
('707479292644163604', 64, 3),
('707479292644163604', 65, 3),
('707479292644163604', 66, 3),
('707479292644163604', 67, 11),
('707479292644163604', 68, 4),
('707479292644163604', 69, 8),
('707479292644163604', 70, 2),
('707479292644163604', 71, 3),
('707479292644163604', 72, 9),
('707479292644163604', 73, 3),
('707479292644163604', 74, 4),
('707479292644163604', 75, 12),
('707479292644163604', 76, 9),
('707479292644163604', 77, 3),
('707479292644163604', 78, 20),
('707479292644163604', 79, 7),
('707479292644163604', 80, 2),
('707479292644163604', 81, 4),
('707479292644163604', 82, 4),
('707479292644163604', 83, 25),
('707479292644163604', 84, 10),
('707479292644163604', 85, 19),
('707479292644163604', 86, 24),
('707479292644163604', 87, 11),
('707479292644163604', 88, 9),
('707479292644163604', 89, 5),
('707479292644163604', 90, 3),
('707479292644163604', 91, 5),
('707479292644163604', 92, 28),
('707479292644163604', 93, 3),
('707479292644163604', 94, 3),
('707479292644163604', 95, 13),
('707479292644163604', 96, 6),
('707479292644163604', 97, 5),
('707479292644163604', 98, 11),
('707479292644163604', 99, 6),
('707479292644163604', 100, 30),
('707479292644163604', 102, 6),
('707479292644163604', 103, 4),
('707479292644163604', 104, 4),
('707479292644163604', 105, 4),
('707479292644163604', 106, 3),
('707479292644163604', 107, 2),
('707479292644163604', 108, 9),
('707479292644163604', 109, 3),
('707479292644163604', 110, 3),
('707479292644163604', 111, 8),
('707479292644163604', 112, 2),
('707479292644163604', 113, 4),
('707479292644163604', 114, 3),
('707479292644163604', 115, 5),
('707479292644163604', 116, 3),
('707479292644163604', 117, 2),
('707479292644163604', 118, 2),
('707479292644163604', 119, 6),
('707479292644163604', 120, 6),
('707479292644163604', 121, 2),
('707479292644163604', 122, 4),
('707479292644163604', 126, 4),
('707479292644163604', 127, 3),
('707479292644163604', 135, 6),
('707479292644163604', 136, 19),
('707479292644163604', 137, 2),
('707479292644163604', 138, 7),
('707479292644163604', 139, 5),
('707479292644163604', 140, 6),
('707479292644163604', 141, 17),
('707479292644163604', 150, 5),
('707479292644163604', 151, 6),
('707479292644163604', 152, 317),
('707479292644163604', 153, 3),
('707479292644163604', 155, 4),
('707479292644163604', 156, 3),
('707479292644163604', 158, 32),
('707479292644163604', 159, 11),
('707479292644163604', 160, 3),
('707479292644163604', 162, 3),
('707479292644163604', 163, 7),
('707479292644163604', 164, 19),
('707479292644163604', 165, 16),
('707479292644163604', 166, 7),
('707479292644163604', 167, 2),
('707479292644163604', 168, 41),
('707479292644163604', 169, 6),
('707479292644163604', 170, 15),
('707479292644163604', 171, 2),
('707479292644163604', 172, 17),
('707479292644163604', 173, 5),
('707479292644163604', 174, 3),
('707479292644163604', 175, 3),
('707479292644163604', 176, 3),
('707479292644163604', 177, 4),
('707479292644163604', 178, 56),
('707479292644163604', 179, 7),
('707479292644163604', 181, 24),
('707479292644163604', 182, 9),
('707479292644163604', 184, 1),
('707479292644163604', 185, 1),
('707479292644163604', 186, 3),
('707479292644163604', 189, 1),
('707479292644163604', 192, 9),
('707479292644163604', 193, 4),
('707479292644163604', 194, 2),
('707479292644163604', 195, 219),
('707479292644163604', 196, 3),
('707479292644163604', 197, 2),
('707479292644163604', 199, 1),
('707479292644163604', 200, 2),
('707479292644163604', 201, 2),
('707479292644163604', 202, 2),
('707479292644163604', 203, 3),
('707479292644163604', 204, 4),
('707479292644163604', 205, 2),
('707479292644163604', 207, 1),
('707479292644163604', 210, 10),
('707479292644163604', 211, 6),
('930887271618609173', 35, 2),
('930887271618609173', 83, 7),
('930887271618609173', 153, 1),
('938730525240217630', 30, 1),
('938730525240217630', 158, 1);

-- --------------------------------------------------------

--
-- Struttura della tabella `reward`
--

CREATE TABLE `reward` (
  `guild_id` varchar(19) NOT NULL,
  `role_id` varchar(19) NOT NULL,
  `level` smallint(6) NOT NULL,
  `message_text` varchar(255) DEFAULT NULL
) ENGINE=InnoDB DEFAULT CHARSET=latin1;

--
-- Svuota la tabella prima dell'inserimento `reward`
--

TRUNCATE TABLE `reward`;
--
-- Dump dei dati per la tabella `reward`
--

INSERT IGNORE INTO `reward` (`guild_id`, `role_id`, `level`, `message_text`) VALUES
('474935164451946506', '1119582247763329095', 30, 'Insane #user, you are spamming messages like a god'),
('474935164451946506', '1119582321947971656', 20, 'yo #user, you have got level #level but you are a piece of shit random compared the real beast'),
('474935164451946506', '691701297195253811', 1, 'dio boia'),
('474935164451946506', '735852621147144223', 10, 'im sorry but you live in third world country, so you got #role'),
('608967318789160970', '1119912139843452968', 1, 'wef'),
('608967318789160970', '732671412870971422', 25, '#user, #level, #role');

-- --------------------------------------------------------

--
-- Struttura della tabella `room`
--

CREATE TABLE `room` (
  `guild_id` varchar(19) NOT NULL,
  `room_id` varchar(19) NOT NULL,
  `room_name` varchar(255) DEFAULT NULL,
  `has_exp` tinyint(1) DEFAULT 1,
  `exp_value` double DEFAULT 1,
  `has_command_stats` tinyint(1) DEFAULT 1
) ENGINE=InnoDB DEFAULT CHARSET=latin1;

--
-- Svuota la tabella prima dell'inserimento `room`
--

TRUNCATE TABLE `room`;
--
-- Dump dei dati per la tabella `room`
--

INSERT IGNORE INTO `room` (`guild_id`, `room_id`, `room_name`, `has_exp`, `exp_value`, `has_command_stats`) VALUES
('474935164451946506', '1034198380907335720', 'mc', 1, 1, 1),
('474935164451946506', '1113453933508169728', NULL, 1, 1, 1),
('474935164451946506', '1121084292945154089', 'beebot', 1, 1, 1),
('474935164451946506', '691006088639807530', 'afj', 1, 1, 1),
('474935164451946506', '691006700970311712', 'andromeda', 1, 1, 1),
('474935164451946506', '691009622571483157', 'r6', 1, 1, 1),
('474935164451946506', '717461111963648082', 'lol', 1, 1, 1),
('474935164451946506', '729746548082081842', 'nube', 1, 1, 1),
('474935164451946506', '733274067917996123', NULL, 1, 1.01, 1),
('474935164451946506', '742514782615371776', 'ranked', 1, 1, 1),
('474935164451946506', '911000928176459776', 'lol 2', 1, 1, 1),
('474935164451946506', '938513359626715176', NULL, 1, 1, 1),
('608967318789160970', '1094186373134688357', NULL, 1, 1.5, 1),
('608967318789160970', '1094186418705793097', NULL, 1, 1.1, 0),
('608967318789160970', '1094193394638671912', 'gumaaaaa', 1, 1, 1),
('608967318789160970', '1103989963000922122', NULL, 1, 1.2, 0),
('608967318789160970', '1132977374099669052', NULL, 1, 1.3, 0),
('608967318789160970', '608968468145897472', 'aaa', 1, 1, 1),
('608967318789160970', '709845730235252747', 'a', 1, 1, 1),
('608967318789160970', '709845762133196994', 'bb', 1, 1, 1);

-- --------------------------------------------------------

--
-- Struttura della tabella `sound`
--

CREATE TABLE `sound` (
  `id` smallint(6) NOT NULL,
  `name` varchar(255) NOT NULL,
  `guild_id` varchar(19) NOT NULL,
  `user_id` varchar(19) NOT NULL,
  `extension` varchar(4) NOT NULL,
  `public` tinyint(1) DEFAULT 0
) ENGINE=InnoDB DEFAULT CHARSET=latin1;

--
-- Svuota la tabella prima dell'inserimento `sound`
--

TRUNCATE TABLE `sound`;
--
-- Dump dei dati per la tabella `sound`
--

INSERT IGNORE INTO `sound` (`id`, `name`, `guild_id`, `user_id`, `extension`, `public`) VALUES
(1, '28d', '474935164451946506', '383358222972616705', 'mp3', 1),
(2, 'a', '474935164451946506', '383358222972616705', 'mp3', 1),
(3, 'aaa', '474935164451946506', '383358222972616705', 'mp3', 1),
(4, 'abissi', '474935164451946506', '383358222972616705', 'mp3', 1),
(5, 'abisso', '474935164451946506', '383358222972616705', 'mp3', 1),
(6, 'agonia', '474935164451946506', '383358222972616705', 'mp3', 1),
(7, 'amici', '474935164451946506', '383358222972616705', 'mp3', 1),
(8, 'ancora', '474935164451946506', '383358222972616705', 'mp3', 1),
(9, 'apri', '474935164451946506', '383358222972616705', 'mp3', 1),
(10, 'arcus', '474935164451946506', '383358222972616705', 'mp3', 1),
(11, 'arpione', '474935164451946506', '383358222972616705', 'mp3', 1),
(12, 'bambilly', '474935164451946506', '383358222972616705', 'mp3', 1),
(13, 'basta', '474935164451946506', '383358222972616705', 'mp3', 1),
(14, 'bebel', '474935164451946506', '383358222972616705', 'mp3', 1),
(15, 'bill', '474935164451946506', '383358222972616705', 'opus', 1),
(16, 'bla', '474935164451946506', '383358222972616705', 'mp3', 1),
(17, 'blbl', '474935164451946506', '383358222972616705', 'mp3', 1),
(18, 'ble', '474935164451946506', '383358222972616705', 'mp3', 1),
(19, 'bongo', '474935164451946506', '383358222972616705', 'opus', 1),
(20, 'bosun', '474935164451946506', '383358222972616705', 'opus', 1),
(21, 'butumbele', '474935164451946506', '383358222972616705', 'mp3', 1),
(22, 'chi ha parlato', '474935164451946506', '383358222972616705', 'mp3', 1),
(23, 'chiuu', '474935164451946506', '383358222972616705', 'mp3', 1),
(24, 'choryon', '474935164451946506', '383358222972616705', 'mp3', 1),
(25, 'cigolio', '474935164451946506', '383358222972616705', 'mp3', 1),
(26, 'cioccolata', '474935164451946506', '383358222972616705', 'mp3', 1),
(27, 'citta di', '474935164451946506', '707479292644163604', 'mp3', 0),
(28, 'codem', '474935164451946506', '383358222972616705', 'opus', 1),
(29, 'combo', '474935164451946506', '383358222972616705', 'mp3', 1),
(30, 'eheh', '474935164451946506', '383358222972616705', 'mp3', 1),
(31, 'dep', '474935164451946506', '383358222972616705', 'mp3', 1),
(32, 'diamanti', '474935164451946506', '383358222972616705', 'mp3', 1),
(33, 'dispenser', '474935164451946506', '383358222972616705', 'mp3', 1),
(34, 'dudu', '474935164451946506', '383358222972616705', 'mp3', 1),
(35, 'eee', '474935164451946506', '383358222972616705', 'mp3', 0),
(36, 'eprot', '474935164451946506', '383358222972616705', 'mp3', 1),
(37, 'esattamente', '474935164451946506', '383358222972616705', 'mp3', 1),
(38, 'ez', '474935164451946506', '383358222972616705', 'mp3', 1),
(39, 'faker', '474935164451946506', '383358222972616705', 'mp3', 1),
(40, 'faker 2', '474935164451946506', '383358222972616705', 'mp3', 1),
(41, 'fart', '474935164451946506', '383358222972616705', 'mp3', 1),
(42, 'fart ex', '474935164451946506', '383358222972616705', 'mp3', 1),
(43, 'felice', '474935164451946506', '383358222972616705', 'mp3', 1),
(44, 'fnaf', '474935164451946506', '383358222972616705', 'mp3', 1),
(45, 'foglie', '474935164451946506', '383358222972616705', 'mp3', 1),
(46, 'gasolina', '474935164451946506', '383358222972616705', 'mp3', 1),
(47, 'gg', '474935164451946506', '383358222972616705', 'mp3', 1),
(48, 'gooba', '474935164451946506', '383358222972616705', 'mp3', 1),
(49, 'goofy', '474935164451946506', '383358222972616705', 'mp3', 1),
(50, 'grillo', '474935164451946506', '383358222972616705', 'mp3', 1),
(51, 'hakai', '474935164451946506', '383358222972616705', 'mp3', 1),
(52, 'hasagi', '474935164451946506', '383358222972616705', 'mp3', 1),
(53, 'haserio', '474935164451946506', '383358222972616705', 'mp3', 1),
(54, 'igeton', '474935164451946506', '383358222972616705', 'mp3', 1),
(55, 'il muro', '474935164451946506', '383358222972616705', 'mp3', 1),
(56, 'impara', '474935164451946506', '707479292644163604', 'opus', 0),
(57, 'interogation', '474935164451946506', '383358222972616705', 'mp3', 1),
(58, 'iven', '474935164451946506', '383358222972616705', 'mp3', 1),
(59, 'kaseton', '474935164451946506', '383358222972616705', 'mp3', 1),
(60, 'letto', '474935164451946506', '383358222972616705', 'mp3', 1),
(61, 'mama', '474935164451946506', '383358222972616705', 'mp3', 1),
(62, 'mama2', '474935164451946506', '383358222972616705', 'opus', 1),
(63, 'mama3', '474935164451946506', '383358222972616705', 'opus', 1),
(64, 'marea', '474935164451946506', '383358222972616705', 'mp3', 1),
(65, 'masenko', '474935164451946506', '383358222972616705', 'mp3', 1),
(66, 'merio', '474935164451946506', '383358222972616705', 'mp3', 0),
(67, 'motodirix', '474935164451946506', '383358222972616705', 'mp3', 0),
(68, 'nave', '474935164451946506', '383358222972616705', 'wav', 0),
(69, 'non fai ridere', '474935164451946506', '383358222972616705', 'mp3', 1),
(70, 'notch', '474935164451946506', '383358222972616705', 'mp3', 1),
(71, 'nuova vita', '474935164451946506', '707479292644163604', 'opus', 0),
(72, 'offline', '474935164451946506', '383358222972616705', 'mp3', 1),
(73, 'oggi no', '474935164451946506', '383358222972616705', 'mp3', 0),
(74, 'oggy1', '474935164451946506', '383358222972616705', 'mp3', 0),
(75, 'oggy2', '474935164451946506', '383358222972616705', 'mp3', 0),
(76, 'oggy3', '474935164451946506', '383358222972616705', 'mp3', 0),
(77, 'oggy4', '474935164451946506', '383358222972616705', 'mp3', 1),
(78, 'olio', '474935164451946506', '383358222972616705', 'mp3', 1),
(79, 'ooo', '474935164451946506', '383358222972616705', 'mp3', 1),
(80, 'operativo', '474935164451946506', '383358222972616705', 'mp3', 1),
(81, 'osai', '474935164451946506', '383358222972616705', 'mp3', 0),
(82, 'ossa', '474935164451946506', '383358222972616705', 'mp3', 1),
(83, 'parchetto', '474935164451946506', '383358222972616705', 'opus', 1),
(84, 'pd', '474935164451946506', '383358222972616705', 'mp3', 1),
(85, 'pd2', '474935164451946506', '383358222972616705', 'mp3', 1),
(86, 'perche', '474935164451946506', '383358222972616705', 'mp3', 0),
(87, 'perfezione', '474935164451946506', '383358222972616705', 'mp3', 1),
(88, 'pirati', '474935164451946506', '383358222972616705', 'opus', 0),
(89, 'piru', '474935164451946506', '383358222972616705', 'mp3', 0),
(90, 'pizza time', '474935164451946506', '383358222972616705', 'opus', 1),
(91, 'purupu', '474935164451946506', '383358222972616705', 'mp3', 1),
(92, 'scongiuro', '474935164451946506', '383358222972616705', 'mp3', 1),
(93, 'shhh', '474935164451946506', '383358222972616705', 'mp3', 1),
(94, 'somalisurvey', '474935164451946506', '383358222972616705', 'mp3', 1),
(95, 'sot', '474935164451946506', '383358222972616705', 'opus', 1),
(96, 'spalaglia', '474935164451946506', '383358222972616705', 'opus', 1),
(97, 'swampsong', '474935164451946506', '383358222972616705', 'opus', 0),
(98, 'tigre', '474935164451946506', '383358222972616705', 'mp3', 1),
(99, 'tilt', '474935164451946506', '383358222972616705', 'mp3', 1),
(100, 'tristana', '474935164451946506', '383358222972616705', 'mp3', 1),
(102, 'vecchi', '474935164451946506', '383358222972616705', 'opus', 1),
(103, 'woso', '474935164451946506', '383358222972616705', 'mp3', 1),
(104, 'wukongu', '474935164451946506', '383358222972616705', 'mp3', 1),
(105, 'ye', '474935164451946506', '383358222972616705', 'mp3', 1),
(106, 'ye felice', '474935164451946506', '383358222972616705', 'mp3', 1),
(107, 'ye felice 2', '474935164451946506', '383358222972616705', 'mp3', 1),
(108, 'zeg', '474935164451946506', '383358222972616705', 'mp3', 1),
(109, 'zeg2', '474935164451946506', '383358222972616705', 'mp3', 1),
(110, 'zeg3', '474935164451946506', '383358222972616705', 'mp3', 1),
(111, 'inno', '474935164451946506', '389059345482121227', 'opus', 1),
(112, 'amogus', '474935164451946506', '440489230968553472', 'mp3', 0),
(113, 'bou', '474935164451946506', '440489230968553472', 'mp3', 1),
(114, 'gheros', '474935164451946506', '440489230968553472', 'mp3', 1),
(115, 'hah', '474935164451946506', '440489230968553472', 'mp3', 0),
(116, 'masenko2', '474935164451946506', '440489230968553472', 'mp3', 1),
(117, 'masenko3', '474935164451946506', '440489230968553472', 'mp3', 1),
(118, 'masenko4', '474935164451946506', '440489230968553472', 'mp3', 1),
(119, 'napoli', '474935164451946506', '440489230968553472', 'mp3', 1),
(120, 'nucleare', '474935164451946506', '440489230968553472', 'mp3', 1),
(121, 'nuovavitainsane', '474935164451946506', '440489230968553472', 'mp3', 1),
(122, 'nut', '474935164451946506', '440489230968553472', 'mp3', 0),
(123, 'sbudellin', '608967318789160970', '383358222972616705', 'mp3', 1),
(124, 'frake', '608967318789160970', '383358222972616705', 'mp3', 0),
(125, 'masenko2', '608967318789160970', '383358222972616705', 'mp3', 0),
(126, 'igaso', '676530982169608192', '440489230968553472', 'mp3', 1),
(127, 'annodam', '981936477225242734', '383358222972616705', 'mp3', 1),
(135, 'ancora dai', '876606568412639272', '440489230968553472', 'mp3', 1),
(136, 'giampyasuo', '474935164451946506', '383358222972616705', 'mp3', 1),
(137, 'aaaa', '474935164451946506', '383358222972616705', 'mp3', 1),
(138, 'il sole', '474935164451946506', '383358222972616705', 'mp3', 1),
(139, 'extremeblbl', '474935164451946506', '383358222972616705', 'mp3', 1),
(140, 'gigachad', '474935164451946506', '383358222972616705', 'opus', 1),
(141, 'deh', '474935164451946506', '440489230968553472', 'mp3', 0),
(150, 'il soleggiato', '474935164451946506', '383358222972616705', 'mp3', 1),
(151, 'fart ex 2', '474935164451946506', '383358222972616705', 'mp3', 1),
(152, 'nocturne', '474935164451946506', '383358222972616705', 'mp3', 1),
(153, 'non ce la faccio chiu', '474935164451946506', '383358222972616705', 'mp3', 0),
(154, 'eee', '608967318789160970', '383358222972616705', 'mp3', 1),
(155, 'fart ex 3', '474935164451946506', '383358222972616705', 'mp3', 1),
(156, 'gabbiano', '474935164451946506', '383358222972616705', 'mp3', 0),
(157, 'provaplay', '608967318789160970', '383358222972616705', 'mp3', 0),
(158, 'eee2', '474935164451946506', '383358222972616705', 'mp3', 1),
(159, 'cancello', '474935164451946506', '383358222972616705', 'opus', 1),
(160, 'uomini e polvere', '474935164451946506', '707479292644163604', 'opus', 0),
(161, 'provakeria', '608967318789160970', '383358222972616705', 'mp3', 0),
(162, 'mrbeast', '474935164451946506', '383358222972616705', 'mp3', 1),
(163, 'pipe', '474935164451946506', '440489230968553472', 'mp3', 1),
(164, '5min', '474935164451946506', '352192170503045121', 'mp3', 1),
(165, 'mobarog', '474935164451946506', '383358222972616705', 'mp3', 1),
(166, 'minecreft', '474935164451946506', '440489230968553472', 'mp3', 0),
(167, 'mimimi', '474935164451946506', '291624587278417920', 'mp3', 0),
(168, 'apnea', '474935164451946506', '383358222972616705', 'mp3', 1),
(169, 'temp', '474935164451946506', '383358222972616705', 'mp3', 1),
(170, 'lebron', '474935164451946506', '440489230968553472', 'mp3', 1),
(171, 'demogorgon', '474935164451946506', '383358222972616705', 'opus', 1),
(172, 'buckle', '474935164451946506', '291624587278417920', 'mp3', 0),
(173, 'cough', '474935164451946506', '383358222972616705', 'mp3', 0),
(174, 'panda it', '474935164451946506', '383358222972616705', 'mp3', 1),
(175, 'panda eng', '474935164451946506', '383358222972616705', 'mp3', 1),
(176, 'panda fr', '474935164451946506', '383358222972616705', 'mp3', 1),
(177, 'panda esp', '474935164451946506', '383358222972616705', 'mp3', 1),
(178, 'threshariel', '474935164451946506', '383358222972616705', 'mp3', 1),
(179, 'piripi', '474935164451946506', '383358222972616705', 'mp3', 1),
(181, 'cancer', '474935164451946506', '383358222972616705', 'mp3', 1),
(182, ' merio', '474935164451946506', '383358222972616705', 'mp3', 0),
(184, 'movie', '474935164451946506', '383358222972616705', 'opus', 0),
(185, 'signor bestia', '474935164451946506', '383358222972616705', 'mp3', 1),
(186, 'imperial', '474935164451946506', '383358222972616705', 'opus', 1),
(188, 'provafdewf', '608967318789160970', '383358222972616705', 'mp3', 0),
(189, 'gloria', '474935164451946506', '383358222972616705', 'opus', 1),
(192, 'pantalone', '474935164451946506', '383358222972616705', 'mp3', 1),
(193, 'cough ex', '474935164451946506', '440489230968553472', 'mp3', 1),
(194, 'cough ex 2', '474935164451946506', '383358222972616705', 'mp3', 0),
(195, 'fur cough', '474935164451946506', '440489230968553472', 'mp3', 1),
(196, 'h', '474935164451946506', '383358222972616705', 'mp3', 1),
(197, 'arcus ex', '474935164451946506', '383358222972616705', 'mp3', 1),
(199, 'panta2', '474935164451946506', '440489230968553472', 'mp3', 1),
(200, 'chase', '474935164451946506', '383358222972616705', 'opus', 1),
(201, 'tre in canna', '474935164451946506', '383358222972616705', 'mp3', 1),
(202, 'eightynine', '474935164451946506', '383358222972616705', 'mp3', 1),
(203, 'eitinain', '474935164451946506', '383358222972616705', 'mp3', 1),
(204, '1v9 song', '474935164451946506', '383358222972616705', 'mp3', 1),
(205, 'pantegana', '474935164451946506', '440489230968553472', 'mp3', 1),
(207, 'potremmo', '474935164451946506', '440489230968553472', 'mp3', 1),
(210, 'adolf', '474935164451946506', '440489230968553472', 'mp3', 1),
(211, 'napoli milano', '474935164451946506', '383358222972616705', 'mp3', 1);

-- --------------------------------------------------------

--
-- Struttura della tabella `soundboard`
--

CREATE TABLE `soundboard` (
  `id` smallint(6) NOT NULL,
  `name` varchar(255) NOT NULL,
  `guild_id` varchar(19) NOT NULL
) ENGINE=InnoDB DEFAULT CHARSET=latin1;

--
-- Svuota la tabella prima dell'inserimento `soundboard`
--

TRUNCATE TABLE `soundboard`;
--
-- Dump dei dati per la tabella `soundboard`
--

INSERT IGNORE INTO `soundboard` (`id`, `name`, `guild_id`) VALUES
(2, '2020', '474935164451946506'),
(3, 'Fart', '474935164451946506'),
(4, 'Cough', '474935164451946506'),
(5, 'Masenko', '474935164451946506'),
(6, 'Pantalone', '474935164451946506'),
(7, 'Gskianto', '474935164451946506'),
(9, 't1', '474935164451946506'),
(10, 'Gister', '474935164451946506'),
(14, 'eee', '608967318789160970'),
(15, 'B', '474935164451946506');

-- --------------------------------------------------------

--
-- Struttura della tabella `soundboard_sounds`
--

CREATE TABLE `soundboard_sounds` (
  `id` smallint(6) NOT NULL,
  `sound_id` smallint(6) NOT NULL
) ENGINE=InnoDB DEFAULT CHARSET=latin1;

--
-- Svuota la tabella prima dell'inserimento `soundboard_sounds`
--

TRUNCATE TABLE `soundboard_sounds`;
--
-- Dump dei dati per la tabella `soundboard_sounds`
--

INSERT IGNORE INTO `soundboard_sounds` (`id`, `sound_id`) VALUES
(2, 27),
(2, 56),
(2, 71),
(2, 160),
(3, 41),
(3, 42),
(3, 151),
(3, 155),
(4, 173),
(4, 193),
(4, 194),
(4, 195),
(5, 24),
(5, 52),
(5, 53),
(5, 65),
(5, 81),
(5, 116),
(5, 117),
(5, 136),
(5, 169),
(6, 16),
(6, 30),
(6, 66),
(6, 92),
(6, 179),
(6, 192),
(7, 1),
(7, 23),
(7, 83),
(7, 120),
(7, 153),
(9, 19),
(9, 42),
(9, 95),
(9, 152),
(9, 195),
(10, 39),
(10, 40),
(10, 138),
(10, 150),
(10, 152),
(10, 165),
(10, 168),
(14, 125),
(15, 10),
(15, 17),
(15, 69),
(15, 84),
(15, 85),
(15, 197);

-- --------------------------------------------------------

--
-- Struttura della tabella `summoner`
--

CREATE TABLE `summoner` (
  `user_id` varchar(19) NOT NULL,
  `summoner_id` varchar(255) NOT NULL,
  `account_id` varchar(255) NOT NULL
) ENGINE=InnoDB DEFAULT CHARSET=latin1;

--
-- Svuota la tabella prima dell'inserimento `summoner`
--

TRUNCATE TABLE `summoner`;
--
-- Dump dei dati per la tabella `summoner`
--

INSERT IGNORE INTO `summoner` (`user_id`, `summoner_id`, `account_id`) VALUES
('234670519272734721', 'PxBHtQVV2XxBEnM1A_qcGbvVATtPImLd7YzuFfjQ8_SVUfs', 'T4A0HGaXp19tVImNQow0ZnQyDiNqDvbHAXvav9jSnQZaoKA'),
('291624587278417920', 'Uh2Y3ZzrLSqijsDII8hTQFWRIDT5vsejInAlKUcW9rt-un4', 'YfNvKQS-iHLY6SGtY-YwhAiihfET-SbZb0r5HOyHGpJf6fo'),
('335796793331810305', '8JMGM3OiuPQGx6AO8veGAcGHElyZx3xJ0gG8dBp1YAv6HJNQ', 'P0DQYzv94ju3sCUCAFqPLyTUTTrHF5D121wyydwL1OPA9ggcjptC6Hex'),
('345307975788920842', 'SD1GA-6YHVWoM2cPXRegqX50eVgagCfkgbrJGI-WFQbj_zJP', 'YuCOFjgmtnT1Q-jEiD9k0oMV_idA5orqtbMTv6JO8UYfbMmCfqahFygj'),
('377865882040401920', 'wJn250eubWftJ4lGy5lGYpHtEKw1UHdqSgHPph8QCAjq12bX', 'iuQZNQf7qjKWEQDfWj4HWyJVbrmHfQiMoJ8z0mxKfjpIY-g'),
('383358222972616705', 'T4GXKcp1UmglLGh7tuLVGQB5AYc4HuSN8MSA_TrVDXgrbU_IoQ0L7Gq7Ig', 'Q3Ban_aDhdA1W4-d_V7bRdxrDIMkccmGcneLscVMdJ2ETk70e86qPN0p'),
('383358222972616705', 'wxo_wA0MliArE_YUWHCZViy4hEvWSVDIQEeoNJktOWhYe5X-', 'UmRf1jAsBKfWy3dN0hn_7lqaxtGrXtySZRz8hVohAQzLtpPEB50SFvcc'),
('389059345482121227', 'Cx8gc2wP8dGR6UMMxWOSFRYaAQFI3jWRemQ5BU4k0bRT2rrB', 'jw_zEeYLXRRxc8Fv3lfam8JUqu366921K8pn1BdX7Yx68_0'),
('389059345482121227', 'uD29tXcFndrzea-m_URovhgYB4n-JsH4VfXiZzRoSx0fG0I', 'Pem2QCu9Qhi03F9rF3evXb9JDh8GuOrh43TRfP3F3BmTSOeRmVO5Um_Y'),
('417393832020148226', 'wwqCBxaVRIcDkrhZjLKGoBDfXCQJmYTXsDm5qTegWtcMmXvU', 'gnUDd3QpgRAUqfA0d8D9eOERSnmN_io7XUangY38t9aWDm1w2ZyOGIsK'),
('431324611968368652', 'zKJs7LGgrUW0G5OUgXz-41V2GVcDJHaCkZADv8Uopq1pSB-1', 'zKzeTph3Ldn-wW-Reyzjwu8FO5hiUAC6YCOGJHt9aC2ibMqjey5OaIAe'),
('440489230968553472', 'sncOrbEQqj9JK2nHpCK42bdnZ8ebijd5tb8RqAtLMY6sCX6_', 'c6A67zEH2Om053_NpBD-HXmHMPCD_fDo0KeJyWQ8kWclwJrk7MqRviVx'),
('608661176498389011', '8oFvPHmFd27Vdf_zExvZCEBHPtAIU1kQKkc-sJ8ooOD0kufrF-kY24PP0w', 'tx6wiiJTsIadWBWgPtN8lUswbTe9NHrpGpOQv6jAaFlWyCGsBfIQljFY'),
('608661176498389011', 'anRRiGRL0pNqkqana1qD5ra3S0tUqqBqqliR5dAIJu0d46Xs', '_AS9O2Mq-3S72AWYIJXXyl6cm4rXMyOBAGUNZAU1WrVF0xLNlL6mI02G'),
('707479292644163604', '8MUplsrk74GD-BqNXXXPNrp_PU00Cah2aW00BkZTDrY3cO08', 'tLEoVM0iRaWzqFPtrLNHk0bCc8PsEnAY374PP5BzcBNl5fljIMtqC_yh'),
('756251154928631848', '5PdWwafrQwX_CKX_EAcrKjZ57k2bCWnpn_t1arkET8qtZAr7Y028k7noRA', 'AWRQ0KO0lcl_aT9JiquqwAsmq-uOFvUzFMPdXLr0rtZYzK2DB8xo1J7o'),
('930887271618609173', 'uuYgdobAMZnAFPEn9WFKbxozijTcLIIOwqgdsLGH2f5hv-jOlYSLytxZYg', 'Q79oy_Rn4nmSwbRZCYc4aYHQSKgLFwuP4LACudlsG92Hq79DbDhatc_h'),
('938487470339801169', 'jVYLzDFqjP2edMsy6cbZT8vok8dPXsJdztJuCu_3H31b3m2q', 'Fk5iXW5kdEGD5fw8OPOe7ZdarlzzqRe3HFcKrlWLkZxzeqngm6rUaPZP');

--
-- Indici per le tabelle scaricate
--

--
-- Indici per le tabelle `alert`
--
ALTER TABLE `alert`
  ADD PRIMARY KEY (`guild_id`,`bot_id`),
  ADD KEY `alert_bot_relation` (`bot_id`);

--
-- Indici per le tabelle `blacklist`
--
ALTER TABLE `blacklist`
  ADD PRIMARY KEY (`user_id`,`guild_id`),
  ADD KEY `blacklist_guild_relation` (`guild_id`);

--
-- Indici per le tabelle `bots`
--
ALTER TABLE `bots`
  ADD PRIMARY KEY (`id`);

--
-- Indici per le tabelle `command`
--
ALTER TABLE `command`
  ADD PRIMARY KEY (`time`,`name`),
  ADD KEY `command_bot_relation` (`bot_id`),
  ADD KEY `command_guild_relation` (`guild_id`);

--
-- Indici per le tabelle `experience`
--
ALTER TABLE `experience`
  ADD PRIMARY KEY (`user_id`,`guild_id`),
  ADD KEY `experience_guild_relation` (`guild_id`);

--
-- Indici per le tabelle `greeting`
--
ALTER TABLE `greeting`
  ADD PRIMARY KEY (`user_id`,`guild_id`,`bot_id`),
  ADD KEY `greeting_relation_1` (`sound_id`),
  ADD KEY `greeting_bot_relation` (`bot_id`),
  ADD KEY `greeting_guild_relation` (`guild_id`);

--
-- Indici per le tabelle `guild`
--
ALTER TABLE `guild`
  ADD PRIMARY KEY (`guild_id`,`bot_id`),
  ADD KEY `bot` (`bot_id`);

--
-- Indici per le tabelle `guilds`
--
ALTER TABLE `guilds`
  ADD PRIMARY KEY (`id`);

--
-- Indici per le tabelle `play`
--
ALTER TABLE `play`
  ADD PRIMARY KEY (`user_id`,`sound_id`),
  ADD KEY `play_sound_relation` (`sound_id`);

--
-- Indici per le tabelle `reward`
--
ALTER TABLE `reward`
  ADD PRIMARY KEY (`guild_id`,`role_id`);

--
-- Indici per le tabelle `room`
--
ALTER TABLE `room`
  ADD PRIMARY KEY (`guild_id`,`room_id`);

--
-- Indici per le tabelle `sound`
--
ALTER TABLE `sound`
  ADD PRIMARY KEY (`id`),
  ADD KEY `sound_guild_relation` (`guild_id`);

--
-- Indici per le tabelle `soundboard`
--
ALTER TABLE `soundboard`
  ADD PRIMARY KEY (`id`),
  ADD KEY `soundboard_guild_relation` (`guild_id`);

--
-- Indici per le tabelle `soundboard_sounds`
--
ALTER TABLE `soundboard_sounds`
  ADD PRIMARY KEY (`id`,`sound_id`),
  ADD KEY `soundboard_list_relation_2` (`sound_id`);

--
-- Indici per le tabelle `summoner`
--
ALTER TABLE `summoner`
  ADD PRIMARY KEY (`user_id`,`summoner_id`);

--
-- AUTO_INCREMENT per le tabelle scaricate
--

--
-- AUTO_INCREMENT per la tabella `sound`
--
ALTER TABLE `sound`
  MODIFY `id` smallint(6) NOT NULL AUTO_INCREMENT, AUTO_INCREMENT=214;

--
-- AUTO_INCREMENT per la tabella `soundboard`
--
ALTER TABLE `soundboard`
  MODIFY `id` smallint(6) NOT NULL AUTO_INCREMENT, AUTO_INCREMENT=16;

--
-- Limiti per le tabelle scaricate
--

--
-- Limiti per la tabella `alert`
--
ALTER TABLE `alert`
  ADD CONSTRAINT `alert_bot_relation` FOREIGN KEY (`bot_id`) REFERENCES `bots` (`id`) ON DELETE CASCADE ON UPDATE CASCADE,
  ADD CONSTRAINT `alert_guild_relation` FOREIGN KEY (`guild_id`) REFERENCES `guilds` (`id`) ON DELETE CASCADE ON UPDATE CASCADE;

--
-- Limiti per la tabella `blacklist`
--
ALTER TABLE `blacklist`
  ADD CONSTRAINT `blacklist_guild_relation` FOREIGN KEY (`guild_id`) REFERENCES `guilds` (`id`) ON DELETE CASCADE ON UPDATE CASCADE;

--
-- Limiti per la tabella `command`
--
ALTER TABLE `command`
  ADD CONSTRAINT `command_bot_relation` FOREIGN KEY (`bot_id`) REFERENCES `bots` (`id`) ON DELETE CASCADE ON UPDATE CASCADE,
  ADD CONSTRAINT `command_guild_relation` FOREIGN KEY (`guild_id`) REFERENCES `guilds` (`id`) ON DELETE CASCADE ON UPDATE CASCADE;

--
-- Limiti per la tabella `experience`
--
ALTER TABLE `experience`
  ADD CONSTRAINT `experience_guild_relation` FOREIGN KEY (`guild_id`) REFERENCES `guilds` (`id`) ON DELETE CASCADE ON UPDATE CASCADE;

--
-- Limiti per la tabella `greeting`
--
ALTER TABLE `greeting`
  ADD CONSTRAINT `greeting_bot_relation` FOREIGN KEY (`bot_id`) REFERENCES `bots` (`id`) ON DELETE CASCADE ON UPDATE CASCADE,
  ADD CONSTRAINT `greeting_guild_relation` FOREIGN KEY (`guild_id`) REFERENCES `guilds` (`id`) ON DELETE CASCADE ON UPDATE CASCADE;

--
-- Limiti per la tabella `guild`
--
ALTER TABLE `guild`
  ADD CONSTRAINT `bot` FOREIGN KEY (`bot_id`) REFERENCES `bots` (`id`) ON DELETE CASCADE ON UPDATE CASCADE,
  ADD CONSTRAINT `guild` FOREIGN KEY (`guild_id`) REFERENCES `guilds` (`id`) ON DELETE CASCADE ON UPDATE CASCADE;

--
-- Limiti per la tabella `play`
--
ALTER TABLE `play`
  ADD CONSTRAINT `play_sound_relation` FOREIGN KEY (`sound_id`) REFERENCES `sound` (`id`) ON DELETE CASCADE ON UPDATE CASCADE;

--
-- Limiti per la tabella `reward`
--
ALTER TABLE `reward`
  ADD CONSTRAINT `reward_guild_relation` FOREIGN KEY (`guild_id`) REFERENCES `guilds` (`id`) ON DELETE CASCADE ON UPDATE CASCADE;

--
-- Limiti per la tabella `room`
--
ALTER TABLE `room`
  ADD CONSTRAINT `room_guild_relation` FOREIGN KEY (`guild_id`) REFERENCES `guilds` (`id`) ON DELETE CASCADE ON UPDATE CASCADE;

--
-- Limiti per la tabella `sound`
--
ALTER TABLE `sound`
  ADD CONSTRAINT `sound_guild_relation` FOREIGN KEY (`guild_id`) REFERENCES `guilds` (`id`) ON DELETE CASCADE ON UPDATE CASCADE;

--
-- Limiti per la tabella `soundboard`
--
ALTER TABLE `soundboard`
  ADD CONSTRAINT `soundboard_guild_relation` FOREIGN KEY (`guild_id`) REFERENCES `guilds` (`id`) ON DELETE CASCADE ON UPDATE CASCADE;

--
-- Limiti per la tabella `soundboard_sounds`
--
ALTER TABLE `soundboard_sounds`
  ADD CONSTRAINT `soundboard_sounds__sound_relation` FOREIGN KEY (`sound_id`) REFERENCES `sound` (`id`) ON DELETE CASCADE ON UPDATE CASCADE,
  ADD CONSTRAINT `soundboard_sounds_soundboard_relation` FOREIGN KEY (`id`) REFERENCES `soundboard` (`id`) ON DELETE CASCADE ON UPDATE CASCADE;
COMMIT;

/*!40101 SET CHARACTER_SET_CLIENT=@OLD_CHARACTER_SET_CLIENT */;
/*!40101 SET CHARACTER_SET_RESULTS=@OLD_CHARACTER_SET_RESULTS */;
/*!40101 SET COLLATION_CONNECTION=@OLD_COLLATION_CONNECTION */;
